{"type":"FeatureCollection","features":[{"type":"Feature","properties":{"id":0,"name":"Rock 0","size":2.35,"time":"2024-01-14T16:39:31Z"},"geometry":{"type":"Point","coordinates":[-122.162188,37.516263]}},{"type":"Feature","properties":{"id":1,"name":"Rock 1","size":0.55,"time":"2024-01-03T22:26:55Z"},"geometry":{"type":"Point","coordinates":[-122.316759,37.878932]}},{"type":"Feature","properties":{"id":2,"name":"Rock 2","size":2.38,"time":"2024-01-09T02:53:10Z"},"geometry":{"type":"Point","coordinates":[-122.274418,37.865423]}},{"type":"Feature","properties":{"id":3,"name":"Rock 3","size":0.7,"time":"2024-01-04T15:55:23Z"},"geometry":{"type":"Point","coordinates":[-122.174944,37.441117]}},{"type":"Feature","properties":{"id":4,"name":"Rock 4","size":3.38,"time":"2024-01-07T03:26:21Z"},"geometry":{"type":"Point","coordinates":[-122.155778,37.455188]}},{"type":"Feature","properties":{"id":5,"name":"Rock 5","size":0.64,"time":"2024-01-01T22:13:04Z"},"geometry":{"type":"Point","coordinates":[-122.263446,37.852867]}},{"type":"Feature","properties":{"id":6,"name":"Rock 6","size":1.48,"time":"2024-01-13T20:48:36Z"},"geometry":{"type":"Point","coordinates":[-122.155657,37.435685]}},{"type":"Feature","properties":{"id":7,"name":"Rock 7","size":5.75,"time":"2024-01-01T17:59:17Z"},"geometry":{"type":"Point","coordinates":[-122.339893,37.665357]}},{"type":"Feature","properties":{"id":8,"name":"Rock 8","size":2.85,"time":"2024-01-13T20:37:29Z"},"geometry":{"type":"Point","coordinates":[-122.269337,37.663958]}},{"type":"Feature","properties":{"id":9,"name":"Rock 9","size":1.72,"time":"2024-01-07T03:53:31Z"},"geometry":{"type":"Point","coordinates":[-122.27366,37.601772]}},{"type":"Feature","properties":{"id":10,"name":"Rock 10","size":1.34,"time":"2024-01-04T02:54:23Z"},"geometry":{"type":"Point","coordinates":[-122.195085,37.453403]}},{"type":"Feature","properties":{"id":11,"name":"Rock 11","size":2.21,"time":"2024-01-03T06:47:43Z"},"geometry":{"type":"Point","coordinates":[-122.430521,37.77497]}},{"type":"Feature","properties":{"id":12,"name":"Rock 12","size":1.99,"time":"2024-01-10T22:35:45Z"},"geometry":{"type":"Point","coordinates":[-122.422346,37.766065]}},{"type":"Feature","properties":{"id":13,"name":"Rock 13","size":6.56,"time":"2024-01-04T11:26:05Z"},"geometry":{"type":"Point","coordinates":[-122.420522,37.827449]}},{"type":"Feature","properties":{"id":14,"name":"Rock 14","size":0.51,"time":"2024-01-17T12:36:52Z"},"geometry":{"type":"Point","coordinates":[-122.447672,37.796948]}},{"type":"Feature","properties":{"id":15,"name":"Rock 15","size":3.47,"time":"2024-01-06T11:00:24Z"},"geometry":{"type":"Point","coordinates":[-122.283842,37.630657]}},{"type":"Feature","properties":{"id":16,"name":"Rock 16","size":0.93,"time":"2024-01-08T06:56:39Z"},"geometry":{"type":"Point","coordinates":[-122.263607,37.566621]}},{"type":"Feature","properties":{"id":17,"name":"Rock 17","size":1.35,"time":"2024-01-02T10:57:19Z"},"geometry":{"type":"Point","coordinates":[-122.421268,37.816167]}},{"type":"Feature","properties":{"id":18,"name":"Rock 18","size":2.48,"time":"2024-01-17T22:57:10Z"},"geometry":{"type":"Point","coordinates":[-122.44656,37.787126]}},{"type":"Feature","properties":{"id":19,"name":"Rock 19","size":0.79,"time":"2024-01-16T02:12:59Z"},"geometry":{"type":"Point","coordinates":[-122.276169,37.870329]}},{"type":"Feature","properties":{"id":20,"name":"Rock 20","size":2.91,"time":"2024-01-17T13:27:42Z"},"geometry":{"type":"Point","coordinates":[-122.429257,37.802651]}},{"type":"Feature","properties":{"id":21,"name":"Rock 21","size":7.09,"time":"2024-01-11T19:01:27Z"},"geometry":{"type":"Point","coordinates":[-122.177277,37.482427]}},{"type":"Feature","properties":{"id":22,"name":"Rock 22","size":1.28,"time":"2024-01-13T04:30:45Z"},"geometry":{"type":"Point","coordinates":[-122.146017,37.477754]}},{"type":"Feature","properties":{"id":23,"name":"Rock 23","size":1.28,"time":"2024-01-01T20:43:09Z"},"geometry":{"type":"Point","coordinates":[-122.397579,37.784767]}},{"type":"Feature","properties":{"id":24,"name":"Rock 24","size":11.21,"time":"2024-01-01T06:41:48Z"},"geometry":{"type":"Point","coordinates":[-122.267453,37.878113]}},{"type":"Feature","properties":{"id":25,"name":"Rock 25","size":1.19,"time":"2024-01-03T13:19:59Z"},"geometry":{"type":"Point","coordinates":[-122.318948,37.565921]}},{"type":"Feature","properties":{"id":26,"name":"Rock 26","size":1.78,"time":"2024-01-05T12:12:17Z"},"geometry":{"type":"Point","coordinates":[-122.45817,37.799269]}},{"type":"Feature","properties":{"id":27,"name":"Rock 27","size":1.12,"time":"2024-01-13T20:32:35Z"},"geometry":{"type":"Point","coordinates":[-122.441831,37.782874]}},{"type":"Feature","properties":{"id":28,"name":"Rock 28","size":0.93,"time":"2024-01-18T11:15:42Z"},"geometry":{"type":"Point","coordinates":[-122.192974,37.484713]}},{"type":"Feature","properties":{"id":29,"name":"Rock 29","size":1.74,"time":"2024-01-14T00:05:40Z"},"geometry":{"type":"Point","coordinates":[-122.456017,37.76543]}},{"type":"Feature","properties":{"id":30,"name":"Rock 30","size":6.46,"time":"2024-01-15T13:47:07Z"},"geometry":{"type":"Point","coordinates":[-122.272595,37.864075]}},{"type":"Feature","properties":{"id":31,"name":"Rock 31","size":4.8,"time":"2024-01-04T11:48:38Z"},"geometry":{"type":"Point","coordinates":[-122.421853,37.787628]}},{"type":"Feature","properties":{"id":32,"name":"Rock 32","size":4.38,"time":"2024-01-12T22:21:41Z"},"geometry":{"type":"Point","coordinates":[-122.157476,37.41882]}},{"type":"Feature","properties":{"id":33,"name":"Rock 33","size":4.8,"time":"2024-01-01T21:09:00Z"},"geometry":{"type":"Point","coordinates":[-122.288649,37.874997]}},{"type":"Feature","properties":{"id":34,"name":"Rock 34","size":2.89,"time":"2024-01-10T09:41:51Z"},"geometry":{"type":"Point","coordinates":[-122.137785,37.463285]}},{"type":"Feature","properties":{"id":35,"name":"Rock 35","size":4.66,"time":"2024-01-15T22:15:22Z"},"geometry":{"type":"Point","coordinates":[-122.457374,37.798288]}},{"type":"Feature","properties":{"id":36,"name":"Rock 36","size":3.8,"time":"2024-01-12T16:25:15Z"},"geometry":{"type":"Point","coordinates":[-122.318859,37.549348]}},{"type":"Feature","properties":{"id":37,"name":"Rock 37","size":0.74,"time":"2024-01-04T00:41:28Z"},"geometry":{"type":"Point","coordinates":[-122.123548,37.451397]}},{"type":"Feature","properties":{"id":38,"name":"Rock 38","size":2.93,"time":"2024-01-15T11:09:16Z"},"geometry":{"type":"Point","coordinates":[-122.252827,37.590251]}},{"type":"Feature","properties":{"id":39,"name":"Rock 39","size":1.44,"time":"2024-01-07T01:27:55Z"},"geometry":{"type":"Point","coordinates":[-122.123186,37.450656]}},{"type":"Feature","properties":{"id":40,"name":"Rock 40","size":3.35,"time":"2024-01-08T17:54:20Z"},"geometry":{"type":"Point","coordinates":[-122.159232,37.447267]}},{"type":"Feature","properties":{"id":41,"name":"Rock 41","size":3.22,"time":"2024-01-08T18:14:04Z"},"geometry":{"type":"Point","coordinates":[-122.170342,37.42769]}},{"type":"Feature","properties":{"id":42,"name":"Rock 42","size":1.78,"time":"2024-01-12T18:40:41Z"},"geometry":{"type":"Point","coordinates":[-122.25289,37.5145]}},{"type":"Feature","properties":{"id":43,"name":"Rock 43","size":0.64,"time":"2024-01-01T06:11:44Z"},"geometry":{"type":"Point","coordinates":[-122.204105,37.500712]}},{"type":"Feature","properties":{"id":44,"name":"Rock 44","size":6.3,"time":"2024-01-04T13:28:29Z"},"geometry":{"type":"Point","coordinates":[-122.265271,37.873723]}},{"type":"Feature","properties":{"id":45,"name":"Rock 45","size":4.09,"time":"2024-01-01T18:34:24Z"},"geometry":{"type":"Point","coordinates":[-122.18625,37.414393]}},{"type":"Feature","properties":{"id":46,"name":"Rock 46","size":3.04,"time":"2024-01-05T07:27:54Z"},"geometry":{"type":"Point","coordinates":[-122.279364,37.866896]}},{"type":"Feature","properties":{"id":47,"name":"Rock 47","size":4.01,"time":"2024-01-08T09:37:18Z"},"geometry":{"type":"Point","coordinates":[-122.425539,37.770863]}},{"type":"Feature","properties":{"id":48,"name":"Rock 48","size":0.68,"time":"2024-01-07T17:38:29Z"},"geometry":{"type":"Point","coordinates":[-122.453831,37.76921]}},{"type":"Feature","properties":{"id":49,"name":"Rock 49","size":2.88,"time":"2024-01-02T07:01:00Z"},"geometry":{"type":"Point","coordinates":[-122.219505,37.417338]}},{"type":"Feature","properties":{"id":50,"name":"Rock 50","size":1.34,"time":"2024-01-19T18:29:16Z"},"geometry":{"type":"Point","coordinates":[-122.203497,37.447644]}},{"type":"Feature","properties":{"id":51,"name":"Rock 51","size":2.59,"time":"2024-01-01T22:31:05Z"},"geometry":{"type":"Point","coordinates":[-122.282472,37.666248]}},{"type":"Feature","properties":{"id":52,"name":"Rock 52","size":4.46,"time":"2024-01-04T10:03:24Z"},"geometry":{"type":"Point","coordinates":[-122.395553,37.780519]}},{"type":"Feature","properties":{"id":53,"name":"Rock 53","size":2.09,"time":"2024-01-12T22:36:40Z"},"geometry":{"type":"Point","coordinates":[-122.428874,37.761633]}},{"type":"Feature","properties":{"id":54,"name":"Rock 54","size":2.47,"time":"2024-01-10T17:15:36Z"},"geometry":{"type":"Point","coordinates":[-122.220577,37.541918]}},{"type":"Feature","properties":{"id":55,"name":"Rock 55","size":2.15,"time":"2024-01-08T21:07:02Z"},"geometry":{"type":"Point","coordinates":[-122.263573,37.879027]}},{"type":"Feature","properties":{"id":56,"name":"Rock 56","size":3.37,"time":"2024-01-09T22:09:45Z"},"geometry":{"type":"Point","coordinates":[-122.164538,37.442539]}},{"type":"Feature","properties":{"id":57,"name":"Rock 57","size":2.64,"time":"2024-01-02T20:43:39Z"},"geometry":{"type":"Point","coordinates":[-122.429895,37.820616]}},{"type":"Feature","properties":{"id":58,"name":"Rock 58","size":4.56,"time":"2024-01-15T04:00:41Z"},"geometry":{"type":"Point","coordinates":[-122.28649,37.860291]}},{"type":"Feature","properties":{"id":59,"name":"Rock 59","size":1.39,"time":"2024-01-07T06:06:53Z"},"geometry":{"type":"Point","coordinates":[-122.424381,37.770273]}},{"type":"Feature","properties":{"id":60,"name":"Rock 60","size":4.66,"time":"2024-01-19T13:19:22Z"},"geometry":{"type":"Point","coordinates":[-122.27595,37.878318]}},{"type":"Feature","properties":{"id":61,"name":"Rock 61","size":1.24,"time":"2024-01-07T21:08:59Z"},"geometry":{"type":"Point","coordinates":[-122.349379,37.587035]}},{"type":"Feature","properties":{"id":62,"name":"Rock 62","size":6.79,"time":"2024-01-17T01:45:18Z"},"geometry":{"type":"Point","coordinates":[-122.39539,37.780895]}},{"type":"Feature","properties":{"id":63,"name":"Rock 63","size":5.17,"time":"2024-01-05T17:45:34Z"},"geometry":{"type":"Point","coordinates":[-122.346598,37.642463]}},{"type":"Feature","properties":{"id":64,"name":"Rock 64","size":4.27,"time":"2024-01-05T07:53:06Z"},"geometry":{"type":"Point","coordinates":[-122.292425,37.617322]}},{"type":"Feature","properties":{"id":65,"name":"Rock 65","size":3.34,"time":"2024-01-12T22:19:02Z"},"geometry":{"type":"Point","coordinates":[-122.391247,37.790662]}},{"type":"Feature","properties":{"id":66,"name":"Rock 66","size":3.74,"time":"2024-01-06T23:14:47Z"},"geometry":{"type":"Point","coordinates":[-122.106939,37.457855]}},{"type":"Feature","properties":{"id":67,"name":"Rock 67","size":2.55,"time":"2024-01-19T02:22:05Z"},"geometry":{"type":"Point","coordinates":[-122.406592,37.799051]}},{"type":"Feature","properties":{"id":68,"name":"Rock 68","size":1.94,"time":"2024-01-02T20:20:16Z"},"geometry":{"type":"Point","coordinates":[-122.29569,37.6037]}},{"type":"Feature","properties":{"id":69,"name":"Rock 69","size":3.05,"time":"2024-01-09T09:18:44Z"},"geometry":{"type":"Point","coordinates":[-122.439158,37.788201]}},{"type":"Feature","properties":{"id":70,"name":"Rock 70","size":1.48,"time":"2024-01-15T23:22:50Z"},"geometry":{"type":"Point","coordinates":[-122.40163,37.802057]}},{"type":"Feature","properties":{"id":71,"name":"Rock 71","size":1.37,"time":"2024-01-16T17:25:25Z"},"geometry":{"type":"Point","coordinates":[-122.142583,37.457253]}},{"type":"Feature","properties":{"id":72,"name":"Rock 72","size":4.47,"time":"2024-01-15T02:43:57Z"},"geometry":{"type":"Point","coordinates":[-122.175919,37.4305]}},{"type":"Feature","properties":{"id":73,"name":"Rock 73","size":2.39,"time":"2024-01-14T08:52:11Z"},"geometry":{"type":"Point","coordinates":[-122.115783,37.427165]}},{"type":"Feature","properties":{"id":74,"name":"Rock 74","size":8.56,"time":"2024-01-09T21:36:46Z"},"geometry":{"type":"Point","coordinates":[-122.430153,37.796631]}},{"type":"Feature","properties":{"id":75,"name":"Rock 75","size":1.33,"time":"2024-01-09T11:12:18Z"},"geometry":{"type":"Point","coordinates":[-122.394327,37.795603]}},{"type":"Feature","properties":{"id":76,"name":"Rock 76","size":2.39,"time":"2024-01-10T02:45:58Z"},"geometry":{"type":"Point","coordinates":[-122.396757,37.778761]}},{"type":"Feature","properties":{"id":77,"name":"Rock 77","size":0.93,"time":"2024-01-11T05:00:14Z"},"geometry":{"type":"Point","coordinates":[-122.267878,37.874446]}},{"type":"Feature","properties":{"id":78,"name":"Rock 78","size":3.06,"time":"2024-01-10T23:17:28Z"},"geometry":{"type":"Point","coordinates":[-122.127553,37.43855]}},{"type":"Feature","properties":{"id":79,"name":"Rock 79","size":2.81,"time":"2024-01-17T17:04:11Z"},"geometry":{"type":"Point","coordinates":[-122.204234,37.450924]}},{"type":"Feature","properties":{"id":80,"name":"Rock 80","size":6.59,"time":"2024-01-17T00:18:20Z"},"geometry":{"type":"Point","coordinates":[-122.329337,37.686884]}},{"type":"Feature","properties":{"id":81,"name":"Rock 81","size":2.64,"time":"2024-01-19T13:59:38Z"},"geometry":{"type":"Point","coordinates":[-122.260459,37.857955]}},{"type":"Feature","properties":{"id":82,"name":"Rock 82","size":0.6,"time":"2024-01-16T10:07:07Z"},"geometry":{"type":"Point","coordinates":[-122.265702,37.864056]}},{"type":"Feature","properties":{"id":83,"name":"Rock 83","size":4.94,"time":"2024-01-19T07:03:47Z"},"geometry":{"type":"Point","coordinates":[-122.207564,37.677977]}},{"type":"Feature","properties":{"id":84,"name":"Rock 84","size":0.72,"time":"2024-01-04T19:17:58Z"},"geometry":{"type":"Point","coordinates":[-122.140703,37.466941]}},{"type":"Feature","properties":{"id":85,"name":"Rock 85","size":2.64,"time":"2024-01-06T15:38:10Z"},"geometry":{"type":"Point","coordinates":[-122.263212,37.88132]}},{"type":"Feature","properties":{"id":86,"name":"Rock 86","size":3.4,"time":"2024-01-06T16:44:34Z"},"geometry":{"type":"Point","coordinates":[-122.29822,37.848933]}},{"type":"Feature","properties":{"id":87,"name":"Rock 87","size":2.71,"time":"2024-01-01T18:56:42Z"},"geometry":{"type":"Point","coordinates":[-122.288822,37.88028]}},{"type":"Feature","properties":{"id":88,"name":"Rock 88","size":7.23,"time":"2024-01-02T15:52:09Z"},"geometry":{"type":"Point","coordinates":[-122.431288,37.794342]}},{"type":"Feature","properties":{"id":89,"name":"Rock 89","size":1.34,"time":"2024-01-13T22:42:35Z"},"geometry":{"type":"Point","coordinates":[-122.279199,37.563463]}},{"type":"Feature","properties":{"id":90,"name":"Rock 90","size":0.87,"time":"2024-01-13T14:29:49Z"},"geometry":{"type":"Point","coordinates":[-122.417476,37.779431]}},{"type":"Feature","properties":{"id":91,"name":"Rock 91","size":0.62,"time":"2024-01-06T18:06:19Z"},"geometry":{"type":"Point","coordinates":[-122.404683,37.774323]}},{"type":"Feature","properties":{"id":92,"name":"Rock 92","size":2.83,"time":"2024-01-08T07:49:59Z"},"geometry":{"type":"Point","coordinates":[-122.192361,37.444726]}},{"type":"Feature","properties":{"id":93,"name":"Rock 93","size":1.47,"time":"2024-01-19T02:56:22Z"},"geometry":{"type":"Point","coordinates":[-122.350214,37.707692]}},{"type":"Feature","properties":{"id":94,"name":"Rock 94","size":1.54,"time":"2024-01-03T06:18:12Z"},"geometry":{"type":"Point","coordinates":[-122.422406,37.807977]}},{"type":"Feature","properties":{"id":95,"name":"Rock 95","size":1.28,"time":"2024-01-11T09:57:34Z"},"geometry":{"type":"Point","coordinates":[-122.134647,37.43448]}},{"type":"Feature","properties":{"id":96,"name":"Rock 96","size":1.62,"time":"2024-01-16T05:38:55Z"},"geometry":{"type":"Point","coordinates":[-122.166767,37.397692]}},{"type":"Feature","properties":{"id":97,"name":"Rock 97","size":1.77,"time":"2024-01-06T19:10:59Z"},"geometry":{"type":"Point","coordinates":[-122.289204,37.87607]}},{"type":"Feature","properties":{"id":98,"name":"Rock 98","size":0.74,"time":"2024-01-19T19:26:34Z"},"geometry":{"type":"Point","coordinates":[-122.190762,37.433293]}},{"type":"Feature","properties":{"id":99,"name":"Rock 99","size":0.92,"time":"2024-01-15T15:28:51Z"},"geometry":{"type":"Point","coordinates":[-122.144654,37.427486]}},{"type":"Feature","properties":{"id":100,"name":"Rock 100","size":1.37,"time":"2024-01-02T16:11:13Z"},"geometry":{"type":"Point","coordinates":[-122.390069,37.776387]}},{"type":"Feature","properties":{"id":101,"name":"Rock 101","size":4.37,"time":"2024-01-18T04:10:32Z"},"geometry":{"type":"Point","coordinates":[-122.265794,37.873816]}},{"type":"Feature","properties":{"id":102,"name":"Rock 102","size":1.97,"time":"2024-01-13T09:04:48Z"},"geometry":{"type":"Point","coordinates":[-122.180778,37.463931]}},{"type":"Feature","properties":{"id":103,"name":"Rock 103","size":1.27,"time":"2024-01-17T15:55:10Z"},"geometry":{"type":"Point","coordinates":[-122.443484,37.795405]}},{"type":"Feature","properties":{"id":104,"name":"Rock 104","size":4.69,"time":"2024-01-13T18:33:09Z"},"geometry":{"type":"Point","coordinates":[-122.186628,37.488461]}},{"type":"Feature","properties":{"id":105,"name":"Rock 105","size":2.37,"time":"2024-01-01T08:04:45Z"},"geometry":{"type":"Point","coordinates":[-122.267911,37.885173]}},{"type":"Feature","properties":{"id":106,"name":"Rock 106","size":3.12,"time":"2024-01-13T13:17:09Z"},"geometry":{"type":"Point","coordinates":[-122.250497,37.606653]}},{"type":"Feature","properties":{"id":107,"name":"Rock 107","size":3.28,"time":"2024-01-06T06:54:23Z"},"geometry":{"type":"Point","coordinates":[-122.429904,37.776413]}},{"type":"Feature","properties":{"id":108,"name":"Rock 108","size":1,"time":"2024-01-16T12:10:25Z"},"geometry":{"type":"Point","coordinates":[-122.420827,37.769293]}},{"type":"Feature","properties":{"id":109,"name":"Rock 109","size":1.17,"time":"2024-01-12T02:59:58Z"},"geometry":{"type":"Point","coordinates":[-122.410927,37.776042]}},{"type":"Feature","properties":{"id":110,"name":"Rock 110","size":6.64,"time":"2024-01-10T08:57:16Z"},"geometry":{"type":"Point","coordinates":[-122.429705,37.76577]}},{"type":"Feature","properties":{"id":111,"name":"Rock 111","size":0.99,"time":"2024-01-09T23:09:39Z"},"geometry":{"type":"Point","coordinates":[-122.256498,37.577408]}},{"type":"Feature","properties":{"id":112,"name":"Rock 112","size":0.55,"time":"2024-01-01T23:00:01Z"},"geometry":{"type":"Point","coordinates":[-122.438234,37.762848]}},{"type":"Feature","properties":{"id":113,"name":"Rock 113","size":8.77,"time":"2024-01-14T23:02:13Z"},"geometry":{"type":"Point","coordinates":[-122.389649,37.764729]}},{"type":"Feature","properties":{"id":114,"name":"Rock 114","size":4.09,"time":"2024-01-19T05:28:29Z"},"geometry":{"type":"Point","coordinates":[-122.431668,37.769466]}},{"type":"Feature","properties":{"id":115,"name":"Rock 115","size":3.19,"time":"2024-01-11T17:24:44Z"},"geometry":{"type":"Point","coordinates":[-122.423519,37.767433]}},{"type":"Feature","properties":{"id":116,"name":"Rock 116","size":1.67,"time":"2024-01-03T08:31:05Z"},"geometry":{"type":"Point","coordinates":[-122.395261,37.628117]}},{"type":"Feature","properties":{"id":117,"name":"Rock 117","size":3.24,"time":"2024-01-08T15:48:55Z"},"geometry":{"type":"Point","coordinates":[-122.265395,37.872444]}},{"type":"Feature","properties":{"id":118,"name":"Rock 118","size":3.11,"time":"2024-01-15T03:39:23Z"},"geometry":{"type":"Point","coordinates":[-122.290863,37.857345]}},{"type":"Feature","properties":{"id":119,"name":"Rock 119","size":1.96,"time":"2024-01-16T20:25:03Z"},"geometry":{"type":"Point","coordinates":[-122.28175,37.559824]}},{"type":"Feature","properties":{"id":120,"name":"Rock 120","size":4.24,"time":"2024-01-09T20:31:55Z"},"geometry":{"type":"Point","coordinates":[-122.166542,37.42489]}},{"type":"Feature","properties":{"id":121,"name":"Rock 121","size":3.36,"time":"2024-01-18T16:22:40Z"},"geometry":{"type":"Point","coordinates":[-122.440137,37.785166]}},{"type":"Feature","properties":{"id":122,"name":"Rock 122","size":6.78,"time":"2024-01-18T12:29:47Z"},"geometry":{"type":"Point","coordinates":[-122.432557,37.782469]}},{"type":"Feature","properties":{"id":123,"name":"Rock 123","size":5.22,"time":"2024-01-12T10:23:48Z"},"geometry":{"type":"Point","coordinates":[-122.401286,37.78102]}},{"type":"Feature","properties":{"id":124,"name":"Rock 124","size":2.73,"time":"2024-01-03T08:23:30Z"},"geometry":{"type":"Point","coordinates":[-122.42435,37.776087]}},{"type":"Feature","properties":{"id":125,"name":"Rock 125","size":3.83,"time":"2024-01-05T06:19:48Z"},"geometry":{"type":"Point","coordinates":[-122.414803,37.781638]}},{"type":"Feature","properties":{"id":126,"name":"Rock 126","size":2.74,"time":"2024-01-09T01:17:15Z"},"geometry":{"type":"Point","coordinates":[-122.300221,37.620766]}},{"type":"Feature","properties":{"id":127,"name":"Rock 127","size":1.62,"time":"2024-01-11T17:33:48Z"},"geometry":{"type":"Point","coordinates":[-122.445027,37.790931]}},{"type":"Feature","properties":{"id":128,"name":"Rock 128","size":6.67,"time":"2024-01-03T06:41:47Z"},"geometry":{"type":"Point","coordinates":[-122.356368,37.655974]}},{"type":"Feature","properties":{"id":129,"name":"Rock 129","size":0.8,"time":"2024-01-13T08:08:20Z"},"geometry":{"type":"Point","coordinates":[-122.449093,37.739929]}},{"type":"Feature","properties":{"id":130,"name":"Rock 130","size":2.41,"time":"2024-01-01T09:57:19Z"},"geometry":{"type":"Point","coordinates":[-122.247658,37.874809]}},{"type":"Feature","properties":{"id":131,"name":"Rock 131","size":5.22,"time":"2024-01-14T09:21:45Z"},"geometry":{"type":"Point","coordinates":[-122.399297,37.659691]}},{"type":"Feature","properties":{"id":132,"name":"Rock 132","size":6.33,"time":"2024-01-15T00:16:03Z"},"geometry":{"type":"Point","coordinates":[-122.304031,37.605861]}},{"type":"Feature","properties":{"id":133,"name":"Rock 133","size":1.72,"time":"2024-01-05T03:31:06Z"},"geometry":{"type":"Point","coordinates":[-122.406728,37.784739]}},{"type":"Feature","properties":{"id":134,"name":"Rock 134","size":6.24,"time":"2024-01-15T14:33:49Z"},"geometry":{"type":"Point","coordinates":[-122.414625,37.783167]}},{"type":"Feature","properties":{"id":135,"name":"Rock 135","size":2.88,"time":"2024-01-18T03:14:40Z"},"geometry":{"type":"Point","coordinates":[-122.442056,37.764001]}},{"type":"Feature","properties":{"id":136,"name":"Rock 136","size":2.74,"time":"2024-01-17T10:30:43Z"},"geometry":{"type":"Point","coordinates":[-122.26437,37.868643]}},{"type":"Feature","properties":{"id":137,"name":"Rock 137","size":1.5,"time":"2024-01-19T15:19:19Z"},"geometry":{"type":"Point","coordinates":[-122.120958,37.447945]}},{"type":"Feature","properties":{"id":138,"name":"Rock 138","size":0.66,"time":"2024-01-08T05:11:49Z"},"geometry":{"type":"Point","coordinates":[-122.319433,37.570582]}},{"type":"Feature","properties":{"id":139,"name":"Rock 139","size":5.39,"time":"2024-01-16T12:59:00Z"},"geometry":{"type":"Point","coordinates":[-122.169266,37.428612]}},{"type":"Feature","properties":{"id":140,"name":"Rock 140","size":5.51,"time":"2024-01-15T21:07:35Z"},"geometry":{"type":"Point","coordinates":[-122.24782,37.5718]}},{"type":"Feature","properties":{"id":141,"name":"Rock 141","size":4.25,"time":"2024-01-07T05:13:37Z"},"geometry":{"type":"Point","coordinates":[-122.432646,37.771973]}},{"type":"Feature","properties":{"id":142,"name":"Rock 142","size":0.65,"time":"2024-01-14T12:15:50Z"},"geometry":{"type":"Point","coordinates":[-122.441975,37.76813]}},{"type":"Feature","properties":{"id":143,"name":"Rock 143","size":5.49,"time":"2024-01-04T04:29:55Z"},"geometry":{"type":"Point","coordinates":[-122.270063,37.870056]}},{"type":"Feature","properties":{"id":144,"name":"Rock 144","size":2.27,"time":"2024-01-07T16:41:13Z"},"geometry":{"type":"Point","coordinates":[-122.329808,37.67628]}},{"type":"Feature","properties":{"id":145,"name":"Rock 145","size":2,"time":"2024-01-18T19:02:29Z"},"geometry":{"type":"Point","coordinates":[-122.278634,37.870048]}},{"type":"Feature","properties":{"id":146,"name":"Rock 146","size":2.47,"time":"2024-01-11T19:58:12Z"},"geometry":{"type":"Point","coordinates":[-122.464956,37.795632]}},{"type":"Feature","properties":{"id":147,"name":"Rock 147","size":0.88,"time":"2024-01-03T08:15:45Z"},"geometry":{"type":"Point","coordinates":[-122.177694,37.493274]}},{"type":"Feature","properties":{"id":148,"name":"Rock 148","size":2.24,"time":"2024-01-17T23:31:07Z"},"geometry":{"type":"Point","coordinates":[-122.131508,37.423092]}},{"type":"Feature","properties":{"id":149,"name":"Rock 149","size":1.92,"time":"2024-01-12T08:29:16Z"},"geometry":{"type":"Point","coordinates":[-122.419899,37.766943]}},{"type":"Feature","properties":{"id":150,"name":"Rock 150","size":4.01,"time":"2024-01-18T04:14:25Z"},"geometry":{"type":"Point","coordinates":[-122.283197,37.858809]}},{"type":"Feature","properties":{"id":151,"name":"Rock 151","size":4.74,"time":"2024-01-15T13:56:48Z"},"geometry":{"type":"Point","coordinates":[-122.182669,37.471413]}},{"type":"Feature","properties":{"id":152,"name":"Rock 152","size":1.86,"time":"2024-01-17T02:51:37Z"},"geometry":{"type":"Point","coordinates":[-122.416477,37.776212]}},{"type":"Feature","properties":{"id":153,"name":"Rock 153","size":6.83,"time":"2024-01-12T00:04:20Z"},"geometry":{"type":"Point","coordinates":[-122.270552,37.864777]}},{"type":"Feature","properties":{"id":154,"name":"Rock 154","size":1.08,"time":"2024-01-09T02:57:42Z"},"geometry":{"type":"Point","coordinates":[-122.203814,37.456684]}},{"type":"Feature","properties":{"id":155,"name":"Rock 155","size":1.88,"time":"2024-01-03T18:36:40Z"},"geometry":{"type":"Point","coordinates":[-122.297298,37.860904]}},{"type":"Feature","properties":{"id":156,"name":"Rock 156","size":4.05,"time":"2024-01-08T12:42:16Z"},"geometry":{"type":"Point","coordinates":[-122.410784,37.764962]}},{"type":"Feature","properties":{"id":157,"name":"Rock 157","size":2.36,"time":"2024-01-10T23:03:40Z"},"geometry":{"type":"Point","coordinates":[-122.307837,37.610983]}},{"type":"Feature","properties":{"id":158,"name":"Rock 158","size":5.56,"time":"2024-01-03T02:49:24Z"},"geometry":{"type":"Point","coordinates":[-122.414227,37.798759]}},{"type":"Feature","properties":{"id":159,"name":"Rock 159","size":7.46,"time":"2024-01-07T18:13:13Z"},"geometry":{"type":"Point","coordinates":[-122.265572,37.882274]}},{"type":"Feature","properties":{"id":160,"name":"Rock 160","size":4.14,"time":"2024-01-14T21:58:43Z"},"geometry":{"type":"Point","coordinates":[-122.186757,37.423474]}},{"type":"Feature","properties":{"id":161,"name":"Rock 161","size":2.1,"time":"2024-01-09T21:55:55Z"},"geometry":{"type":"Point","coordinates":[-122.146288,37.421332]}},{"type":"Feature","properties":{"id":162,"name":"Rock 162","size":1.52,"time":"2024-01-13T19:59:51Z"},"geometry":{"type":"Point","coordinates":[-122.434198,37.789405]}},{"type":"Feature","properties":{"id":163,"name":"Rock 163","size":0.9,"time":"2024-01-07T16:09:34Z"},"geometry":{"type":"Point","coordinates":[-122.436838,37.76061]}},{"type":"Feature","properties":{"id":164,"name":"Rock 164","size":3.73,"time":"2024-01-07T08:48:59Z"},"geometry":{"type":"Point","coordinates":[-122.385788,37.582498]}},{"type":"Feature","properties":{"id":165,"name":"Rock 165","size":0.71,"time":"2024-01-09T06:40:06Z"},"geometry":{"type":"Point","coordinates":[-122.312125,37.575177]}},{"type":"Feature","properties":{"id":166,"name":"Rock 166","size":3.47,"time":"2024-01-13T04:23:31Z"},"geometry":{"type":"Point","coordinates":[-122.282436,37.641494]}},{"type":"Feature","properties":{"id":167,"name":"Rock 167","size":1.32,"time":"2024-01-16T13:40:13Z"},"geometry":{"type":"Point","coordinates":[-122.292694,37.60447]}},{"type":"Feature","properties":{"id":168,"name":"Rock 168","size":0.77,"time":"2024-01-07T22:16:14Z"},"geometry":{"type":"Point","coordinates":[-122.411776,37.788009]}},{"type":"Feature","properties":{"id":169,"name":"Rock 169","size":2.14,"time":"2024-01-08T20:36:11Z"},"geometry":{"type":"Point","coordinates":[-122.402545,37.777331]}},{"type":"Feature","properties":{"id":170,"name":"Rock 170","size":2.53,"time":"2024-01-18T03:26:05Z"},"geometry":{"type":"Point","coordinates":[-122.402813,37.784613]}},{"type":"Feature","properties":{"id":171,"name":"Rock 171","size":4.65,"time":"2024-01-06T10:23:50Z"},"geometry":{"type":"Point","coordinates":[-122.137379,37.440685]}},{"type":"Feature","properties":{"id":172,"name":"Rock 172","size":2.77,"time":"2024-01-12T23:25:47Z"},"geometry":{"type":"Point","coordinates":[-122.377033,37.799002]}},{"type":"Feature","properties":{"id":173,"name":"Rock 173","size":1.01,"time":"2024-01-02T08:14:04Z"},"geometry":{"type":"Point","coordinates":[-122.134025,37.454994]}},{"type":"Feature","properties":{"id":174,"name":"Rock 174","size":3.59,"time":"2024-01-06T19:31:43Z"},"geometry":{"type":"Point","coordinates":[-122.292795,37.591895]}},{"type":"Feature","properties":{"id":175,"name":"Rock 175","size":4.44,"time":"2024-01-13T02:16:23Z"},"geometry":{"type":"Point","coordinates":[-122.297806,37.868515]}},{"type":"Feature","properties":{"id":176,"name":"Rock 176","size":0.67,"time":"2024-01-01T11:33:39Z"},"geometry":{"type":"Point","coordinates":[-122.114935,37.428166]}},{"type":"Feature","properties":{"id":177,"name":"Rock 177","size":1.12,"time":"2024-01-19T14:27:14Z"},"geometry":{"type":"Point","coordinates":[-122.445061,37.814799]}},{"type":"Feature","properties":{"id":178,"name":"Rock 178","size":3.17,"time":"2024-01-16T21:24:20Z"},"geometry":{"type":"Point","coordinates":[-122.213423,37.595644]}},{"type":"Feature","properties":{"id":179,"name":"Rock 179","size":4.95,"time":"2024-01-03T10:56:11Z"},"geometry":{"type":"Point","coordinates":[-122.28602,37.865575]}},{"type":"Feature","properties":{"id":180,"name":"Rock 180","size":3.07,"time":"2024-01-15T05:16:38Z"},"geometry":{"type":"Point","coordinates":[-122.16213,37.44232]}},{"type":"Feature","properties":{"id":181,"name":"Rock 181","size":2.36,"time":"2024-01-11T12:23:04Z"},"geometry":{"type":"Point","coordinates":[-122.40426,37.796839]}},{"type":"Feature","properties":{"id":182,"name":"Rock 182","size":1.94,"time":"2024-01-02T04:23:48Z"},"geometry":{"type":"Point","coordinates":[-122.402278,37.761029]}},{"type":"Feature","properties":{"id":183,"name":"Rock 183","size":2.68,"time":"2024-01-16T03:13:20Z"},"geometry":{"type":"Point","coordinates":[-122.279141,37.862605]}},{"type":"Feature","properties":{"id":184,"name":"Rock 184","size":7.56,"time":"2024-01-16T04:04:54Z"},"geometry":{"type":"Point","coordinates":[-122.201216,37.424401]}},{"type":"Feature","properties":{"id":185,"name":"Rock 185","size":3.66,"time":"2024-01-10T12:38:27Z"},"geometry":{"type":"Point","coordinates":[-122.307908,37.623422]}},{"type":"Feature","properties":{"id":186,"name":"Rock 186","size":4,"time":"2024-01-02T02:40:36Z"},"geometry":{"type":"Point","coordinates":[-122.177403,37.431084]}},{"type":"Feature","properties":{"id":187,"name":"Rock 187","size":1.95,"time":"2024-01-09T13:47:11Z"},"geometry":{"type":"Point","coordinates":[-122.413559,37.789397]}},{"type":"Feature","properties":{"id":188,"name":"Rock 188","size":4.61,"time":"2024-01-11T07:15:33Z"},"geometry":{"type":"Point","coordinates":[-122.436909,37.766757]}},{"type":"Feature","properties":{"id":189,"name":"Rock 189","size":5.01,"time":"2024-01-04T03:30:19Z"},"geometry":{"type":"Point","coordinates":[-122.431542,37.783553]}},{"type":"Feature","properties":{"id":190,"name":"Rock 190","size":1,"time":"2024-01-16T13:58:49Z"},"geometry":{"type":"Point","coordinates":[-122.435244,37.80178]}},{"type":"Feature","properties":{"id":191,"name":"Rock 191","size":6.02,"time":"2024-01-12T21:53:45Z"},"geometry":{"type":"Point","coordinates":[-122.177004,37.445527]}},{"type":"Feature","properties":{"id":192,"name":"Rock 192","size":1.22,"time":"2024-01-16T23:48:13Z"},"geometry":{"type":"Point","coordinates":[-122.283125,37.86839]}},{"type":"Feature","properties":{"id":193,"name":"Rock 193","size":2.29,"time":"2024-01-09T19:12:50Z"},"geometry":{"type":"Point","coordinates":[-122.157282,37.449836]}},{"type":"Feature","properties":{"id":194,"name":"Rock 194","size":2.4,"time":"2024-01-12T13:36:49Z"},"geometry":{"type":"Point","coordinates":[-122.190864,37.453354]}},{"type":"Feature","properties":{"id":195,"name":"Rock 195","size":3.75,"time":"2024-01-02T12:57:36Z"},"geometry":{"type":"Point","coordinates":[-122.433706,37.767296]}},{"type":"Feature","properties":{"id":196,"name":"Rock 196","size":2.3,"time":"2024-01-18T19:30:40Z"},"geometry":{"type":"Point","coordinates":[-122.256272,37.869925]}},{"type":"Feature","properties":{"id":197,"name":"Rock 197","size":0.8,"time":"2024-01-16T04:24:28Z"},"geometry":{"type":"Point","coordinates":[-122.402462,37.793976]}},{"type":"Feature","properties":{"id":198,"name":"Rock 198","size":1.4,"time":"2024-01-16T06:07:10Z"},"geometry":{"type":"Point","coordinates":[-122.209242,37.579476]}},{"type":"Feature","properties":{"id":199,"name":"Rock 199","size":3.44,"time":"2024-01-10T20:38:16Z"},"geometry":{"type":"Point","coordinates":[-122.414551,37.794634]}},{"type":"Feature","properties":{"id":200,"name":"Rock 200","size":0.88,"time":"2024-01-05T10:56:50Z"},"geometry":{"type":"Point","coordinates":[-122.171793,37.43399]}},{"type":"Feature","properties":{"id":201,"name":"Rock 201","size":4.25,"time":"2024-01-18T17:11:12Z"},"geometry":{"type":"Point","coordinates":[-122.432338,37.791005]}},{"type":"Feature","properties":{"id":202,"name":"Rock 202","size":3.8,"time":"2024-01-19T16:47:42Z"},"geometry":{"type":"Point","coordinates":[-122.347659,37.618198]}},{"type":"Feature","properties":{"id":203,"name":"Rock 203","size":5.25,"time":"2024-01-13T06:48:47Z"},"geometry":{"type":"Point","coordinates":[-122.288857,37.601694]}},{"type":"Feature","properties":{"id":204,"name":"Rock 204","size":1.27,"time":"2024-01-09T06:55:14Z"},"geometry":{"type":"Point","coordinates":[-122.094394,37.467356]}},{"type":"Feature","properties":{"id":205,"name":"Rock 205","size":3.3,"time":"2024-01-12T09:19:04Z"},"geometry":{"type":"Point","coordinates":[-122.268828,37.857507]}},{"type":"Feature","properties":{"id":206,"name":"Rock 206","size":5.47,"time":"2024-01-10T00:55:11Z"},"geometry":{"type":"Point","coordinates":[-122.301252,37.621764]}},{"type":"Feature","properties":{"id":207,"name":"Rock 207","size":1.97,"time":"2024-01-17T00:55:30Z"},"geometry":{"type":"Point","coordinates":[-122.405134,37.783799]}},{"type":"Feature","properties":{"id":208,"name":"Rock 208","size":0.56,"time":"2024-01-01T10:10:10Z"},"geometry":{"type":"Point","coordinates":[-122.453007,37.778488]}},{"type":"Feature","properties":{"id":209,"name":"Rock 209","size":1.19,"time":"2024-01-17T00:28:48Z"},"geometry":{"type":"Point","coordinates":[-122.164846,37.409708]}},{"type":"Feature","properties":{"id":210,"name":"Rock 210","size":2.43,"time":"2024-01-08T07:31:24Z"},"geometry":{"type":"Point","coordinates":[-122.267556,37.869964]}},{"type":"Feature","properties":{"id":211,"name":"Rock 211","size":1.89,"time":"2024-01-08T16:30:37Z"},"geometry":{"type":"Point","coordinates":[-122.412352,37.762364]}},{"type":"Feature","properties":{"id":212,"name":"Rock 212","size":2.23,"time":"2024-01-01T15:38:21Z"},"geometry":{"type":"Point","coordinates":[-122.263528,37.629365]}},{"type":"Feature","properties":{"id":213,"name":"Rock 213","size":4.54,"time":"2024-01-02T05:45:01Z"},"geometry":{"type":"Point","coordinates":[-122.304496,37.593113]}},{"type":"Feature","properties":{"id":214,"name":"Rock 214","size":0.84,"time":"2024-01-07T08:38:35Z"},"geometry":{"type":"Point","coordinates":[-122.44012,37.785244]}},{"type":"Feature","properties":{"id":215,"name":"Rock 215","size":1.37,"time":"2024-01-19T17:31:32Z"},"geometry":{"type":"Point","coordinates":[-122.439983,37.776512]}},{"type":"Feature","properties":{"id":216,"name":"Rock 216","size":2.29,"time":"2024-01-12T09:05:37Z"},"geometry":{"type":"Point","coordinates":[-122.194155,37.451759]}},{"type":"Feature","properties":{"id":217,"name":"Rock 217","size":4.61,"time":"2024-01-02T06:56:56Z"},"geometry":{"type":"Point","coordinates":[-122.416745,37.775527]}},{"type":"Feature","properties":{"id":218,"name":"Rock 218","size":1.3,"time":"2024-01-08T17:44:59Z"},"geometry":{"type":"Point","coordinates":[-122.154243,37.465046]}},{"type":"Feature","properties":{"id":219,"name":"Rock 219","size":1.91,"time":"2024-01-12T21:28:51Z"},"geometry":{"type":"Point","coordinates":[-122.40661,37.771308]}},{"type":"Feature","properties":{"id":220,"name":"Rock 220","size":1.36,"time":"2024-01-14T16:53:55Z"},"geometry":{"type":"Point","coordinates":[-122.341779,37.602365]}},{"type":"Feature","properties":{"id":221,"name":"Rock 221","size":1.07,"time":"2024-01-13T08:48:34Z"},"geometry":{"type":"Point","coordinates":[-122.294066,37.616023]}},{"type":"Feature","properties":{"id":222,"name":"Rock 222","size":5.49,"time":"2024-01-09T04:36:06Z"},"geometry":{"type":"Point","coordinates":[-122.147056,37.427202]}},{"type":"Feature","properties":{"id":223,"name":"Rock 223","size":1.93,"time":"2024-01-02T07:01:44Z"},"geometry":{"type":"Point","coordinates":[-122.28644,37.598304]}},{"type":"Feature","properties":{"id":224,"name":"Rock 224","size":1.56,"time":"2024-01-05T03:36:54Z"},"geometry":{"type":"Point","coordinates":[-122.388344,37.791144]}},{"type":"Feature","properties":{"id":225,"name":"Rock 225","size":1.02,"time":"2024-01-18T07:47:47Z"},"geometry":{"type":"Point","coordinates":[-122.297987,37.632561]}},{"type":"Feature","properties":{"id":226,"name":"Rock 226","size":4.1,"time":"2024-01-11T09:45:52Z"},"geometry":{"type":"Point","coordinates":[-122.279861,37.869146]}},{"type":"Feature","properties":{"id":227,"name":"Rock 227","size":2.28,"time":"2024-01-12T02:43:11Z"},"geometry":{"type":"Point","coordinates":[-122.434576,37.777422]}},{"type":"Feature","properties":{"id":228,"name":"Rock 228","size":5.14,"time":"2024-01-07T10:17:27Z"},"geometry":{"type":"Point","coordinates":[-122.149326,37.474256]}},{"type":"Feature","properties":{"id":229,"name":"Rock 229","size":2.27,"time":"2024-01-17T12:07:13Z"},"geometry":{"type":"Point","coordinates":[-122.3939,37.774793]}},{"type":"Feature","properties":{"id":230,"name":"Rock 230","size":5.05,"time":"2024-01-04T06:09:57Z"},"geometry":{"type":"Point","coordinates":[-122.402988,37.660372]}},{"type":"Feature","properties":{"id":231,"name":"Rock 231","size":2.08,"time":"2024-01-14T11:08:42Z"},"geometry":{"type":"Point","coordinates":[-122.40253,37.773507]}},{"type":"Feature","properties":{"id":232,"name":"Rock 232","size":5,"time":"2024-01-03T21:57:44Z"},"geometry":{"type":"Point","coordinates":[-122.409065,37.810535]}},{"type":"Feature","properties":{"id":233,"name":"Rock 233","size":3.66,"time":"2024-01-10T10:34:51Z"},"geometry":{"type":"Point","coordinates":[-122.406454,37.775123]}},{"type":"Feature","properties":{"id":234,"name":"Rock 234","size":0.88,"time":"2024-01-12T00:41:05Z"},"geometry":{"type":"Point","coordinates":[-122.412239,37.773992]}},{"type":"Feature","properties":{"id":235,"name":"Rock 235","size":1.05,"time":"2024-01-08T04:00:55Z"},"geometry":{"type":"Point","coordinates":[-122.424599,37.783022]}},{"type":"Feature","properties":{"id":236,"name":"Rock 236","size":2.51,"time":"2024-01-12T01:52:12Z"},"geometry":{"type":"Point","coordinates":[-122.398522,37.780025]}},{"type":"Feature","properties":{"id":237,"name":"Rock 237","size":1.32,"time":"2024-01-06T11:12:39Z"},"geometry":{"type":"Point","coordinates":[-122.426828,37.772249]}},{"type":"Feature","properties":{"id":238,"name":"Rock 238","size":1.48,"time":"2024-01-15T03:06:00Z"},"geometry":{"type":"Point","coordinates":[-122.13055,37.476483]}},{"type":"Feature","properties":{"id":239,"name":"Rock 239","size":0.77,"time":"2024-01-01T11:25:27Z"},"geometry":{"type":"Point","coordinates":[-122.443067,37.782747]}},{"type":"Feature","properties":{"id":240,"name":"Rock 240","size":1.18,"time":"2024-01-17T05:30:01Z"},"geometry":{"type":"Point","coordinates":[-122.152721,37.41374]}},{"type":"Feature","properties":{"id":241,"name":"Rock 241","size":2.52,"time":"2024-01-01T07:39:32Z"},"geometry":{"type":"Point","coordinates":[-122.299293,37.866265]}},{"type":"Feature","properties":{"id":242,"name":"Rock 242","size":1.12,"time":"2024-01-08T18:03:33Z"},"geometry":{"type":"Point","coordinates":[-122.423631,37.789967]}},{"type":"Feature","properties":{"id":243,"name":"Rock 243","size":1.37,"time":"2024-01-10T13:21:01Z"},"geometry":{"type":"Point","coordinates":[-122.216305,37.436298]}},{"type":"Feature","properties":{"id":244,"name":"Rock 244","size":2.01,"time":"2024-01-14T22:02:06Z"},"geometry":{"type":"Point","coordinates":[-122.175774,37.425736]}},{"type":"Feature","properties":{"id":245,"name":"Rock 245","size":2.26,"time":"2024-01-02T09:32:00Z"},"geometry":{"type":"Point","coordinates":[-122.136611,37.442934]}},{"type":"Feature","properties":{"id":246,"name":"Rock 246","size":3.08,"time":"2024-01-04T06:30:51Z"},"geometry":{"type":"Point","coordinates":[-122.252333,37.8491]}},{"type":"Feature","properties":{"id":247,"name":"Rock 247","size":5.63,"time":"2024-01-16T00:32:01Z"},"geometry":{"type":"Point","coordinates":[-122.350358,37.673872]}},{"type":"Feature","properties":{"id":248,"name":"Rock 248","size":1.46,"time":"2024-01-12T19:32:56Z"},"geometry":{"type":"Point","coordinates":[-122.319133,37.625676]}},{"type":"Feature","properties":{"id":249,"name":"Rock 249","size":0.68,"time":"2024-01-12T09:31:01Z"},"geometry":{"type":"Point","coordinates":[-122.295252,37.639728]}},{"type":"Feature","properties":{"id":250,"name":"Rock 250","size":3.87,"time":"2024-01-13T07:49:00Z"},"geometry":{"type":"Point","coordinates":[-122.441932,37.784519]}},{"type":"Feature","properties":{"id":251,"name":"Rock 251","size":6.87,"time":"2024-01-05T13:18:35Z"},"geometry":{"type":"Point","coordinates":[-122.253535,37.877153]}},{"type":"Feature","properties":{"id":252,"name":"Rock 252","size":4.7,"time":"2024-01-03T14:31:22Z"},"geometry":{"type":"Point","coordinates":[-122.161279,37.443085]}},{"type":"Feature","properties":{"id":253,"name":"Rock 253","size":5.3,"time":"2024-01-10T09:11:10Z"},"geometry":{"type":"Point","coordinates":[-122.354993,37.661857]}},{"type":"Feature","properties":{"id":254,"name":"Rock 254","size":1.7,"time":"2024-01-12T18:26:22Z"},"geometry":{"type":"Point","coordinates":[-122.170318,37.43846]}},{"type":"Feature","properties":{"id":255,"name":"Rock 255","size":0.73,"time":"2024-01-15T13:46:05Z"},"geometry":{"type":"Point","coordinates":[-122.387023,37.773482]}},{"type":"Feature","properties":{"id":256,"name":"Rock 256","size":0.76,"time":"2024-01-16T06:21:13Z"},"geometry":{"type":"Point","coordinates":[-122.357573,37.627167]}},{"type":"Feature","properties":{"id":257,"name":"Rock 257","size":1.3,"time":"2024-01-16T17:10:14Z"},"geometry":{"type":"Point","coordinates":[-122.327951,37.569322]}},{"type":"Feature","properties":{"id":258,"name":"Rock 258","size":4.63,"time":"2024-01-01T09:11:47Z"},"geometry":{"type":"Point","coordinates":[-122.409425,37.776818]}},{"type":"Feature","properties":{"id":259,"name":"Rock 259","size":2.38,"time":"2024-01-16T09:37:53Z"},"geometry":{"type":"Point","coordinates":[-122.421372,37.778487]}},{"type":"Feature","properties":{"id":260,"name":"Rock 260","size":1.44,"time":"2024-01-19T03:25:11Z"},"geometry":{"type":"Point","coordinates":[-122.346431,37.638793]}},{"type":"Feature","properties":{"id":261,"name":"Rock 261","size":4.46,"time":"2024-01-13T07:54:03Z"},"geometry":{"type":"Point","coordinates":[-122.247458,37.470437]}},{"type":"Feature","properties":{"id":262,"name":"Rock 262","size":2.35,"time":"2024-01-13T14:12:33Z"},"geometry":{"type":"Point","coordinates":[-122.413397,37.793446]}},{"type":"Feature","properties":{"id":263,"name":"Rock 263","size":4.21,"time":"2024-01-09T13:41:02Z"},"geometry":{"type":"Point","coordinates":[-122.329981,37.560631]}},{"type":"Feature","properties":{"id":264,"name":"Rock 264","size":1.6,"time":"2024-01-12T05:25:57Z"},"geometry":{"type":"Point","coordinates":[-122.437813,37.783562]}},{"type":"Feature","properties":{"id":265,"name":"Rock 265","size":2.58,"time":"2024-01-18T13:51:38Z"},"geometry":{"type":"Point","coordinates":[-122.433207,37.785852]}},{"type":"Feature","properties":{"id":266,"name":"Rock 266","size":3.7,"time":"2024-01-02T00:06:43Z"},"geometry":{"type":"Point","coordinates":[-122.146276,37.449199]}},{"type":"Feature","properties":{"id":267,"name":"Rock 267","size":3.8,"time":"2024-01-13T03:31:43Z"},"geometry":{"type":"Point","coordinates":[-122.39091,37.608977]}},{"type":"Feature","properties":{"id":268,"name":"Rock 268","size":1.68,"time":"2024-01-05T08:33:50Z"},"geometry":{"type":"Point","coordinates":[-122.41839,37.768821]}},{"type":"Feature","properties":{"id":269,"name":"Rock 269","size":4.81,"time":"2024-01-05T23:55:41Z"},"geometry":{"type":"Point","coordinates":[-122.471892,37.772446]}},{"type":"Feature","properties":{"id":270,"name":"Rock 270","size":2.44,"time":"2024-01-05T20:36:21Z"},"geometry":{"type":"Point","coordinates":[-122.44168,37.744398]}},{"type":"Feature","properties":{"id":271,"name":"Rock 271","size":1.18,"time":"2024-01-15T16:31:09Z"},"geometry":{"type":"Point","coordinates":[-122.255331,37.873364]}},{"type":"Feature","properties":{"id":272,"name":"Rock 272","size":6.19,"time":"2024-01-17T15:26:19Z"},"geometry":{"type":"Point","coordinates":[-122.249737,37.866705]}},{"type":"Feature","properties":{"id":273,"name":"Rock 273","size":2.97,"time":"2024-01-05T06:03:06Z"},"geometry":{"type":"Point","coordinates":[-122.28658,37.599686]}},{"type":"Feature","properties":{"id":274,"name":"Rock 274","size":2.48,"time":"2024-01-15T21:21:58Z"},"geometry":{"type":"Point","coordinates":[-122.434115,37.823163]}},{"type":"Feature","properties":{"id":275,"name":"Rock 275","size":0.97,"time":"2024-01-04T16:31:39Z"},"geometry":{"type":"Point","coordinates":[-122.163996,37.434129]}},{"type":"Feature","properties":{"id":276,"name":"Rock 276","size":2.37,"time":"2024-01-08T01:54:24Z"},"geometry":{"type":"Point","coordinates":[-122.15397,37.389321]}},{"type":"Feature","properties":{"id":277,"name":"Rock 277","size":1.44,"time":"2024-01-09T20:21:39Z"},"geometry":{"type":"Point","coordinates":[-122.310582,37.605547]}},{"type":"Feature","properties":{"id":278,"name":"Rock 278","size":3.34,"time":"2024-01-17T03:48:58Z"},"geometry":{"type":"Point","coordinates":[-122.43033,37.76161]}},{"type":"Feature","properties":{"id":279,"name":"Rock 279","size":5.65,"time":"2024-01-02T08:30:55Z"},"geometry":{"type":"Point","coordinates":[-122.181032,37.454941]}},{"type":"Feature","properties":{"id":280,"name":"Rock 280","size":0.82,"time":"2024-01-18T18:30:02Z"},"geometry":{"type":"Point","coordinates":[-122.416223,37.766794]}},{"type":"Feature","properties":{"id":281,"name":"Rock 281","size":0.98,"time":"2024-01-18T00:18:15Z"},"geometry":{"type":"Point","coordinates":[-122.362289,37.612847]}},{"type":"Feature","properties":{"id":282,"name":"Rock 282","size":1.42,"time":"2024-01-09T08:16:47Z"},"geometry":{"type":"Point","coordinates":[-122.254936,37.660555]}},{"type":"Feature","properties":{"id":283,"name":"Rock 283","size":1.75,"time":"2024-01-19T22:15:36Z"},"geometry":{"type":"Point","coordinates":[-122.423442,37.776099]}},{"type":"Feature","properties":{"id":284,"name":"Rock 284","size":3.55,"time":"2024-01-11T01:07:41Z"},"geometry":{"type":"Point","coordinates":[-122.262022,37.692296]}},{"type":"Feature","properties":{"id":285,"name":"Rock 285","size":2.15,"time":"2024-01-12T10:11:02Z"},"geometry":{"type":"Point","coordinates":[-122.184001,37.472141]}},{"type":"Feature","properties":{"id":286,"name":"Rock 286","size":3.54,"time":"2024-01-03T12:04:57Z"},"geometry":{"type":"Point","coordinates":[-122.131891,37.418292]}},{"type":"Feature","properties":{"id":287,"name":"Rock 287","size":2.19,"time":"2024-01-06T02:34:00Z"},"geometry":{"type":"Point","coordinates":[-122.145578,37.514625]}},{"type":"Feature","properties":{"id":288,"name":"Rock 288","size":3.78,"time":"2024-01-03T17:18:26Z"},"geometry":{"type":"Point","coordinates":[-122.239614,37.881636]}},{"type":"Feature","properties":{"id":289,"name":"Rock 289","size":7.13,"time":"2024-01-05T09:25:45Z"},"geometry":{"type":"Point","coordinates":[-122.149425,37.430191]}},{"type":"Feature","properties":{"id":290,"name":"Rock 290","size":3.05,"time":"2024-01-14T20:28:02Z"},"geometry":{"type":"Point","coordinates":[-122.428392,37.788022]}},{"type":"Feature","properties":{"id":291,"name":"Rock 291","size":4.55,"time":"2024-01-08T00:21:02Z"},"geometry":{"type":"Point","coordinates":[-122.407989,37.787375]}},{"type":"Feature","properties":{"id":292,"name":"Rock 292","size":6.06,"time":"2024-01-16T10:30:25Z"},"geometry":{"type":"Point","coordinates":[-122.330405,37.654915]}},{"type":"Feature","properties":{"id":293,"name":"Rock 293","size":0.63,"time":"2024-01-07T15:42:33Z"},"geometry":{"type":"Point","coordinates":[-122.110612,37.461187]}},{"type":"Feature","properties":{"id":294,"name":"Rock 294","size":0.87,"time":"2024-01-15T15:32:27Z"},"geometry":{"type":"Point","coordinates":[-122.255309,37.601397]}},{"type":"Feature","properties":{"id":295,"name":"Rock 295","size":3.35,"time":"2024-01-02T20:36:06Z"},"geometry":{"type":"Point","coordinates":[-122.416643,37.783151]}},{"type":"Feature","properties":{"id":296,"name":"Rock 296","size":4.11,"time":"2024-01-13T19:09:59Z"},"geometry":{"type":"Point","coordinates":[-122.395321,37.776365]}},{"type":"Feature","properties":{"id":297,"name":"Rock 297","size":2.32,"time":"2024-01-01T10:20:37Z"},"geometry":{"type":"Point","coordinates":[-122.412854,37.753114]}},{"type":"Feature","properties":{"id":298,"name":"Rock 298","size":1.58,"time":"2024-01-17T03:19:55Z"},"geometry":{"type":"Point","coordinates":[-122.160317,37.433376]}},{"type":"Feature","properties":{"id":299,"name":"Rock 299","size":5.7,"time":"2024-01-08T03:17:14Z"},"geometry":{"type":"Point","coordinates":[-122.175444,37.492905]}},{"type":"Feature","properties":{"id":300,"name":"Rock 300","size":0.54,"time":"2024-01-15T20:18:24Z"},"geometry":{"type":"Point","coordinates":[-122.449587,37.772388]}},{"type":"Feature","properties":{"id":301,"name":"Rock 301","size":2.82,"time":"2024-01-02T10:57:23Z"},"geometry":{"type":"Point","coordinates":[-122.138648,37.447203]}},{"type":"Feature","properties":{"id":302,"name":"Rock 302","size":4.55,"time":"2024-01-08T02:45:05Z"},"geometry":{"type":"Point","coordinates":[-122.400704,37.782193]}},{"type":"Feature","properties":{"id":303,"name":"Rock 303","size":2.32,"time":"2024-01-15T23:33:08Z"},"geometry":{"type":"Point","coordinates":[-122.261228,37.86024]}},{"type":"Feature","properties":{"id":304,"name":"Rock 304","size":3.1,"time":"2024-01-10T01:47:17Z"},"geometry":{"type":"Point","coordinates":[-122.285963,37.603385]}},{"type":"Feature","properties":{"id":305,"name":"Rock 305","size":1.82,"time":"2024-01-08T03:17:41Z"},"geometry":{"type":"Point","coordinates":[-122.116528,37.431985]}},{"type":"Feature","properties":{"id":306,"name":"Rock 306","size":3.26,"time":"2024-01-17T07:54:54Z"},"geometry":{"type":"Point","coordinates":[-122.392998,37.790281]}},{"type":"Feature","properties":{"id":307,"name":"Rock 307","size":0.55,"time":"2024-01-16T21:51:01Z"},"geometry":{"type":"Point","coordinates":[-122.331969,37.673685]}},{"type":"Feature","properties":{"id":308,"name":"Rock 308","size":3.14,"time":"2024-01-12T20:17:01Z"},"geometry":{"type":"Point","coordinates":[-122.423671,37.784085]}},{"type":"Feature","properties":{"id":309,"name":"Rock 309","size":1.91,"time":"2024-01-17T20:30:34Z"},"geometry":{"type":"Point","coordinates":[-122.158655,37.416813]}},{"type":"Feature","properties":{"id":310,"name":"Rock 310","size":1.21,"time":"2024-01-15T10:13:15Z"},"geometry":{"type":"Point","coordinates":[-122.286723,37.869962]}},{"type":"Feature","properties":{"id":311,"name":"Rock 311","size":0.84,"time":"2024-01-07T17:53:23Z"},"geometry":{"type":"Point","coordinates":[-122.43441,37.773354]}},{"type":"Feature","properties":{"id":312,"name":"Rock 312","size":1.31,"time":"2024-01-11T04:00:30Z"},"geometry":{"type":"Point","coordinates":[-122.434273,37.770249]}},{"type":"Feature","properties":{"id":313,"name":"Rock 313","size":2.27,"time":"2024-01-02T09:16:45Z"},"geometry":{"type":"Point","coordinates":[-122.230454,37.643886]}},{"type":"Feature","properties":{"id":314,"name":"Rock 314","size":6.8,"time":"2024-01-11T14:27:57Z"},"geometry":{"type":"Point","coordinates":[-122.153623,37.482213]}},{"type":"Feature","properties":{"id":315,"name":"Rock 315","size":1.73,"time":"2024-01-06T16:59:16Z"},"geometry":{"type":"Point","coordinates":[-122.322246,37.660011]}},{"type":"Feature","properties":{"id":316,"name":"Rock 316","size":4.14,"time":"2024-01-01T22:55:25Z"},"geometry":{"type":"Point","coordinates":[-122.424687,37.783203]}},{"type":"Feature","properties":{"id":317,"name":"Rock 317","size":2.73,"time":"2024-01-05T20:34:35Z"},"geometry":{"type":"Point","coordinates":[-122.289175,37.886832]}},{"type":"Feature","properties":{"id":318,"name":"Rock 318","size":1.4,"time":"2024-01-08T17:58:02Z"},"geometry":{"type":"Point","coordinates":[-122.284969,37.614141]}},{"type":"Feature","properties":{"id":319,"name":"Rock 319","size":1.07,"time":"2024-01-09T16:54:11Z"},"geometry":{"type":"Point","coordinates":[-122.411649,37.759553]}},{"type":"Feature","properties":{"id":320,"name":"Rock 320","size":3.46,"time":"2024-01-13T14:58:15Z"},"geometry":{"type":"Point","coordinates":[-122.131838,37.477816]}},{"type":"Feature","properties":{"id":321,"name":"Rock 321","size":1.36,"time":"2024-01-19T20:57:30Z"},"geometry":{"type":"Point","coordinates":[-122.15818,37.439323]}},{"type":"Feature","properties":{"id":322,"name":"Rock 322","size":4.38,"time":"2024-01-16T08:56:13Z"},"geometry":{"type":"Point","coordinates":[-122.407482,37.532047]}},{"type":"Feature","properties":{"id":323,"name":"Rock 323","size":3.63,"time":"2024-01-16T22:56:38Z"},"geometry":{"type":"Point","coordinates":[-122.277459,37.879409]}},{"type":"Feature","properties":{"id":324,"name":"Rock 324","size":0.64,"time":"2024-01-16T01:57:17Z"},"geometry":{"type":"Point","coordinates":[-122.312259,37.594588]}},{"type":"Feature","properties":{"id":325,"name":"Rock 325","size":4.2,"time":"2024-01-19T11:15:27Z"},"geometry":{"type":"Point","coordinates":[-122.411018,37.764897]}},{"type":"Feature","properties":{"id":326,"name":"Rock 326","size":0.88,"time":"2024-01-15T01:50:52Z"},"geometry":{"type":"Point","coordinates":[-122.258335,37.858917]}},{"type":"Feature","properties":{"id":327,"name":"Rock 327","size":1.46,"time":"2024-01-17T20:35:48Z"},"geometry":{"type":"Point","coordinates":[-122.261808,37.637083]}},{"type":"Feature","properties":{"id":328,"name":"Rock 328","size":2.42,"time":"2024-01-09T21:23:30Z"},"geometry":{"type":"Point","coordinates":[-122.39072,37.779319]}},{"type":"Feature","properties":{"id":329,"name":"Rock 329","size":0.67,"time":"2024-01-07T01:32:43Z"},"geometry":{"type":"Point","coordinates":[-122.263296,37.589216]}},{"type":"Feature","properties":{"id":330,"name":"Rock 330","size":2.26,"time":"2024-01-04T21:12:24Z"},"geometry":{"type":"Point","coordinates":[-122.397424,37.778452]}},{"type":"Feature","properties":{"id":331,"name":"Rock 331","size":1.27,"time":"2024-01-04T01:12:17Z"},"geometry":{"type":"Point","coordinates":[-122.405721,37.779637]}},{"type":"Feature","properties":{"id":332,"name":"Rock 332","size":0.65,"time":"2024-01-09T19:17:18Z"},"geometry":{"type":"Point","coordinates":[-122.418213,37.784086]}},{"type":"Feature","properties":{"id":333,"name":"Rock 333","size":4.45,"time":"2024-01-06T16:57:52Z"},"geometry":{"type":"Point","coordinates":[-122.309389,37.623795]}},{"type":"Feature","properties":{"id":334,"name":"Rock 334","size":6.02,"time":"2024-01-14T18:15:42Z"},"geometry":{"type":"Point","coordinates":[-122.186831,37.444868]}},{"type":"Feature","properties":{"id":335,"name":"Rock 335","size":4.23,"time":"2024-01-17T05:34:05Z"},"geometry":{"type":"Point","coordinates":[-122.432191,37.759401]}},{"type":"Feature","properties":{"id":336,"name":"Rock 336","size":3.42,"time":"2024-01-05T19:25:49Z"},"geometry":{"type":"Point","coordinates":[-122.266783,37.866411]}},{"type":"Feature","properties":{"id":337,"name":"Rock 337","size":2.18,"time":"2024-01-11T14:46:17Z"},"geometry":{"type":"Point","coordinates":[-122.436054,37.773249]}},{"type":"Feature","properties":{"id":338,"name":"Rock 338","size":2.49,"time":"2024-01-07T11:42:19Z"},"geometry":{"type":"Point","coordinates":[-122.415183,37.800436]}},{"type":"Feature","properties":{"id":339,"name":"Rock 339","size":2.6,"time":"2024-01-18T23:59:16Z"},"geometry":{"type":"Point","coordinates":[-122.163485,37.446885]}},{"type":"Feature","properties":{"id":340,"name":"Rock 340","size":6.86,"time":"2024-01-13T03:02:28Z"},"geometry":{"type":"Point","coordinates":[-122.285685,37.85952]}},{"type":"Feature","properties":{"id":341,"name":"Rock 341","size":0.92,"time":"2024-01-13T06:29:23Z"},"geometry":{"type":"Point","coordinates":[-122.3953,37.771062]}},{"type":"Feature","properties":{"id":342,"name":"Rock 342","size":3.24,"time":"2024-01-17T13:17:52Z"},"geometry":{"type":"Point","coordinates":[-122.220476,37.621454]}},{"type":"Feature","properties":{"id":343,"name":"Rock 343","size":1.73,"time":"2024-01-04T22:50:34Z"},"geometry":{"type":"Point","coordinates":[-122.418527,37.780165]}},{"type":"Feature","properties":{"id":344,"name":"Rock 344","size":6.44,"time":"2024-01-10T06:22:49Z"},"geometry":{"type":"Point","coordinates":[-122.224948,37.590717]}},{"type":"Feature","properties":{"id":345,"name":"Rock 345","size":1.38,"time":"2024-01-06T12:06:14Z"},"geometry":{"type":"Point","coordinates":[-122.249892,37.600848]}},{"type":"Feature","properties":{"id":346,"name":"Rock 346","size":0.55,"time":"2024-01-12T20:53:48Z"},"geometry":{"type":"Point","coordinates":[-122.414711,37.765971]}},{"type":"Feature","properties":{"id":347,"name":"Rock 347","size":4.53,"time":"2024-01-07T19:22:24Z"},"geometry":{"type":"Point","coordinates":[-122.158154,37.467136]}},{"type":"Feature","properties":{"id":348,"name":"Rock 348","size":2.51,"time":"2024-01-01T07:40:01Z"},"geometry":{"type":"Point","coordinates":[-122.279733,37.883082]}},{"type":"Feature","properties":{"id":349,"name":"Rock 349","size":4.11,"time":"2024-01-14T01:17:29Z"},"geometry":{"type":"Point","coordinates":[-122.41722,37.775233]}},{"type":"Feature","properties":{"id":350,"name":"Rock 350","size":4.32,"time":"2024-01-15T07:07:59Z"},"geometry":{"type":"Point","coordinates":[-122.412258,37.799383]}},{"type":"Feature","properties":{"id":351,"name":"Rock 351","size":1.45,"time":"2024-01-09T13:17:09Z"},"geometry":{"type":"Point","coordinates":[-122.422559,37.781022]}},{"type":"Feature","properties":{"id":352,"name":"Rock 352","size":1.26,"time":"2024-01-03T17:04:58Z"},"geometry":{"type":"Point","coordinates":[-122.433679,37.743575]}},{"type":"Feature","properties":{"id":353,"name":"Rock 353","size":3.04,"time":"2024-01-17T01:36:16Z"},"geometry":{"type":"Point","coordinates":[-122.293333,37.898622]}},{"type":"Feature","properties":{"id":354,"name":"Rock 354","size":1.6,"time":"2024-01-16T16:47:45Z"},"geometry":{"type":"Point","coordinates":[-122.160851,37.480877]}},{"type":"Feature","properties":{"id":355,"name":"Rock 355","size":4.16,"time":"2024-01-09T21:47:28Z"},"geometry":{"type":"Point","coordinates":[-122.300851,37.861791]}},{"type":"Feature","properties":{"id":356,"name":"Rock 356","size":2.65,"time":"2024-01-03T01:14:57Z"},"geometry":{"type":"Point","coordinates":[-122.445548,37.755991]}},{"type":"Feature","properties":{"id":357,"name":"Rock 357","size":2.51,"time":"2024-01-04T17:46:23Z"},"geometry":{"type":"Point","coordinates":[-122.417002,37.776419]}},{"type":"Feature","properties":{"id":358,"name":"Rock 358","size":3.95,"time":"2024-01-11T06:46:42Z"},"geometry":{"type":"Point","coordinates":[-122.420864,37.810024]}},{"type":"Feature","properties":{"id":359,"name":"Rock 359","size":5.11,"time":"2024-01-06T17:56:13Z"},"geometry":{"type":"Point","coordinates":[-122.397794,37.776814]}},{"type":"Feature","properties":{"id":360,"name":"Rock 360","size":2.05,"time":"2024-01-06T11:37:39Z"},"geometry":{"type":"Point","coordinates":[-122.166074,37.511968]}},{"type":"Feature","properties":{"id":361,"name":"Rock 361","size":1.95,"time":"2024-01-17T17:30:53Z"},"geometry":{"type":"Point","coordinates":[-122.261884,37.855098]}},{"type":"Feature","properties":{"id":362,"name":"Rock 362","size":3.07,"time":"2024-01-17T11:05:25Z"},"geometry":{"type":"Point","coordinates":[-122.343406,37.660969]}},{"type":"Feature","properties":{"id":363,"name":"Rock 363","size":0.75,"time":"2024-01-03T09:50:21Z"},"geometry":{"type":"Point","coordinates":[-122.235134,37.579485]}},{"type":"Feature","properties":{"id":364,"name":"Rock 364","size":3.3,"time":"2024-01-09T16:35:39Z"},"geometry":{"type":"Point","coordinates":[-122.307271,37.573732]}},{"type":"Feature","properties":{"id":365,"name":"Rock 365","size":2.28,"time":"2024-01-16T17:42:57Z"},"geometry":{"type":"Point","coordinates":[-122.334977,37.620033]}},{"type":"Feature","properties":{"id":366,"name":"Rock 366","size":2.28,"time":"2024-01-10T19:44:13Z"},"geometry":{"type":"Point","coordinates":[-122.454534,37.782119]}},{"type":"Feature","properties":{"id":367,"name":"Rock 367","size":4.76,"time":"2024-01-13T16:33:18Z"},"geometry":{"type":"Point","coordinates":[-122.402266,37.604317]}},{"type":"Feature","properties":{"id":368,"name":"Rock 368","size":1.97,"time":"2024-01-11T05:25:08Z"},"geometry":{"type":"Point","coordinates":[-122.144638,37.473817]}},{"type":"Feature","properties":{"id":369,"name":"Rock 369","size":5.51,"time":"2024-01-12T10:44:56Z"},"geometry":{"type":"Point","coordinates":[-122.175322,37.453723]}},{"type":"Feature","properties":{"id":370,"name":"Rock 370","size":3.17,"time":"2024-01-11T19:56:14Z"},"geometry":{"type":"Point","coordinates":[-122.28339,37.865985]}},{"type":"Feature","properties":{"id":371,"name":"Rock 371","size":1.11,"time":"2024-01-14T14:15:42Z"},"geometry":{"type":"Point","coordinates":[-122.169538,37.457538]}},{"type":"Feature","properties":{"id":372,"name":"Rock 372","size":1.45,"time":"2024-01-17T00:27:01Z"},"geometry":{"type":"Point","coordinates":[-122.401913,37.771027]}},{"type":"Feature","properties":{"id":373,"name":"Rock 373","size":0.63,"time":"2024-01-10T19:07:23Z"},"geometry":{"type":"Point","coordinates":[-122.246913,37.601741]}},{"type":"Feature","properties":{"id":374,"name":"Rock 374","size":2.31,"time":"2024-01-12T22:56:04Z"},"geometry":{"type":"Point","coordinates":[-122.439144,37.772495]}},{"type":"Feature","properties":{"id":375,"name":"Rock 375","size":1.81,"time":"2024-01-18T12:47:02Z"},"geometry":{"type":"Point","coordinates":[-122.149915,37.488178]}},{"type":"Feature","properties":{"id":376,"name":"Rock 376","size":6.69,"time":"2024-01-05T21:25:04Z"},"geometry":{"type":"Point","coordinates":[-122.368366,37.798858]}},{"type":"Feature","properties":{"id":377,"name":"Rock 377","size":0.96,"time":"2024-01-01T10:33:54Z"},"geometry":{"type":"Point","coordinates":[-122.258184,37.871303]}},{"type":"Feature","properties":{"id":378,"name":"Rock 378","size":1.3,"time":"2024-01-09T11:53:01Z"},"geometry":{"type":"Point","coordinates":[-122.398159,37.779287]}},{"type":"Feature","properties":{"id":379,"name":"Rock 379","size":2.14,"time":"2024-01-09T13:27:44Z"},"geometry":{"type":"Point","coordinates":[-122.422122,37.767747]}},{"type":"Feature","properties":{"id":380,"name":"Rock 380","size":1.8,"time":"2024-01-14T05:50:15Z"},"geometry":{"type":"Point","coordinates":[-122.259476,37.605709]}},{"type":"Feature","properties":{"id":381,"name":"Rock 381","size":4.85,"time":"2024-01-04T02:06:03Z"},"geometry":{"type":"Point","coordinates":[-122.421837,37.792995]}},{"type":"Feature","properties":{"id":382,"name":"Rock 382","size":4.25,"time":"2024-01-14T06:06:18Z"},"geometry":{"type":"Point","coordinates":[-122.368735,37.659139]}},{"type":"Feature","properties":{"id":383,"name":"Rock 383","size":1.68,"time":"2024-01-17T17:25:15Z"},"geometry":{"type":"Point","coordinates":[-122.25655,37.853195]}},{"type":"Feature","properties":{"id":384,"name":"Rock 384","size":4.68,"time":"2024-01-11T21:33:52Z"},"geometry":{"type":"Point","coordinates":[-122.151214,37.424601]}},{"type":"Feature","properties":{"id":385,"name":"Rock 385","size":1.51,"time":"2024-01-06T15:08:52Z"},"geometry":{"type":"Point","coordinates":[-122.274009,37.862397]}},{"type":"Feature","properties":{"id":386,"name":"Rock 386","size":1.45,"time":"2024-01-14T23:59:09Z"},"geometry":{"type":"Point","coordinates":[-122.434788,37.810333]}},{"type":"Feature","properties":{"id":387,"name":"Rock 387","size":5.91,"time":"2024-01-12T15:54:30Z"},"geometry":{"type":"Point","coordinates":[-122.4125,37.786836]}},{"type":"Feature","properties":{"id":388,"name":"Rock 388","size":3.25,"time":"2024-01-16T00:48:12Z"},"geometry":{"type":"Point","coordinates":[-122.174409,37.457667]}},{"type":"Feature","properties":{"id":389,"name":"Rock 389","size":2.6,"time":"2024-01-16T08:16:53Z"},"geometry":{"type":"Point","coordinates":[-122.300667,37.580994]}},{"type":"Feature","properties":{"id":390,"name":"Rock 390","size":0.92,"time":"2024-01-01T23:22:29Z"},"geometry":{"type":"Point","coordinates":[-122.181879,37.437597]}},{"type":"Feature","properties":{"id":391,"name":"Rock 391","size":3.28,"time":"2024-01-02T14:23:52Z"},"geometry":{"type":"Point","coordinates":[-122.174314,37.454422]}},{"type":"Feature","properties":{"id":392,"name":"Rock 392","size":1.18,"time":"2024-01-14T14:45:28Z"},"geometry":{"type":"Point","coordinates":[-122.138657,37.458517]}},{"type":"Feature","properties":{"id":393,"name":"Rock 393","size":3.47,"time":"2024-01-19T02:46:10Z"},"geometry":{"type":"Point","coordinates":[-122.286644,37.673894]}},{"type":"Feature","properties":{"id":394,"name":"Rock 394","size":4.14,"time":"2024-01-16T11:38:34Z"},"geometry":{"type":"Point","coordinates":[-122.362761,37.615624]}},{"type":"Feature","properties":{"id":395,"name":"Rock 395","size":1.93,"time":"2024-01-17T02:42:47Z"},"geometry":{"type":"Point","coordinates":[-122.411299,37.777635]}},{"type":"Feature","properties":{"id":396,"name":"Rock 396","size":0.96,"time":"2024-01-19T20:16:14Z"},"geometry":{"type":"Point","coordinates":[-122.462646,37.788779]}},{"type":"Feature","properties":{"id":397,"name":"Rock 397","size":2.35,"time":"2024-01-12T03:23:02Z"},"geometry":{"type":"Point","coordinates":[-122.162476,37.512695]}},{"type":"Feature","properties":{"id":398,"name":"Rock 398","size":3.61,"time":"2024-01-16T05:34:53Z"},"geometry":{"type":"Point","coordinates":[-122.295977,37.862061]}},{"type":"Feature","properties":{"id":399,"name":"Rock 399","size":0.85,"time":"2024-01-09T22:37:35Z"},"geometry":{"type":"Point","coordinates":[-122.278717,37.877397]}},{"type":"Feature","properties":{"id":400,"name":"Rock 400","size":1.55,"time":"2024-01-10T01:39:42Z"},"geometry":{"type":"Point","coordinates":[-122.432229,37.792293]}},{"type":"Feature","properties":{"id":401,"name":"Rock 401","size":0.89,"time":"2024-01-13T21:32:08Z"},"geometry":{"type":"Point","coordinates":[-122.106894,37.503849]}},{"type":"Feature","properties":{"id":402,"name":"Rock 402","size":1.02,"time":"2024-01-01T00:05:59Z"},"geometry":{"type":"Point","coordinates":[-122.27722,37.883607]}},{"type":"Feature","properties":{"id":403,"name":"Rock 403","size":5.36,"time":"2024-01-17T03:29:39Z"},"geometry":{"type":"Point","coordinates":[-122.273276,37.89508]}},{"type":"Feature","properties":{"id":404,"name":"Rock 404","size":5.85,"time":"2024-01-15T11:48:18Z"},"geometry":{"type":"Point","coordinates":[-122.423718,37.778421]}},{"type":"Feature","properties":{"id":405,"name":"Rock 405","size":3.6,"time":"2024-01-16T06:50:04Z"},"geometry":{"type":"Point","coordinates":[-122.454226,37.761005]}},{"type":"Feature","properties":{"id":406,"name":"Rock 406","size":1.09,"time":"2024-01-18T10:25:57Z"},"geometry":{"type":"Point","coordinates":[-122.412564,37.588217]}},{"type":"Feature","properties":{"id":407,"name":"Rock 407","size":1.79,"time":"2024-01-08T06:31:08Z"},"geometry":{"type":"Point","coordinates":[-122.337637,37.707655]}},{"type":"Feature","properties":{"id":408,"name":"Rock 408","size":2.27,"time":"2024-01-14T04:27:58Z"},"geometry":{"type":"Point","coordinates":[-122.338024,37.600787]}},{"type":"Feature","properties":{"id":409,"name":"Rock 409","size":6.09,"time":"2024-01-06T02:28:12Z"},"geometry":{"type":"Point","coordinates":[-122.21789,37.612622]}},{"type":"Feature","properties":{"id":410,"name":"Rock 410","size":0.62,"time":"2024-01-13T04:10:03Z"},"geometry":{"type":"Point","coordinates":[-122.301816,37.626686]}},{"type":"Feature","properties":{"id":411,"name":"Rock 411","size":1.4,"time":"2024-01-18T15:03:46Z"},"geometry":{"type":"Point","coordinates":[-122.249895,37.859575]}},{"type":"Feature","properties":{"id":412,"name":"Rock 412","size":1.86,"time":"2024-01-19T21:28:46Z"},"geometry":{"type":"Point","coordinates":[-122.411427,37.734647]}},{"type":"Feature","properties":{"id":413,"name":"Rock 413","size":0.78,"time":"2024-01-16T04:49:54Z"},"geometry":{"type":"Point","coordinates":[-122.153037,37.44985]}},{"type":"Feature","properties":{"id":414,"name":"Rock 414","size":6.66,"time":"2024-01-07T22:01:33Z"},"geometry":{"type":"Point","coordinates":[-122.272274,37.710973]}},{"type":"Feature","properties":{"id":415,"name":"Rock 415","size":1.78,"time":"2024-01-07T06:42:09Z"},"geometry":{"type":"Point","coordinates":[-122.430191,37.782799]}},{"type":"Feature","properties":{"id":416,"name":"Rock 416","size":1.88,"time":"2024-01-11T13:08:33Z"},"geometry":{"type":"Point","coordinates":[-122.460703,37.770549]}},{"type":"Feature","properties":{"id":417,"name":"Rock 417","size":1.15,"time":"2024-01-05T09:28:39Z"},"geometry":{"type":"Point","coordinates":[-122.256072,37.865586]}},{"type":"Feature","properties":{"id":418,"name":"Rock 418","size":1.92,"time":"2024-01-08T01:15:05Z"},"geometry":{"type":"Point","coordinates":[-122.460669,37.773491]}},{"type":"Feature","properties":{"id":419,"name":"Rock 419","size":3.4,"time":"2024-01-13T11:30:25Z"},"geometry":{"type":"Point","coordinates":[-122.167961,37.453337]}},{"type":"Feature","properties":{"id":420,"name":"Rock 420","size":2.01,"time":"2024-01-14T13:53:32Z"},"geometry":{"type":"Point","coordinates":[-122.460273,37.802548]}},{"type":"Feature","properties":{"id":421,"name":"Rock 421","size":2.23,"time":"2024-01-15T15:52:42Z"},"geometry":{"type":"Point","coordinates":[-122.289559,37.574326]}},{"type":"Feature","properties":{"id":422,"name":"Rock 422","size":2.52,"time":"2024-01-08T04:27:41Z"},"geometry":{"type":"Point","coordinates":[-122.179185,37.497211]}},{"type":"Feature","properties":{"id":423,"name":"Rock 423","size":5.46,"time":"2024-01-06T18:47:16Z"},"geometry":{"type":"Point","coordinates":[-122.221866,37.489793]}},{"type":"Feature","properties":{"id":424,"name":"Rock 424","size":8.78,"time":"2024-01-05T01:22:38Z"},"geometry":{"type":"Point","coordinates":[-122.324813,37.602144]}},{"type":"Feature","properties":{"id":425,"name":"Rock 425","size":1.47,"time":"2024-01-11T05:04:35Z"},"geometry":{"type":"Point","coordinates":[-122.279841,37.879893]}},{"type":"Feature","properties":{"id":426,"name":"Rock 426","size":1.78,"time":"2024-01-08T15:19:44Z"},"geometry":{"type":"Point","coordinates":[-122.282722,37.877126]}},{"type":"Feature","properties":{"id":427,"name":"Rock 427","size":3.98,"time":"2024-01-10T09:23:10Z"},"geometry":{"type":"Point","coordinates":[-122.146936,37.416561]}},{"type":"Feature","properties":{"id":428,"name":"Rock 428","size":0.85,"time":"2024-01-10T00:28:04Z"},"geometry":{"type":"Point","coordinates":[-122.414848,37.768772]}},{"type":"Feature","properties":{"id":429,"name":"Rock 429","size":4.07,"time":"2024-01-04T12:31:16Z"},"geometry":{"type":"Point","coordinates":[-122.431119,37.779508]}},{"type":"Feature","properties":{"id":430,"name":"Rock 430","size":2.69,"time":"2024-01-14T15:37:08Z"},"geometry":{"type":"Point","coordinates":[-122.409682,37.545539]}},{"type":"Feature","properties":{"id":431,"name":"Rock 431","size":2.43,"time":"2024-01-14T00:20:41Z"},"geometry":{"type":"Point","coordinates":[-122.454309,37.757384]}},{"type":"Feature","properties":{"id":432,"name":"Rock 432","size":2.32,"time":"2024-01-04T04:52:31Z"},"geometry":{"type":"Point","coordinates":[-122.259216,37.8687]}},{"type":"Feature","properties":{"id":433,"name":"Rock 433","size":1.28,"time":"2024-01-04T00:40:18Z"},"geometry":{"type":"Point","coordinates":[-122.404054,37.796608]}},{"type":"Feature","properties":{"id":434,"name":"Rock 434","size":1.74,"time":"2024-01-07T00:36:43Z"},"geometry":{"type":"Point","coordinates":[-122.252316,37.876261]}},{"type":"Feature","properties":{"id":435,"name":"Rock 435","size":3.76,"time":"2024-01-01T20:57:20Z"},"geometry":{"type":"Point","coordinates":[-122.147699,37.459008]}},{"type":"Feature","properties":{"id":436,"name":"Rock 436","size":2.89,"time":"2024-01-15T12:47:58Z"},"geometry":{"type":"Point","coordinates":[-122.191717,37.445324]}},{"type":"Feature","properties":{"id":437,"name":"Rock 437","size":1.24,"time":"2024-01-02T02:36:56Z"},"geometry":{"type":"Point","coordinates":[-122.268789,37.849989]}},{"type":"Feature","properties":{"id":438,"name":"Rock 438","size":2.05,"time":"2024-01-17T04:11:11Z"},"geometry":{"type":"Point","coordinates":[-122.257249,37.890356]}},{"type":"Feature","properties":{"id":439,"name":"Rock 439","size":5.55,"time":"2024-01-08T07:52:05Z"},"geometry":{"type":"Point","coordinates":[-122.104404,37.406223]}},{"type":"Feature","properties":{"id":440,"name":"Rock 440","size":0.52,"time":"2024-01-16T09:31:36Z"},"geometry":{"type":"Point","coordinates":[-122.413221,37.784362]}},{"type":"Feature","properties":{"id":441,"name":"Rock 441","size":5.45,"time":"2024-01-11T12:38:07Z"},"geometry":{"type":"Point","coordinates":[-122.36782,37.751102]}},{"type":"Feature","properties":{"id":442,"name":"Rock 442","size":1.93,"time":"2024-01-09T00:15:06Z"},"geometry":{"type":"Point","coordinates":[-122.44707,37.804722]}},{"type":"Feature","properties":{"id":443,"name":"Rock 443","size":2.81,"time":"2024-01-17T14:03:45Z"},"geometry":{"type":"Point","coordinates":[-122.403653,37.810782]}},{"type":"Feature","properties":{"id":444,"name":"Rock 444","size":0.9,"time":"2024-01-11T19:53:25Z"},"geometry":{"type":"Point","coordinates":[-122.402373,37.796737]}},{"type":"Feature","properties":{"id":445,"name":"Rock 445","size":3.85,"time":"2024-01-02T02:27:59Z"},"geometry":{"type":"Point","coordinates":[-122.281364,37.620815]}},{"type":"Feature","properties":{"id":446,"name":"Rock 446","size":1.82,"time":"2024-01-09T17:21:43Z"},"geometry":{"type":"Point","coordinates":[-122.434619,37.753162]}},{"type":"Feature","properties":{"id":447,"name":"Rock 447","size":3.06,"time":"2024-01-15T04:00:04Z"},"geometry":{"type":"Point","coordinates":[-122.344509,37.614361]}},{"type":"Feature","properties":{"id":448,"name":"Rock 448","size":2.33,"time":"2024-01-18T13:38:46Z"},"geometry":{"type":"Point","coordinates":[-122.447161,37.767413]}},{"type":"Feature","properties":{"id":449,"name":"Rock 449","size":2.62,"time":"2024-01-18T16:28:51Z"},"geometry":{"type":"Point","coordinates":[-122.428143,37.792302]}},{"type":"Feature","properties":{"id":450,"name":"Rock 450","size":2.81,"time":"2024-01-04T22:12:20Z"},"geometry":{"type":"Point","coordinates":[-122.418006,37.780945]}},{"type":"Feature","properties":{"id":451,"name":"Rock 451","size":3.14,"time":"2024-01-19T11:58:45Z"},"geometry":{"type":"Point","coordinates":[-122.188786,37.463702]}},{"type":"Feature","properties":{"id":452,"name":"Rock 452","size":3.39,"time":"2024-01-08T17:25:55Z"},"geometry":{"type":"Point","coordinates":[-122.395837,37.801983]}},{"type":"Feature","properties":{"id":453,"name":"Rock 453","size":2.21,"time":"2024-01-17T22:26:41Z"},"geometry":{"type":"Point","coordinates":[-122.269347,37.874334]}},{"type":"Feature","properties":{"id":454,"name":"Rock 454","size":1.53,"time":"2024-01-05T09:04:40Z"},"geometry":{"type":"Point","coordinates":[-122.262885,37.640582]}},{"type":"Feature","properties":{"id":455,"name":"Rock 455","size":2.3,"time":"2024-01-16T23:08:19Z"},"geometry":{"type":"Point","coordinates":[-122.342297,37.662774]}},{"type":"Feature","properties":{"id":456,"name":"Rock 456","size":2.88,"time":"2024-01-02T23:48:14Z"},"geometry":{"type":"Point","coordinates":[-122.263671,37.881889]}},{"type":"Feature","properties":{"id":457,"name":"Rock 457","size":2.7,"time":"2024-01-10T21:48:35Z"},"geometry":{"type":"Point","coordinates":[-122.1791,37.44599]}},{"type":"Feature","properties":{"id":458,"name":"Rock 458","size":4.61,"time":"2024-01-12T00:26:21Z"},"geometry":{"type":"Point","coordinates":[-122.427603,37.789025]}},{"type":"Feature","properties":{"id":459,"name":"Rock 459","size":2.01,"time":"2024-01-14T05:40:56Z"},"geometry":{"type":"Point","coordinates":[-122.268188,37.881151]}},{"type":"Feature","properties":{"id":460,"name":"Rock 460","size":6.81,"time":"2024-01-12T23:57:16Z"},"geometry":{"type":"Point","coordinates":[-122.312038,37.623334]}},{"type":"Feature","properties":{"id":461,"name":"Rock 461","size":1.41,"time":"2024-01-03T18:57:38Z"},"geometry":{"type":"Point","coordinates":[-122.406717,37.781489]}},{"type":"Feature","properties":{"id":462,"name":"Rock 462","size":4.59,"time":"2024-01-01T01:28:05Z"},"geometry":{"type":"Point","coordinates":[-122.42218,37.792436]}},{"type":"Feature","properties":{"id":463,"name":"Rock 463","size":4.47,"time":"2024-01-09T21:01:29Z"},"geometry":{"type":"Point","coordinates":[-122.179591,37.482624]}},{"type":"Feature","properties":{"id":464,"name":"Rock 464","size":1.41,"time":"2024-01-07T01:45:33Z"},"geometry":{"type":"Point","coordinates":[-122.41168,37.778296]}},{"type":"Feature","properties":{"id":465,"name":"Rock 465","size":4.69,"time":"2024-01-14T10:28:19Z"},"geometry":{"type":"Point","coordinates":[-122.129639,37.458024]}},{"type":"Feature","properties":{"id":466,"name":"Rock 466","size":3.98,"time":"2024-01-05T16:25:25Z"},"geometry":{"type":"Point","coordinates":[-122.444308,37.786556]}},{"type":"Feature","properties":{"id":467,"name":"Rock 467","size":0.76,"time":"2024-01-17T00:26:27Z"},"geometry":{"type":"Point","coordinates":[-122.444746,37.765412]}},{"type":"Feature","properties":{"id":468,"name":"Rock 468","size":1.75,"time":"2024-01-05T23:11:03Z"},"geometry":{"type":"Point","coordinates":[-122.287734,37.873782]}},{"type":"Feature","properties":{"id":469,"name":"Rock 469","size":2.4,"time":"2024-01-09T19:18:05Z"},"geometry":{"type":"Point","coordinates":[-122.394567,37.663574]}},{"type":"Feature","properties":{"id":470,"name":"Rock 470","size":0.86,"time":"2024-01-04T08:08:01Z"},"geometry":{"type":"Point","coordinates":[-122.294868,37.866501]}},{"type":"Feature","properties":{"id":471,"name":"Rock 471","size":1.19,"time":"2024-01-10T03:18:54Z"},"geometry":{"type":"Point","coordinates":[-122.267799,37.861072]}},{"type":"Feature","properties":{"id":472,"name":"Rock 472","size":1.54,"time":"2024-01-01T23:14:55Z"},"geometry":{"type":"Point","coordinates":[-122.299057,37.600649]}},{"type":"Feature","properties":{"id":473,"name":"Rock 473","size":2.63,"time":"2024-01-11T14:10:14Z"},"geometry":{"type":"Point","coordinates":[-122.404272,37.786432]}},{"type":"Feature","properties":{"id":474,"name":"Rock 474","size":4.01,"time":"2024-01-01T12:23:11Z"},"geometry":{"type":"Point","coordinates":[-122.443664,37.755191]}},{"type":"Feature","properties":{"id":475,"name":"Rock 475","size":0.85,"time":"2024-01-08T00:12:49Z"},"geometry":{"type":"Point","coordinates":[-122.25981,37.891739]}},{"type":"Feature","properties":{"id":476,"name":"Rock 476","size":0.56,"time":"2024-01-14T18:37:20Z"},"geometry":{"type":"Point","coordinates":[-122.283487,37.853802]}},{"type":"Feature","properties":{"id":477,"name":"Rock 477","size":2.98,"time":"2024-01-12T09:59:12Z"},"geometry":{"type":"Point","coordinates":[-122.424547,37.755214]}},{"type":"Feature","properties":{"id":478,"name":"Rock 478","size":2.37,"time":"2024-01-12T05:23:13Z"},"geometry":{"type":"Point","coordinates":[-122.14758,37.472523]}},{"type":"Feature","properties":{"id":479,"name":"Rock 479","size":7.63,"time":"2024-01-02T17:14:15Z"},"geometry":{"type":"Point","coordinates":[-122.321014,37.628049]}},{"type":"Feature","properties":{"id":480,"name":"Rock 480","size":2.87,"time":"2024-01-02T12:21:31Z"},"geometry":{"type":"Point","coordinates":[-122.274267,37.636909]}},{"type":"Feature","properties":{"id":481,"name":"Rock 481","size":1.06,"time":"2024-01-18T15:32:27Z"},"geometry":{"type":"Point","coordinates":[-122.187346,37.448017]}},{"type":"Feature","properties":{"id":482,"name":"Rock 482","size":4.01,"time":"2024-01-09T02:33:01Z"},"geometry":{"type":"Point","coordinates":[-122.167436,37.442166]}},{"type":"Feature","properties":{"id":483,"name":"Rock 483","size":2.99,"time":"2024-01-10T23:59:19Z"},"geometry":{"type":"Point","coordinates":[-122.425757,37.763741]}},{"type":"Feature","properties":{"id":484,"name":"Rock 484","size":2.69,"time":"2024-01-11T04:17:45Z"},"geometry":{"type":"Point","coordinates":[-122.16266,37.455246]}},{"type":"Feature","properties":{"id":485,"name":"Rock 485","size":9.33,"time":"2024-01-07T06:29:45Z"},"geometry":{"type":"Point","coordinates":[-122.29046,37.676818]}},{"type":"Feature","properties":{"id":486,"name":"Rock 486","size":4.33,"time":"2024-01-14T07:57:42Z"},"geometry":{"type":"Point","coordinates":[-122.16539,37.430666]}},{"type":"Feature","properties":{"id":487,"name":"Rock 487","size":2.92,"time":"2024-01-16T13:35:42Z"},"geometry":{"type":"Point","coordinates":[-122.134128,37.455956]}},{"type":"Feature","properties":{"id":488,"name":"Rock 488","size":3.85,"time":"2024-01-18T23:33:24Z"},"geometry":{"type":"Point","coordinates":[-122.136645,37.444569]}},{"type":"Feature","properties":{"id":489,"name":"Rock 489","size":6.36,"time":"2024-01-16T16:44:58Z"},"geometry":{"type":"Point","coordinates":[-122.240132,37.608206]}},{"type":"Feature","properties":{"id":490,"name":"Rock 490","size":5.49,"time":"2024-01-17T10:43:57Z"},"geometry":{"type":"Point","coordinates":[-122.405758,37.77523]}},{"type":"Feature","properties":{"id":491,"name":"Rock 491","size":2.24,"time":"2024-01-02T06:01:01Z"},"geometry":{"type":"Point","coordinates":[-122.420758,37.770293]}},{"type":"Feature","properties":{"id":492,"name":"Rock 492","size":5.02,"time":"2024-01-17T04:45:33Z"},"geometry":{"type":"Point","coordinates":[-122.403364,37.809985]}},{"type":"Feature","properties":{"id":493,"name":"Rock 493","size":7.6,"time":"2024-01-10T10:08:48Z"},"geometry":{"type":"Point","coordinates":[-122.382958,37.785521]}},{"type":"Feature","properties":{"id":494,"name":"Rock 494","size":1.38,"time":"2024-01-08T22:59:00Z"},"geometry":{"type":"Point","coordinates":[-122.397896,37.798797]}},{"type":"Feature","properties":{"id":495,"name":"Rock 495","size":2.69,"time":"2024-01-15T22:29:23Z"},"geometry":{"type":"Point","coordinates":[-122.2819,37.589685]}},{"type":"Feature","properties":{"id":496,"name":"Rock 496","size":2.61,"time":"2024-01-11T15:51:08Z"},"geometry":{"type":"Point","coordinates":[-122.410972,37.786243]}},{"type":"Feature","properties":{"id":497,"name":"Rock 497","size":1.74,"time":"2024-01-16T16:49:58Z"},"geometry":{"type":"Point","coordinates":[-122.397453,37.758023]}},{"type":"Feature","properties":{"id":498,"name":"Rock 498","size":3.12,"time":"2024-01-14T17:57:18Z"},"geometry":{"type":"Point","coordinates":[-122.253507,37.599014]}},{"type":"Feature","properties":{"id":499,"name":"Rock 499","size":0.61,"time":"2024-01-15T17:45:00Z"},"geometry":{"type":"Point","coordinates":[-122.133398,37.446565]}},{"type":"Feature","properties":{"id":500,"name":"Rock 500","size":1.96,"time":"2024-01-15T15:03:20Z"},"geometry":{"type":"Point","coordinates":[-122.324617,37.642075]}},{"type":"Feature","properties":{"id":501,"name":"Rock 501","size":4.93,"time":"2024-01-13T18:27:33Z"},"geometry":{"type":"Point","coordinates":[-122.428797,37.818155]}},{"type":"Feature","properties":{"id":502,"name":"Rock 502","size":5.9,"time":"2024-01-19T14:34:38Z"},"geometry":{"type":"Point","coordinates":[-122.163675,37.433279]}},{"type":"Feature","properties":{"id":503,"name":"Rock 503","size":1.53,"time":"2024-01-16T04:54:21Z"},"geometry":{"type":"Point","coordinates":[-122.397344,37.677522]}},{"type":"Feature","properties":{"id":504,"name":"Rock 504","size":4.52,"time":"2024-01-05T14:04:11Z"},"geometry":{"type":"Point","coordinates":[-122.152433,37.448626]}},{"type":"Feature","properties":{"id":505,"name":"Rock 505","size":1.93,"time":"2024-01-11T19:00:07Z"},"geometry":{"type":"Point","coordinates":[-122.442703,37.752624]}},{"type":"Feature","properties":{"id":506,"name":"Rock 506","size":2.32,"time":"2024-01-12T22:13:57Z"},"geometry":{"type":"Point","coordinates":[-122.455503,37.777318]}},{"type":"Feature","properties":{"id":507,"name":"Rock 507","size":3.15,"time":"2024-01-11T08:54:41Z"},"geometry":{"type":"Point","coordinates":[-122.132102,37.469716]}},{"type":"Feature","properties":{"id":508,"name":"Rock 508","size":4.29,"time":"2024-01-04T20:33:40Z"},"geometry":{"type":"Point","coordinates":[-122.191483,37.489466]}},{"type":"Feature","properties":{"id":509,"name":"Rock 509","size":1.03,"time":"2024-01-03T21:07:41Z"},"geometry":{"type":"Point","coordinates":[-122.245205,37.868395]}},{"type":"Feature","properties":{"id":510,"name":"Rock 510","size":3.23,"time":"2024-01-10T07:47:31Z"},"geometry":{"type":"Point","coordinates":[-122.420499,37.776796]}},{"type":"Feature","properties":{"id":511,"name":"Rock 511","size":1.67,"time":"2024-01-09T02:12:57Z"},"geometry":{"type":"Point","coordinates":[-122.290941,37.858362]}},{"type":"Feature","properties":{"id":512,"name":"Rock 512","size":2.4,"time":"2024-01-08T17:45:42Z"},"geometry":{"type":"Point","coordinates":[-122.148301,37.476884]}},{"type":"Feature","properties":{"id":513,"name":"Rock 513","size":3.96,"time":"2024-01-11T18:40:11Z"},"geometry":{"type":"Point","coordinates":[-122.248666,37.596147]}},{"type":"Feature","properties":{"id":514,"name":"Rock 514","size":2.19,"time":"2024-01-16T13:06:21Z"},"geometry":{"type":"Point","coordinates":[-122.285928,37.883206]}},{"type":"Feature","properties":{"id":515,"name":"Rock 515","size":2.11,"time":"2024-01-16T20:12:01Z"},"geometry":{"type":"Point","coordinates":[-122.143625,37.411916]}},{"type":"Feature","properties":{"id":516,"name":"Rock 516","size":8.81,"time":"2024-01-11T16:29:35Z"},"geometry":{"type":"Point","coordinates":[-122.451167,37.752158]}},{"type":"Feature","properties":{"id":517,"name":"Rock 517","size":0.68,"time":"2024-01-16T15:52:59Z"},"geometry":{"type":"Point","coordinates":[-122.161685,37.455639]}},{"type":"Feature","properties":{"id":518,"name":"Rock 518","size":3.78,"time":"2024-01-18T23:45:51Z"},"geometry":{"type":"Point","coordinates":[-122.330684,37.597183]}},{"type":"Feature","properties":{"id":519,"name":"Rock 519","size":2.92,"time":"2024-01-05T04:07:53Z"},"geometry":{"type":"Point","coordinates":[-122.104783,37.424876]}},{"type":"Feature","properties":{"id":520,"name":"Rock 520","size":1.51,"time":"2024-01-09T06:14:35Z"},"geometry":{"type":"Point","coordinates":[-122.283337,37.617942]}},{"type":"Feature","properties":{"id":521,"name":"Rock 521","size":1.52,"time":"2024-01-14T16:10:05Z"},"geometry":{"type":"Point","coordinates":[-122.388338,37.778357]}},{"type":"Feature","properties":{"id":522,"name":"Rock 522","size":1.78,"time":"2024-01-03T11:49:35Z"},"geometry":{"type":"Point","coordinates":[-122.169448,37.493756]}},{"type":"Feature","properties":{"id":523,"name":"Rock 523","size":3.96,"time":"2024-01-13T21:59:18Z"},"geometry":{"type":"Point","coordinates":[-122.282882,37.875046]}},{"type":"Feature","properties":{"id":524,"name":"Rock 524","size":1.39,"time":"2024-01-05T19:11:09Z"},"geometry":{"type":"Point","coordinates":[-122.249927,37.8787]}},{"type":"Feature","properties":{"id":525,"name":"Rock 525","size":4.05,"time":"2024-01-16T22:11:47Z"},"geometry":{"type":"Point","coordinates":[-122.243228,37.621959]}},{"type":"Feature","properties":{"id":526,"name":"Rock 526","size":4.01,"time":"2024-01-06T07:37:46Z"},"geometry":{"type":"Point","coordinates":[-122.434634,37.788662]}},{"type":"Feature","properties":{"id":527,"name":"Rock 527","size":1.01,"time":"2024-01-10T15:43:21Z"},"geometry":{"type":"Point","coordinates":[-122.4405,37.773302]}},{"type":"Feature","properties":{"id":528,"name":"Rock 528","size":1.46,"time":"2024-01-10T07:56:41Z"},"geometry":{"type":"Point","coordinates":[-122.197035,37.455021]}},{"type":"Feature","properties":{"id":529,"name":"Rock 529","size":1.65,"time":"2024-01-08T10:53:59Z"},"geometry":{"type":"Point","coordinates":[-122.256919,37.873917]}},{"type":"Feature","properties":{"id":530,"name":"Rock 530","size":3.31,"time":"2024-01-05T19:23:03Z"},"geometry":{"type":"Point","coordinates":[-122.454617,37.756333]}},{"type":"Feature","properties":{"id":531,"name":"Rock 531","size":1.97,"time":"2024-01-04T11:51:50Z"},"geometry":{"type":"Point","coordinates":[-122.274497,37.871738]}},{"type":"Feature","properties":{"id":532,"name":"Rock 532","size":4.13,"time":"2024-01-02T15:04:49Z"},"geometry":{"type":"Point","coordinates":[-122.405486,37.800709]}},{"type":"Feature","properties":{"id":533,"name":"Rock 533","size":4.32,"time":"2024-01-08T14:30:01Z"},"geometry":{"type":"Point","coordinates":[-122.323238,37.636247]}},{"type":"Feature","properties":{"id":534,"name":"Rock 534","size":6.97,"time":"2024-01-09T18:00:50Z"},"geometry":{"type":"Point","coordinates":[-122.190377,37.439759]}},{"type":"Feature","properties":{"id":535,"name":"Rock 535","size":1.87,"time":"2024-01-15T04:37:43Z"},"geometry":{"type":"Point","coordinates":[-122.272591,37.887337]}},{"type":"Feature","properties":{"id":536,"name":"Rock 536","size":0.74,"time":"2024-01-08T13:56:29Z"},"geometry":{"type":"Point","coordinates":[-122.137349,37.381002]}},{"type":"Feature","properties":{"id":537,"name":"Rock 537","size":2.27,"time":"2024-01-11T15:00:26Z"},"geometry":{"type":"Point","coordinates":[-122.31754,37.607343]}},{"type":"Feature","properties":{"id":538,"name":"Rock 538","size":3.66,"time":"2024-01-01T02:49:09Z"},"geometry":{"type":"Point","coordinates":[-122.126301,37.460276]}},{"type":"Feature","properties":{"id":539,"name":"Rock 539","size":1.87,"time":"2024-01-16T15:31:02Z"},"geometry":{"type":"Point","coordinates":[-122.291261,37.647456]}},{"type":"Feature","properties":{"id":540,"name":"Rock 540","size":3.15,"time":"2024-01-14T11:05:35Z"},"geometry":{"type":"Point","coordinates":[-122.264522,37.639225]}},{"type":"Feature","properties":{"id":541,"name":"Rock 541","size":2.57,"time":"2024-01-17T22:53:00Z"},"geometry":{"type":"Point","coordinates":[-122.253491,37.873139]}},{"type":"Feature","properties":{"id":542,"name":"Rock 542","size":0.89,"time":"2024-01-16T12:59:25Z"},"geometry":{"type":"Point","coordinates":[-122.281352,37.860926]}},{"type":"Feature","properties":{"id":543,"name":"Rock 543","size":8.52,"time":"2024-01-09T09:08:56Z"},"geometry":{"type":"Point","coordinates":[-122.260906,37.882696]}},{"type":"Feature","properties":{"id":544,"name":"Rock 544","size":2.23,"time":"2024-01-11T04:30:42Z"},"geometry":{"type":"Point","coordinates":[-122.181202,37.454789]}},{"type":"Feature","properties":{"id":545,"name":"Rock 545","size":4.49,"time":"2024-01-12T22:43:01Z"},"geometry":{"type":"Point","coordinates":[-122.433905,37.788167]}},{"type":"Feature","properties":{"id":546,"name":"Rock 546","size":0.78,"time":"2024-01-19T14:51:27Z"},"geometry":{"type":"Point","coordinates":[-122.303403,37.581694]}},{"type":"Feature","properties":{"id":547,"name":"Rock 547","size":3.08,"time":"2024-01-16T00:35:49Z"},"geometry":{"type":"Point","coordinates":[-122.280077,37.868775]}},{"type":"Feature","properties":{"id":548,"name":"Rock 548","size":0.97,"time":"2024-01-17T16:23:57Z"},"geometry":{"type":"Point","coordinates":[-122.432643,37.810955]}},{"type":"Feature","properties":{"id":549,"name":"Rock 549","size":3.8,"time":"2024-01-15T16:12:33Z"},"geometry":{"type":"Point","coordinates":[-122.22714,37.638621]}},{"type":"Feature","properties":{"id":550,"name":"Rock 550","size":6.54,"time":"2024-01-03T09:23:09Z"},"geometry":{"type":"Point","coordinates":[-122.3075,37.588077]}},{"type":"Feature","properties":{"id":551,"name":"Rock 551","size":1.72,"time":"2024-01-12T06:03:59Z"},"geometry":{"type":"Point","coordinates":[-122.14347,37.461177]}},{"type":"Feature","properties":{"id":552,"name":"Rock 552","size":3.5,"time":"2024-01-02T19:24:14Z"},"geometry":{"type":"Point","coordinates":[-122.444923,37.763363]}},{"type":"Feature","properties":{"id":553,"name":"Rock 553","size":1.03,"time":"2024-01-04T09:08:34Z"},"geometry":{"type":"Point","coordinates":[-122.130043,37.414443]}},{"type":"Feature","properties":{"id":554,"name":"Rock 554","size":2.47,"time":"2024-01-16T02:28:44Z"},"geometry":{"type":"Point","coordinates":[-122.435346,37.762956]}},{"type":"Feature","properties":{"id":555,"name":"Rock 555","size":1.65,"time":"2024-01-18T15:51:03Z"},"geometry":{"type":"Point","coordinates":[-122.272528,37.857658]}},{"type":"Feature","properties":{"id":556,"name":"Rock 556","size":4.54,"time":"2024-01-12T23:05:32Z"},"geometry":{"type":"Point","coordinates":[-122.273293,37.691916]}},{"type":"Feature","properties":{"id":557,"name":"Rock 557","size":1.91,"time":"2024-01-01T00:16:48Z"},"geometry":{"type":"Point","coordinates":[-122.268544,37.8629]}},{"type":"Feature","properties":{"id":558,"name":"Rock 558","size":2.41,"time":"2024-01-08T16:49:23Z"},"geometry":{"type":"Point","coordinates":[-122.246838,37.630536]}},{"type":"Feature","properties":{"id":559,"name":"Rock 559","size":0.9,"time":"2024-01-10T11:56:15Z"},"geometry":{"type":"Point","coordinates":[-122.313872,37.587353]}},{"type":"Feature","properties":{"id":560,"name":"Rock 560","size":1.6,"time":"2024-01-01T03:26:36Z"},"geometry":{"type":"Point","coordinates":[-122.172064,37.486759]}},{"type":"Feature","properties":{"id":561,"name":"Rock 561","size":3.56,"time":"2024-01-03T09:35:10Z"},"geometry":{"type":"Point","coordinates":[-122.427751,37.766563]}},{"type":"Feature","properties":{"id":562,"name":"Rock 562","size":0.85,"time":"2024-01-19T17:56:39Z"},"geometry":{"type":"Point","coordinates":[-122.266913,37.864514]}},{"type":"Feature","properties":{"id":563,"name":"Rock 563","size":1.46,"time":"2024-01-01T15:24:29Z"},"geometry":{"type":"Point","coordinates":[-122.29013,37.863612]}},{"type":"Feature","properties":{"id":564,"name":"Rock 564","size":1.87,"time":"2024-01-12T17:16:51Z"},"geometry":{"type":"Point","coordinates":[-122.326196,37.587541]}},{"type":"Feature","properties":{"id":565,"name":"Rock 565","size":6.47,"time":"2024-01-05T06:28:54Z"},"geometry":{"type":"Point","coordinates":[-122.179999,37.474746]}},{"type":"Feature","properties":{"id":566,"name":"Rock 566","size":1.67,"time":"2024-01-03T11:45:47Z"},"geometry":{"type":"Point","coordinates":[-122.341802,37.692412]}},{"type":"Feature","properties":{"id":567,"name":"Rock 567","size":2.8,"time":"2024-01-10T12:49:35Z"},"geometry":{"type":"Point","coordinates":[-122.429129,37.77946]}},{"type":"Feature","properties":{"id":568,"name":"Rock 568","size":1.08,"time":"2024-01-15T09:42:05Z"},"geometry":{"type":"Point","coordinates":[-122.30791,37.542289]}},{"type":"Feature","properties":{"id":569,"name":"Rock 569","size":3.72,"time":"2024-01-14T04:22:30Z"},"geometry":{"type":"Point","coordinates":[-122.301054,37.612191]}},{"type":"Feature","properties":{"id":570,"name":"Rock 570","size":2.69,"time":"2024-01-14T20:00:28Z"},"geometry":{"type":"Point","coordinates":[-122.283386,37.724034]}},{"type":"Feature","properties":{"id":571,"name":"Rock 571","size":1.24,"time":"2024-01-16T14:19:37Z"},"geometry":{"type":"Point","coordinates":[-122.439616,37.744858]}},{"type":"Feature","properties":{"id":572,"name":"Rock 572","size":3.31,"time":"2024-01-01T13:21:40Z"},"geometry":{"type":"Point","coordinates":[-122.411235,37.753471]}},{"type":"Feature","properties":{"id":573,"name":"Rock 573","size":2.3,"time":"2024-01-05T14:07:50Z"},"geometry":{"type":"Point","coordinates":[-122.386214,37.774026]}},{"type":"Feature","properties":{"id":574,"name":"Rock 574","size":5.44,"time":"2024-01-08T20:03:38Z"},"geometry":{"type":"Point","coordinates":[-122.353451,37.628372]}},{"type":"Feature","properties":{"id":575,"name":"Rock 575","size":2.44,"time":"2024-01-17T08:28:18Z"},"geometry":{"type":"Point","coordinates":[-122.164107,37.441714]}},{"type":"Feature","properties":{"id":576,"name":"Rock 576","size":2.64,"time":"2024-01-11T18:49:29Z"},"geometry":{"type":"Point","coordinates":[-122.321632,37.653463]}},{"type":"Feature","properties":{"id":577,"name":"Rock 577","size":6.9,"time":"2024-01-18T04:57:25Z"},"geometry":{"type":"Point","coordinates":[-122.291153,37.847525]}},{"type":"Feature","properties":{"id":578,"name":"Rock 578","size":4.62,"time":"2024-01-11T04:59:36Z"},"geometry":{"type":"Point","coordinates":[-122.420981,37.806339]}},{"type":"Feature","properties":{"id":579,"name":"Rock 579","size":3.86,"time":"2024-01-18T06:46:24Z"},"geometry":{"type":"Point","coordinates":[-122.405796,37.798265]}},{"type":"Feature","properties":{"id":580,"name":"Rock 580","size":4.86,"time":"2024-01-18T05:04:41Z"},"geometry":{"type":"Point","coordinates":[-122.409872,37.776662]}},{"type":"Feature","properties":{"id":581,"name":"Rock 581","size":7.84,"time":"2024-01-09T02:59:10Z"},"geometry":{"type":"Point","coordinates":[-122.268077,37.871023]}},{"type":"Feature","properties":{"id":582,"name":"Rock 582","size":1.41,"time":"2024-01-01T10:13:46Z"},"geometry":{"type":"Point","coordinates":[-122.442821,37.740412]}},{"type":"Feature","properties":{"id":583,"name":"Rock 583","size":7.98,"time":"2024-01-15T06:18:12Z"},"geometry":{"type":"Point","coordinates":[-122.401007,37.79816]}},{"type":"Feature","properties":{"id":584,"name":"Rock 584","size":2.62,"time":"2024-01-09T03:35:26Z"},"geometry":{"type":"Point","coordinates":[-122.311487,37.605532]}},{"type":"Feature","properties":{"id":585,"name":"Rock 585","size":4.95,"time":"2024-01-09T19:22:14Z"},"geometry":{"type":"Point","coordinates":[-122.287689,37.858174]}},{"type":"Feature","properties":{"id":586,"name":"Rock 586","size":0.75,"time":"2024-01-16T02:38:54Z"},"geometry":{"type":"Point","coordinates":[-122.454939,37.783323]}},{"type":"Feature","properties":{"id":587,"name":"Rock 587","size":3.61,"time":"2024-01-12T17:25:48Z"},"geometry":{"type":"Point","coordinates":[-122.417436,37.774587]}},{"type":"Feature","properties":{"id":588,"name":"Rock 588","size":1.66,"time":"2024-01-08T11:55:21Z"},"geometry":{"type":"Point","coordinates":[-122.418238,37.777149]}},{"type":"Feature","properties":{"id":589,"name":"Rock 589","size":6.81,"time":"2024-01-14T00:32:26Z"},"geometry":{"type":"Point","coordinates":[-122.177437,37.418654]}},{"type":"Feature","properties":{"id":590,"name":"Rock 590","size":1.68,"time":"2024-01-01T04:44:20Z"},"geometry":{"type":"Point","coordinates":[-122.160183,37.427896]}},{"type":"Feature","properties":{"id":591,"name":"Rock 591","size":2.13,"time":"2024-01-17T20:52:42Z"},"geometry":{"type":"Point","coordinates":[-122.314598,37.738828]}},{"type":"Feature","properties":{"id":592,"name":"Rock 592","size":0.95,"time":"2024-01-14T08:42:35Z"},"geometry":{"type":"Point","coordinates":[-122.233416,37.680934]}},{"type":"Feature","properties":{"id":593,"name":"Rock 593","size":2.99,"time":"2024-01-14T09:43:56Z"},"geometry":{"type":"Point","coordinates":[-122.439855,37.777271]}},{"type":"Feature","properties":{"id":594,"name":"Rock 594","size":2.79,"time":"2024-01-05T18:09:54Z"},"geometry":{"type":"Point","coordinates":[-122.128088,37.448394]}},{"type":"Feature","properties":{"id":595,"name":"Rock 595","size":1.53,"time":"2024-01-15T04:15:36Z"},"geometry":{"type":"Point","coordinates":[-122.429939,37.76856]}},{"type":"Feature","properties":{"id":596,"name":"Rock 596","size":0.63,"time":"2024-01-03T21:57:45Z"},"geometry":{"type":"Point","coordinates":[-122.446238,37.795661]}},{"type":"Feature","properties":{"id":597,"name":"Rock 597","size":5.73,"time":"2024-01-08T12:08:00Z"},"geometry":{"type":"Point","coordinates":[-122.214859,37.454438]}},{"type":"Feature","properties":{"id":598,"name":"Rock 598","size":3.96,"time":"2024-01-10T13:01:29Z"},"geometry":{"type":"Point","coordinates":[-122.251801,37.858716]}},{"type":"Feature","properties":{"id":599,"name":"Rock 599","size":2.33,"time":"2024-01-12T16:10:10Z"},"geometry":{"type":"Point","coordinates":[-122.245385,37.87991]}},{"type":"Feature","properties":{"id":600,"name":"Rock 600","size":0.98,"time":"2024-01-19T02:11:03Z"},"geometry":{"type":"Point","coordinates":[-122.428736,37.782558]}},{"type":"Feature","properties":{"id":601,"name":"Rock 601","size":2.7,"time":"2024-01-13T05:28:07Z"},"geometry":{"type":"Point","coordinates":[-122.379957,37.76217]}},{"type":"Feature","properties":{"id":602,"name":"Rock 602","size":1.57,"time":"2024-01-10T08:38:31Z"},"geometry":{"type":"Point","coordinates":[-122.408639,37.763188]}},{"type":"Feature","properties":{"id":603,"name":"Rock 603","size":1.83,"time":"2024-01-08T18:54:43Z"},"geometry":{"type":"Point","coordinates":[-122.420774,37.777881]}},{"type":"Feature","properties":{"id":604,"name":"Rock 604","size":1.09,"time":"2024-01-03T03:58:17Z"},"geometry":{"type":"Point","coordinates":[-122.430121,37.77543]}},{"type":"Feature","properties":{"id":605,"name":"Rock 605","size":4.89,"time":"2024-01-09T12:25:50Z"},"geometry":{"type":"Point","coordinates":[-122.397852,37.79526]}},{"type":"Feature","properties":{"id":606,"name":"Rock 606","size":3.93,"time":"2024-01-04T01:03:24Z"},"geometry":{"type":"Point","coordinates":[-122.440183,37.795572]}},{"type":"Feature","properties":{"id":607,"name":"Rock 607","size":1.86,"time":"2024-01-13T02:53:37Z"},"geometry":{"type":"Point","coordinates":[-122.289612,37.862396]}},{"type":"Feature","properties":{"id":608,"name":"Rock 608","size":2.38,"time":"2024-01-16T15:21:37Z"},"geometry":{"type":"Point","coordinates":[-122.411181,37.759312]}},{"type":"Feature","properties":{"id":609,"name":"Rock 609","size":2.26,"time":"2024-01-16T22:55:16Z"},"geometry":{"type":"Point","coordinates":[-122.214486,37.466532]}},{"type":"Feature","properties":{"id":610,"name":"Rock 610","size":2.82,"time":"2024-01-16T06:56:39Z"},"geometry":{"type":"Point","coordinates":[-122.110221,37.457429]}},{"type":"Feature","properties":{"id":611,"name":"Rock 611","size":5.75,"time":"2024-01-15T22:09:33Z"},"geometry":{"type":"Point","coordinates":[-122.422944,37.772997]}},{"type":"Feature","properties":{"id":612,"name":"Rock 612","size":1.45,"time":"2024-01-07T10:03:42Z"},"geometry":{"type":"Point","coordinates":[-122.37365,37.750923]}},{"type":"Feature","properties":{"id":613,"name":"Rock 613","size":0.82,"time":"2024-01-19T23:00:28Z"},"geometry":{"type":"Point","coordinates":[-122.417734,37.77187]}},{"type":"Feature","properties":{"id":614,"name":"Rock 614","size":6.39,"time":"2024-01-15T00:17:24Z"},"geometry":{"type":"Point","coordinates":[-122.423548,37.78612]}},{"type":"Feature","properties":{"id":615,"name":"Rock 615","size":3.2,"time":"2024-01-04T10:13:43Z"},"geometry":{"type":"Point","coordinates":[-122.276974,37.614117]}},{"type":"Feature","properties":{"id":616,"name":"Rock 616","size":6.16,"time":"2024-01-12T01:00:03Z"},"geometry":{"type":"Point","coordinates":[-122.40677,37.766427]}},{"type":"Feature","properties":{"id":617,"name":"Rock 617","size":0.93,"time":"2024-01-06T16:44:35Z"},"geometry":{"type":"Point","coordinates":[-122.411247,37.790651]}},{"type":"Feature","properties":{"id":618,"name":"Rock 618","size":1.18,"time":"2024-01-13T00:23:39Z"},"geometry":{"type":"Point","coordinates":[-122.263937,37.64774]}},{"type":"Feature","properties":{"id":619,"name":"Rock 619","size":3.57,"time":"2024-01-15T15:11:55Z"},"geometry":{"type":"Point","coordinates":[-122.423002,37.795187]}},{"type":"Feature","properties":{"id":620,"name":"Rock 620","size":1.67,"time":"2024-01-02T21:17:47Z"},"geometry":{"type":"Point","coordinates":[-122.32922,37.638729]}},{"type":"Feature","properties":{"id":621,"name":"Rock 621","size":0.53,"time":"2024-01-13T06:17:02Z"},"geometry":{"type":"Point","coordinates":[-122.1508,37.444063]}},{"type":"Feature","properties":{"id":622,"name":"Rock 622","size":5.92,"time":"2024-01-18T19:43:57Z"},"geometry":{"type":"Point","coordinates":[-122.241654,37.650429]}},{"type":"Feature","properties":{"id":623,"name":"Rock 623","size":0.93,"time":"2024-01-18T05:27:36Z"},"geometry":{"type":"Point","coordinates":[-122.356408,37.667279]}},{"type":"Feature","properties":{"id":624,"name":"Rock 624","size":0.84,"time":"2024-01-01T08:16:01Z"},"geometry":{"type":"Point","coordinates":[-122.302996,37.604496]}},{"type":"Feature","properties":{"id":625,"name":"Rock 625","size":1.55,"time":"2024-01-13T06:44:06Z"},"geometry":{"type":"Point","coordinates":[-122.391796,37.793588]}},{"type":"Feature","properties":{"id":626,"name":"Rock 626","size":4.04,"time":"2024-01-13T05:08:35Z"},"geometry":{"type":"Point","coordinates":[-122.408633,37.782193]}},{"type":"Feature","properties":{"id":627,"name":"Rock 627","size":6.34,"time":"2024-01-07T19:46:24Z"},"geometry":{"type":"Point","coordinates":[-122.279054,37.700671]}},{"type":"Feature","properties":{"id":628,"name":"Rock 628","size":1.39,"time":"2024-01-09T00:03:58Z"},"geometry":{"type":"Point","coordinates":[-122.425546,37.78661]}},{"type":"Feature","properties":{"id":629,"name":"Rock 629","size":0.71,"time":"2024-01-06T02:50:36Z"},"geometry":{"type":"Point","coordinates":[-122.412005,37.780222]}},{"type":"Feature","properties":{"id":630,"name":"Rock 630","size":5.61,"time":"2024-01-12T09:28:37Z"},"geometry":{"type":"Point","coordinates":[-122.275149,37.848495]}},{"type":"Feature","properties":{"id":631,"name":"Rock 631","size":4.07,"time":"2024-01-15T12:29:19Z"},"geometry":{"type":"Point","coordinates":[-122.271009,37.666897]}},{"type":"Feature","properties":{"id":632,"name":"Rock 632","size":4.08,"time":"2024-01-17T12:44:06Z"},"geometry":{"type":"Point","coordinates":[-122.43202,37.754709]}},{"type":"Feature","properties":{"id":633,"name":"Rock 633","size":2.81,"time":"2024-01-03T04:17:32Z"},"geometry":{"type":"Point","coordinates":[-122.34089,37.626951]}},{"type":"Feature","properties":{"id":634,"name":"Rock 634","size":1.97,"time":"2024-01-17T20:43:48Z"},"geometry":{"type":"Point","coordinates":[-122.290621,37.874575]}},{"type":"Feature","properties":{"id":635,"name":"Rock 635","size":1.76,"time":"2024-01-10T15:10:53Z"},"geometry":{"type":"Point","coordinates":[-122.413709,37.789295]}},{"type":"Feature","properties":{"id":636,"name":"Rock 636","size":1.34,"time":"2024-01-13T05:40:16Z"},"geometry":{"type":"Point","coordinates":[-122.252019,37.855713]}},{"type":"Feature","properties":{"id":637,"name":"Rock 637","size":3.01,"time":"2024-01-17T06:30:50Z"},"geometry":{"type":"Point","coordinates":[-122.432661,37.800125]}},{"type":"Feature","properties":{"id":638,"name":"Rock 638","size":2.37,"time":"2024-01-15T09:09:50Z"},"geometry":{"type":"Point","coordinates":[-122.142045,37.446238]}},{"type":"Feature","properties":{"id":639,"name":"Rock 639","size":5.92,"time":"2024-01-10T22:20:55Z"},"geometry":{"type":"Point","coordinates":[-122.089312,37.414847]}},{"type":"Feature","properties":{"id":640,"name":"Rock 640","size":4.18,"time":"2024-01-17T12:21:49Z"},"geometry":{"type":"Point","coordinates":[-122.199876,37.598665]}},{"type":"Feature","properties":{"id":641,"name":"Rock 641","size":0.69,"time":"2024-01-18T17:58:06Z"},"geometry":{"type":"Point","coordinates":[-122.428501,37.811543]}},{"type":"Feature","properties":{"id":642,"name":"Rock 642","size":1.24,"time":"2024-01-11T16:49:38Z"},"geometry":{"type":"Point","coordinates":[-122.15759,37.49952]}},{"type":"Feature","properties":{"id":643,"name":"Rock 643","size":1.88,"time":"2024-01-15T17:35:48Z"},"geometry":{"type":"Point","coordinates":[-122.304595,37.663311]}},{"type":"Feature","properties":{"id":644,"name":"Rock 644","size":0.62,"time":"2024-01-10T05:06:25Z"},"geometry":{"type":"Point","coordinates":[-122.234162,37.639479]}},{"type":"Feature","properties":{"id":645,"name":"Rock 645","size":4.32,"time":"2024-01-12T09:35:19Z"},"geometry":{"type":"Point","coordinates":[-122.238644,37.672147]}},{"type":"Feature","properties":{"id":646,"name":"Rock 646","size":0.62,"time":"2024-01-03T00:25:08Z"},"geometry":{"type":"Point","coordinates":[-122.358829,37.622738]}},{"type":"Feature","properties":{"id":647,"name":"Rock 647","size":2.72,"time":"2024-01-06T04:22:21Z"},"geometry":{"type":"Point","coordinates":[-122.407418,37.757095]}},{"type":"Feature","properties":{"id":648,"name":"Rock 648","size":1.2,"time":"2024-01-14T09:12:49Z"},"geometry":{"type":"Point","coordinates":[-122.252484,37.589415]}},{"type":"Feature","properties":{"id":649,"name":"Rock 649","size":2.61,"time":"2024-01-02T04:13:23Z"},"geometry":{"type":"Point","coordinates":[-122.250945,37.873666]}},{"type":"Feature","properties":{"id":650,"name":"Rock 650","size":1.88,"time":"2024-01-14T13:29:14Z"},"geometry":{"type":"Point","coordinates":[-122.458636,37.789474]}},{"type":"Feature","properties":{"id":651,"name":"Rock 651","size":2.06,"time":"2024-01-05T02:14:59Z"},"geometry":{"type":"Point","coordinates":[-122.421126,37.768781]}},{"type":"Feature","properties":{"id":652,"name":"Rock 652","size":0.73,"time":"2024-01-17T17:21:37Z"},"geometry":{"type":"Point","coordinates":[-122.265985,37.874272]}},{"type":"Feature","properties":{"id":653,"name":"Rock 653","size":3.45,"time":"2024-01-10T06:05:42Z"},"geometry":{"type":"Point","coordinates":[-122.166343,37.457268]}},{"type":"Feature","properties":{"id":654,"name":"Rock 654","size":4.29,"time":"2024-01-06T20:25:21Z"},"geometry":{"type":"Point","coordinates":[-122.224305,37.675507]}},{"type":"Feature","properties":{"id":655,"name":"Rock 655","size":1.23,"time":"2024-01-17T05:19:14Z"},"geometry":{"type":"Point","coordinates":[-122.127844,37.488438]}},{"type":"Feature","properties":{"id":656,"name":"Rock 656","size":3.96,"time":"2024-01-02T10:43:40Z"},"geometry":{"type":"Point","coordinates":[-122.408334,37.781701]}},{"type":"Feature","properties":{"id":657,"name":"Rock 657","size":3.12,"time":"2024-01-04T00:02:01Z"},"geometry":{"type":"Point","coordinates":[-122.285249,37.876121]}},{"type":"Feature","properties":{"id":658,"name":"Rock 658","size":5.64,"time":"2024-01-17T21:03:36Z"},"geometry":{"type":"Point","coordinates":[-122.41099,37.810182]}},{"type":"Feature","properties":{"id":659,"name":"Rock 659","size":2.45,"time":"2024-01-07T19:40:26Z"},"geometry":{"type":"Point","coordinates":[-122.411197,37.762101]}},{"type":"Feature","properties":{"id":660,"name":"Rock 660","size":4.51,"time":"2024-01-11T07:49:11Z"},"geometry":{"type":"Point","coordinates":[-122.415674,37.798101]}},{"type":"Feature","properties":{"id":661,"name":"Rock 661","size":5.46,"time":"2024-01-06T15:37:47Z"},"geometry":{"type":"Point","coordinates":[-122.328388,37.629832]}},{"type":"Feature","properties":{"id":662,"name":"Rock 662","size":2.13,"time":"2024-01-03T18:51:46Z"},"geometry":{"type":"Point","coordinates":[-122.17108,37.409021]}},{"type":"Feature","properties":{"id":663,"name":"Rock 663","size":2.49,"time":"2024-01-18T00:24:50Z"},"geometry":{"type":"Point","coordinates":[-122.417796,37.784788]}},{"type":"Feature","properties":{"id":664,"name":"Rock 664","size":1.2,"time":"2024-01-02T04:33:53Z"},"geometry":{"type":"Point","coordinates":[-122.300676,37.534011]}},{"type":"Feature","properties":{"id":665,"name":"Rock 665","size":1.92,"time":"2024-01-06T20:21:41Z"},"geometry":{"type":"Point","coordinates":[-122.298446,37.858032]}},{"type":"Feature","properties":{"id":666,"name":"Rock 666","size":4.05,"time":"2024-01-05T11:01:10Z"},"geometry":{"type":"Point","coordinates":[-122.344762,37.534955]}},{"type":"Feature","properties":{"id":667,"name":"Rock 667","size":1.66,"time":"2024-01-12T13:42:05Z"},"geometry":{"type":"Point","coordinates":[-122.295198,37.860243]}},{"type":"Feature","properties":{"id":668,"name":"Rock 668","size":3.33,"time":"2024-01-12T08:17:18Z"},"geometry":{"type":"Point","coordinates":[-122.265923,37.863913]}},{"type":"Feature","properties":{"id":669,"name":"Rock 669","size":3.95,"time":"2024-01-18T19:29:18Z"},"geometry":{"type":"Point","coordinates":[-122.261921,37.87872]}},{"type":"Feature","properties":{"id":670,"name":"Rock 670","size":1.95,"time":"2024-01-03T00:05:41Z"},"geometry":{"type":"Point","coordinates":[-122.337609,37.558475]}},{"type":"Feature","properties":{"id":671,"name":"Rock 671","size":1.62,"time":"2024-01-12T08:16:25Z"},"geometry":{"type":"Point","coordinates":[-122.398125,37.80078]}},{"type":"Feature","properties":{"id":672,"name":"Rock 672","size":3.24,"time":"2024-01-17T06:04:13Z"},"geometry":{"type":"Point","coordinates":[-122.142418,37.448028]}},{"type":"Feature","properties":{"id":673,"name":"Rock 673","size":5.25,"time":"2024-01-17T20:42:14Z"},"geometry":{"type":"Point","coordinates":[-122.122713,37.449321]}},{"type":"Feature","properties":{"id":674,"name":"Rock 674","size":3.29,"time":"2024-01-12T11:29:07Z"},"geometry":{"type":"Point","coordinates":[-122.382444,37.767979]}},{"type":"Feature","properties":{"id":675,"name":"Rock 675","size":3.54,"time":"2024-01-19T01:17:58Z"},"geometry":{"type":"Point","coordinates":[-122.40899,37.760147]}},{"type":"Feature","properties":{"id":676,"name":"Rock 676","size":1.96,"time":"2024-01-10T19:10:50Z"},"geometry":{"type":"Point","coordinates":[-122.422505,37.780522]}},{"type":"Feature","properties":{"id":677,"name":"Rock 677","size":2.65,"time":"2024-01-12T07:36:21Z"},"geometry":{"type":"Point","coordinates":[-122.191219,37.653053]}},{"type":"Feature","properties":{"id":678,"name":"Rock 678","size":2.35,"time":"2024-01-01T19:14:15Z"},"geometry":{"type":"Point","coordinates":[-122.407485,37.784285]}},{"type":"Feature","properties":{"id":679,"name":"Rock 679","size":0.79,"time":"2024-01-02T04:33:38Z"},"geometry":{"type":"Point","coordinates":[-122.166067,37.471712]}},{"type":"Feature","properties":{"id":680,"name":"Rock 680","size":4.81,"time":"2024-01-16T01:07:46Z"},"geometry":{"type":"Point","coordinates":[-122.313228,37.639989]}},{"type":"Feature","properties":{"id":681,"name":"Rock 681","size":4.11,"time":"2024-01-03T22:43:35Z"},"geometry":{"type":"Point","coordinates":[-122.275498,37.664613]}},{"type":"Feature","properties":{"id":682,"name":"Rock 682","size":6.2,"time":"2024-01-01T03:26:24Z"},"geometry":{"type":"Point","coordinates":[-122.268014,37.876916]}},{"type":"Feature","properties":{"id":683,"name":"Rock 683","size":2.67,"time":"2024-01-08T11:32:59Z"},"geometry":{"type":"Point","coordinates":[-122.392083,37.798089]}},{"type":"Feature","properties":{"id":684,"name":"Rock 684","size":4.32,"time":"2024-01-12T03:00:13Z"},"geometry":{"type":"Point","coordinates":[-122.43657,37.795841]}},{"type":"Feature","properties":{"id":685,"name":"Rock 685","size":1.98,"time":"2024-01-11T03:11:09Z"},"geometry":{"type":"Point","coordinates":[-122.421785,37.782692]}},{"type":"Feature","properties":{"id":686,"name":"Rock 686","size":1.63,"time":"2024-01-16T18:01:47Z"},"geometry":{"type":"Point","coordinates":[-122.451548,37.764563]}},{"type":"Feature","properties":{"id":687,"name":"Rock 687","size":1.23,"time":"2024-01-07T18:24:00Z"},"geometry":{"type":"Point","coordinates":[-122.271963,37.864627]}},{"type":"Feature","properties":{"id":688,"name":"Rock 688","size":3.94,"time":"2024-01-17T21:48:20Z"},"geometry":{"type":"Point","coordinates":[-122.124375,37.488769]}},{"type":"Feature","properties":{"id":689,"name":"Rock 689","size":5.76,"time":"2024-01-10T09:02:06Z"},"geometry":{"type":"Point","coordinates":[-122.26692,37.86027]}},{"type":"Feature","properties":{"id":690,"name":"Rock 690","size":2.22,"time":"2024-01-19T12:13:19Z"},"geometry":{"type":"Point","coordinates":[-122.423212,37.753237]}},{"type":"Feature","properties":{"id":691,"name":"Rock 691","size":2.03,"time":"2024-01-08T14:09:48Z"},"geometry":{"type":"Point","coordinates":[-122.30231,37.589519]}},{"type":"Feature","properties":{"id":692,"name":"Rock 692","size":4.03,"time":"2024-01-06T07:38:08Z"},"geometry":{"type":"Point","coordinates":[-122.158797,37.422716]}},{"type":"Feature","properties":{"id":693,"name":"Rock 693","size":1.38,"time":"2024-01-03T07:16:38Z"},"geometry":{"type":"Point","coordinates":[-122.281491,37.864156]}},{"type":"Feature","properties":{"id":694,"name":"Rock 694","size":3.57,"time":"2024-01-12T18:31:27Z"},"geometry":{"type":"Point","coordinates":[-122.271412,37.884151]}},{"type":"Feature","properties":{"id":695,"name":"Rock 695","size":4.4,"time":"2024-01-06T04:41:11Z"},"geometry":{"type":"Point","coordinates":[-122.261824,37.868256]}},{"type":"Feature","properties":{"id":696,"name":"Rock 696","size":0.6,"time":"2024-01-04T03:01:34Z"},"geometry":{"type":"Point","coordinates":[-122.143724,37.417833]}},{"type":"Feature","properties":{"id":697,"name":"Rock 697","size":1.38,"time":"2024-01-01T06:06:59Z"},"geometry":{"type":"Point","coordinates":[-122.272763,37.884373]}},{"type":"Feature","properties":{"id":698,"name":"Rock 698","size":1.08,"time":"2024-01-04T06:06:42Z"},"geometry":{"type":"Point","coordinates":[-122.236003,37.61218]}},{"type":"Feature","properties":{"id":699,"name":"Rock 699","size":5.14,"time":"2024-01-17T00:03:36Z"},"geometry":{"type":"Point","coordinates":[-122.429827,37.786468]}},{"type":"Feature","properties":{"id":700,"name":"Rock 700","size":2.32,"time":"2024-01-13T00:52:01Z"},"geometry":{"type":"Point","coordinates":[-122.262334,37.604137]}},{"type":"Feature","properties":{"id":701,"name":"Rock 701","size":3,"time":"2024-01-11T06:12:25Z"},"geometry":{"type":"Point","coordinates":[-122.288169,37.610957]}},{"type":"Feature","properties":{"id":702,"name":"Rock 702","size":3.9,"time":"2024-01-05T13:10:21Z"},"geometry":{"type":"Point","coordinates":[-122.143935,37.481037]}},{"type":"Feature","properties":{"id":703,"name":"Rock 703","size":0.7,"time":"2024-01-03T10:50:21Z"},"geometry":{"type":"Point","coordinates":[-122.411256,37.806484]}},{"type":"Feature","properties":{"id":704,"name":"Rock 704","size":4.05,"time":"2024-01-06T16:57:45Z"},"geometry":{"type":"Point","coordinates":[-122.173995,37.42266]}},{"type":"Feature","properties":{"id":705,"name":"Rock 705","size":5.53,"time":"2024-01-09T20:03:23Z"},"geometry":{"type":"Point","coordinates":[-122.24103,37.605636]}},{"type":"Feature","properties":{"id":706,"name":"Rock 706","size":5.05,"time":"2024-01-04T13:00:56Z"},"geometry":{"type":"Point","coordinates":[-122.143868,37.449236]}},{"type":"Feature","properties":{"id":707,"name":"Rock 707","size":3.11,"time":"2024-01-03T02:36:19Z"},"geometry":{"type":"Point","coordinates":[-122.468603,37.79059]}},{"type":"Feature","properties":{"id":708,"name":"Rock 708","size":1.82,"time":"2024-01-06T07:36:02Z"},"geometry":{"type":"Point","coordinates":[-122.457041,37.793571]}},{"type":"Feature","properties":{"id":709,"name":"Rock 709","size":2.32,"time":"2024-01-06T23:21:30Z"},"geometry":{"type":"Point","coordinates":[-122.440435,37.78098]}},{"type":"Feature","properties":{"id":710,"name":"Rock 710","size":4.74,"time":"2024-01-17T22:18:18Z"},"geometry":{"type":"Point","coordinates":[-122.415416,37.776618]}},{"type":"Feature","properties":{"id":711,"name":"Rock 711","size":2.33,"time":"2024-01-15T07:06:51Z"},"geometry":{"type":"Point","coordinates":[-122.429838,37.763596]}},{"type":"Feature","properties":{"id":712,"name":"Rock 712","size":2.02,"time":"2024-01-05T17:06:54Z"},"geometry":{"type":"Point","coordinates":[-122.38822,37.557136]}},{"type":"Feature","properties":{"id":713,"name":"Rock 713","size":0.55,"time":"2024-01-12T22:30:26Z"},"geometry":{"type":"Point","coordinates":[-122.124204,37.494759]}},{"type":"Feature","properties":{"id":714,"name":"Rock 714","size":3.83,"time":"2024-01-13T20:37:11Z"},"geometry":{"type":"Point","coordinates":[-122.327508,37.628217]}},{"type":"Feature","properties":{"id":715,"name":"Rock 715","size":5.61,"time":"2024-01-10T02:00:20Z"},"geometry":{"type":"Point","coordinates":[-122.416604,37.764719]}},{"type":"Feature","properties":{"id":716,"name":"Rock 716","size":1.97,"time":"2024-01-03T22:13:40Z"},"geometry":{"type":"Point","coordinates":[-122.411375,37.774805]}},{"type":"Feature","properties":{"id":717,"name":"Rock 717","size":3.1,"time":"2024-01-01T12:50:45Z"},"geometry":{"type":"Point","coordinates":[-122.274257,37.871868]}},{"type":"Feature","properties":{"id":718,"name":"Rock 718","size":2.22,"time":"2024-01-03T12:12:11Z"},"geometry":{"type":"Point","coordinates":[-122.253684,37.871078]}},{"type":"Feature","properties":{"id":719,"name":"Rock 719","size":0.56,"time":"2024-01-13T22:18:49Z"},"geometry":{"type":"Point","coordinates":[-122.398797,37.768107]}},{"type":"Feature","properties":{"id":720,"name":"Rock 720","size":1.18,"time":"2024-01-08T05:42:02Z"},"geometry":{"type":"Point","coordinates":[-122.403155,37.766946]}},{"type":"Feature","properties":{"id":721,"name":"Rock 721","size":2.45,"time":"2024-01-13T07:39:51Z"},"geometry":{"type":"Point","coordinates":[-122.123048,37.451767]}},{"type":"Feature","properties":{"id":722,"name":"Rock 722","size":2.33,"time":"2024-01-10T15:01:30Z"},"geometry":{"type":"Point","coordinates":[-122.26535,37.86231]}},{"type":"Feature","properties":{"id":723,"name":"Rock 723","size":5.41,"time":"2024-01-04T19:20:51Z"},"geometry":{"type":"Point","coordinates":[-122.151075,37.440892]}},{"type":"Feature","properties":{"id":724,"name":"Rock 724","size":2.88,"time":"2024-01-02T04:13:02Z"},"geometry":{"type":"Point","coordinates":[-122.447467,37.795523]}},{"type":"Feature","properties":{"id":725,"name":"Rock 725","size":1.24,"time":"2024-01-08T12:32:17Z"},"geometry":{"type":"Point","coordinates":[-122.438889,37.771823]}},{"type":"Feature","properties":{"id":726,"name":"Rock 726","size":5.44,"time":"2024-01-12T04:41:02Z"},"geometry":{"type":"Point","coordinates":[-122.26482,37.875935]}},{"type":"Feature","properties":{"id":727,"name":"Rock 727","size":1.94,"time":"2024-01-04T10:27:11Z"},"geometry":{"type":"Point","coordinates":[-122.268931,37.87031]}},{"type":"Feature","properties":{"id":728,"name":"Rock 728","size":4.62,"time":"2024-01-15T14:51:07Z"},"geometry":{"type":"Point","coordinates":[-122.244444,37.727981]}},{"type":"Feature","properties":{"id":729,"name":"Rock 729","size":1.49,"time":"2024-01-02T03:06:35Z"},"geometry":{"type":"Point","coordinates":[-122.395628,37.785933]}},{"type":"Feature","properties":{"id":730,"name":"Rock 730","size":1.39,"time":"2024-01-15T05:51:04Z"},"geometry":{"type":"Point","coordinates":[-122.157451,37.503431]}},{"type":"Feature","properties":{"id":731,"name":"Rock 731","size":3.55,"time":"2024-01-17T16:27:59Z"},"geometry":{"type":"Point","coordinates":[-122.286758,37.865059]}},{"type":"Feature","properties":{"id":732,"name":"Rock 732","size":5.83,"time":"2024-01-07T16:02:57Z"},"geometry":{"type":"Point","coordinates":[-122.391762,37.799231]}},{"type":"Feature","properties":{"id":733,"name":"Rock 733","size":1.2,"time":"2024-01-05T08:41:19Z"},"geometry":{"type":"Point","coordinates":[-122.288634,37.594443]}},{"type":"Feature","properties":{"id":734,"name":"Rock 734","size":0.55,"time":"2024-01-09T07:30:09Z"},"geometry":{"type":"Point","coordinates":[-122.267451,37.875452]}},{"type":"Feature","properties":{"id":735,"name":"Rock 735","size":7.01,"time":"2024-01-17T10:01:14Z"},"geometry":{"type":"Point","coordinates":[-122.230459,37.633475]}},{"type":"Feature","properties":{"id":736,"name":"Rock 736","size":1.17,"time":"2024-01-16T13:36:52Z"},"geometry":{"type":"Point","coordinates":[-122.271686,37.865039]}},{"type":"Feature","properties":{"id":737,"name":"Rock 737","size":6.35,"time":"2024-01-19T17:38:31Z"},"geometry":{"type":"Point","coordinates":[-122.262963,37.881408]}},{"type":"Feature","properties":{"id":738,"name":"Rock 738","size":0.56,"time":"2024-01-17T07:39:31Z"},"geometry":{"type":"Point","coordinates":[-122.133728,37.440363]}},{"type":"Feature","properties":{"id":739,"name":"Rock 739","size":2.27,"time":"2024-01-11T16:03:27Z"},"geometry":{"type":"Point","coordinates":[-122.280617,37.630167]}},{"type":"Feature","properties":{"id":740,"name":"Rock 740","size":5.42,"time":"2024-01-15T21:49:20Z"},"geometry":{"type":"Point","coordinates":[-122.280113,37.860322]}},{"type":"Feature","properties":{"id":741,"name":"Rock 741","size":1.71,"time":"2024-01-06T16:56:07Z"},"geometry":{"type":"Point","coordinates":[-122.438425,37.784715]}},{"type":"Feature","properties":{"id":742,"name":"Rock 742","size":2.58,"time":"2024-01-17T12:53:43Z"},"geometry":{"type":"Point","coordinates":[-122.438968,37.765429]}},{"type":"Feature","properties":{"id":743,"name":"Rock 743","size":1.05,"time":"2024-01-08T13:36:08Z"},"geometry":{"type":"Point","coordinates":[-122.266933,37.624575]}},{"type":"Feature","properties":{"id":744,"name":"Rock 744","size":2.89,"time":"2024-01-14T04:15:32Z"},"geometry":{"type":"Point","coordinates":[-122.294272,37.879676]}},{"type":"Feature","properties":{"id":745,"name":"Rock 745","size":5.1,"time":"2024-01-01T05:15:18Z"},"geometry":{"type":"Point","coordinates":[-122.359229,37.6226]}},{"type":"Feature","properties":{"id":746,"name":"Rock 746","size":3.94,"time":"2024-01-02T15:57:08Z"},"geometry":{"type":"Point","coordinates":[-122.457117,37.774354]}},{"type":"Feature","properties":{"id":747,"name":"Rock 747","size":4.76,"time":"2024-01-06T19:41:47Z"},"geometry":{"type":"Point","coordinates":[-122.449954,37.780897]}},{"type":"Feature","properties":{"id":748,"name":"Rock 748","size":4.55,"time":"2024-01-16T17:36:18Z"},"geometry":{"type":"Point","coordinates":[-122.265633,37.869714]}},{"type":"Feature","properties":{"id":749,"name":"Rock 749","size":5.49,"time":"2024-01-19T23:34:31Z"},"geometry":{"type":"Point","coordinates":[-122.145551,37.435259]}},{"type":"Feature","properties":{"id":750,"name":"Rock 750","size":0.59,"time":"2024-01-14T17:27:56Z"},"geometry":{"type":"Point","coordinates":[-122.268074,37.878032]}},{"type":"Feature","properties":{"id":751,"name":"Rock 751","size":3.25,"time":"2024-01-08T23:00:07Z"},"geometry":{"type":"Point","coordinates":[-122.435708,37.797264]}},{"type":"Feature","properties":{"id":752,"name":"Rock 752","size":1.06,"time":"2024-01-19T05:08:02Z"},"geometry":{"type":"Point","coordinates":[-122.401183,37.803533]}},{"type":"Feature","properties":{"id":753,"name":"Rock 753","size":2.91,"time":"2024-01-07T23:07:21Z"},"geometry":{"type":"Point","coordinates":[-122.432714,37.766653]}},{"type":"Feature","properties":{"id":754,"name":"Rock 754","size":1.73,"time":"2024-01-03T00:01:50Z"},"geometry":{"type":"Point","coordinates":[-122.394561,37.796736]}},{"type":"Feature","properties":{"id":755,"name":"Rock 755","size":2.63,"time":"2024-01-02T08:07:52Z"},"geometry":{"type":"Point","coordinates":[-122.459188,37.768933]}},{"type":"Feature","properties":{"id":756,"name":"Rock 756","size":2.61,"time":"2024-01-06T17:55:13Z"},"geometry":{"type":"Point","coordinates":[-122.262582,37.876833]}},{"type":"Feature","properties":{"id":757,"name":"Rock 757","size":2.77,"time":"2024-01-18T03:41:56Z"},"geometry":{"type":"Point","coordinates":[-122.279229,37.862497]}},{"type":"Feature","properties":{"id":758,"name":"Rock 758","size":2.77,"time":"2024-01-19T23:52:07Z"},"geometry":{"type":"Point","coordinates":[-122.408071,37.801205]}},{"type":"Feature","properties":{"id":759,"name":"Rock 759","size":1.49,"time":"2024-01-04T20:04:49Z"},"geometry":{"type":"Point","coordinates":[-122.241119,37.877678]}},{"type":"Feature","properties":{"id":760,"name":"Rock 760","size":2.58,"time":"2024-01-07T15:13:37Z"},"geometry":{"type":"Point","coordinates":[-122.195545,37.431281]}},{"type":"Feature","properties":{"id":761,"name":"Rock 761","size":2.08,"time":"2024-01-07T05:48:54Z"},"geometry":{"type":"Point","coordinates":[-122.398616,37.822045]}},{"type":"Feature","properties":{"id":762,"name":"Rock 762","size":2.51,"time":"2024-01-01T08:17:22Z"},"geometry":{"type":"Point","coordinates":[-122.341702,37.597649]}},{"type":"Feature","properties":{"id":763,"name":"Rock 763","size":5.97,"time":"2024-01-03T16:07:30Z"},"geometry":{"type":"Point","coordinates":[-122.259194,37.895765]}},{"type":"Feature","properties":{"id":764,"name":"Rock 764","size":4.81,"time":"2024-01-16T06:14:26Z"},"geometry":{"type":"Point","coordinates":[-122.163932,37.440747]}},{"type":"Feature","properties":{"id":765,"name":"Rock 765","size":0.84,"time":"2024-01-12T03:27:15Z"},"geometry":{"type":"Point","coordinates":[-122.444243,37.764744]}},{"type":"Feature","properties":{"id":766,"name":"Rock 766","size":6.78,"time":"2024-01-06T19:24:45Z"},"geometry":{"type":"Point","coordinates":[-122.405982,37.784337]}},{"type":"Feature","properties":{"id":767,"name":"Rock 767","size":2.51,"time":"2024-01-17T18:19:45Z"},"geometry":{"type":"Point","coordinates":[-122.180502,37.45564]}},{"type":"Feature","properties":{"id":768,"name":"Rock 768","size":1.91,"time":"2024-01-14T06:25:41Z"},"geometry":{"type":"Point","coordinates":[-122.413886,37.790091]}},{"type":"Feature","properties":{"id":769,"name":"Rock 769","size":0.73,"time":"2024-01-09T12:32:32Z"},"geometry":{"type":"Point","coordinates":[-122.281348,37.877941]}},{"type":"Feature","properties":{"id":770,"name":"Rock 770","size":3.03,"time":"2024-01-01T11:20:36Z"},"geometry":{"type":"Point","coordinates":[-122.426601,37.794315]}},{"type":"Feature","properties":{"id":771,"name":"Rock 771","size":0.53,"time":"2024-01-07T07:33:35Z"},"geometry":{"type":"Point","coordinates":[-122.414663,37.784641]}},{"type":"Feature","properties":{"id":772,"name":"Rock 772","size":3.85,"time":"2024-01-06T06:51:14Z"},"geometry":{"type":"Point","coordinates":[-122.233648,37.472805]}},{"type":"Feature","properties":{"id":773,"name":"Rock 773","size":4.99,"time":"2024-01-09T11:25:11Z"},"geometry":{"type":"Point","coordinates":[-122.1624,37.475511]}},{"type":"Feature","properties":{"id":774,"name":"Rock 774","size":1.97,"time":"2024-01-02T22:13:08Z"},"geometry":{"type":"Point","coordinates":[-122.422485,37.798137]}},{"type":"Feature","properties":{"id":775,"name":"Rock 775","size":6.41,"time":"2024-01-03T11:35:18Z"},"geometry":{"type":"Point","coordinates":[-122.26095,37.862375]}},{"type":"Feature","properties":{"id":776,"name":"Rock 776","size":3.5,"time":"2024-01-08T12:35:29Z"},"geometry":{"type":"Point","coordinates":[-122.291868,37.637223]}},{"type":"Feature","properties":{"id":777,"name":"Rock 777","size":4.93,"time":"2024-01-13T10:48:41Z"},"geometry":{"type":"Point","coordinates":[-122.398088,37.808339]}},{"type":"Feature","properties":{"id":778,"name":"Rock 778","size":3.47,"time":"2024-01-05T13:57:48Z"},"geometry":{"type":"Point","coordinates":[-122.394079,37.789371]}},{"type":"Feature","properties":{"id":779,"name":"Rock 779","size":2.09,"time":"2024-01-11T15:06:29Z"},"geometry":{"type":"Point","coordinates":[-122.41103,37.744449]}},{"type":"Feature","properties":{"id":780,"name":"Rock 780","size":4.76,"time":"2024-01-06T06:09:59Z"},"geometry":{"type":"Point","coordinates":[-122.298132,37.657451]}},{"type":"Feature","properties":{"id":781,"name":"Rock 781","size":0.65,"time":"2024-01-15T16:20:50Z"},"geometry":{"type":"Point","coordinates":[-122.130321,37.449703]}},{"type":"Feature","properties":{"id":782,"name":"Rock 782","size":0.78,"time":"2024-01-08T07:55:43Z"},"geometry":{"type":"Point","coordinates":[-122.285766,37.863837]}},{"type":"Feature","properties":{"id":783,"name":"Rock 783","size":2.84,"time":"2024-01-10T22:33:30Z"},"geometry":{"type":"Point","coordinates":[-122.283214,37.877299]}},{"type":"Feature","properties":{"id":784,"name":"Rock 784","size":0.62,"time":"2024-01-08T17:25:41Z"},"geometry":{"type":"Point","coordinates":[-122.393377,37.789622]}},{"type":"Feature","properties":{"id":785,"name":"Rock 785","size":2.68,"time":"2024-01-15T07:53:46Z"},"geometry":{"type":"Point","coordinates":[-122.299366,37.881908]}},{"type":"Feature","properties":{"id":786,"name":"Rock 786","size":0.65,"time":"2024-01-19T17:44:17Z"},"geometry":{"type":"Point","coordinates":[-122.249051,37.876622]}},{"type":"Feature","properties":{"id":787,"name":"Rock 787","size":1.12,"time":"2024-01-10T13:02:53Z"},"geometry":{"type":"Point","coordinates":[-122.442379,37.77999]}},{"type":"Feature","properties":{"id":788,"name":"Rock 788","size":2.31,"time":"2024-01-13T05:17:42Z"},"geometry":{"type":"Point","coordinates":[-122.143084,37.462639]}},{"type":"Feature","properties":{"id":789,"name":"Rock 789","size":3.11,"time":"2024-01-08T12:34:02Z"},"geometry":{"type":"Point","coordinates":[-122.249191,37.850409]}},{"type":"Feature","properties":{"id":790,"name":"Rock 790","size":2.18,"time":"2024-01-09T03:31:53Z"},"geometry":{"type":"Point","coordinates":[-122.26385,37.858839]}},{"type":"Feature","properties":{"id":791,"name":"Rock 791","size":5.73,"time":"2024-01-07T06:44:27Z"},"geometry":{"type":"Point","coordinates":[-122.298702,37.605003]}},{"type":"Feature","properties":{"id":792,"name":"Rock 792","size":2.27,"time":"2024-01-17T11:32:38Z"},"geometry":{"type":"Point","coordinates":[-122.280803,37.622723]}},{"type":"Feature","properties":{"id":793,"name":"Rock 793","size":2.42,"time":"2024-01-13T00:39:08Z"},"geometry":{"type":"Point","coordinates":[-122.168604,37.443781]}},{"type":"Feature","properties":{"id":794,"name":"Rock 794","size":1.41,"time":"2024-01-18T13:36:40Z"},"geometry":{"type":"Point","coordinates":[-122.145193,37.43405]}},{"type":"Feature","properties":{"id":795,"name":"Rock 795","size":1.21,"time":"2024-01-12T14:43:17Z"},"geometry":{"type":"Point","coordinates":[-122.364642,37.578597]}},{"type":"Feature","properties":{"id":796,"name":"Rock 796","size":6.6,"time":"2024-01-13T08:25:04Z"},"geometry":{"type":"Point","coordinates":[-122.436826,37.785332]}},{"type":"Feature","properties":{"id":797,"name":"Rock 797","size":2.57,"time":"2024-01-03T00:44:08Z"},"geometry":{"type":"Point","coordinates":[-122.202418,37.427713]}},{"type":"Feature","properties":{"id":798,"name":"Rock 798","size":1.85,"time":"2024-01-08T21:14:21Z"},"geometry":{"type":"Point","coordinates":[-122.420031,37.802599]}},{"type":"Feature","properties":{"id":799,"name":"Rock 799","size":1.14,"time":"2024-01-05T08:49:59Z"},"geometry":{"type":"Point","coordinates":[-122.428847,37.775373]}},{"type":"Feature","properties":{"id":800,"name":"Rock 800","size":3.07,"time":"2024-01-13T22:38:10Z"},"geometry":{"type":"Point","coordinates":[-122.424751,37.775502]}},{"type":"Feature","properties":{"id":801,"name":"Rock 801","size":1.01,"time":"2024-01-02T19:46:02Z"},"geometry":{"type":"Point","coordinates":[-122.395515,37.798863]}},{"type":"Feature","properties":{"id":802,"name":"Rock 802","size":4.09,"time":"2024-01-07T19:18:13Z"},"geometry":{"type":"Point","coordinates":[-122.299312,37.610584]}},{"type":"Feature","properties":{"id":803,"name":"Rock 803","size":2.69,"time":"2024-01-10T23:53:33Z"},"geometry":{"type":"Point","coordinates":[-122.102418,37.411329]}},{"type":"Feature","properties":{"id":804,"name":"Rock 804","size":2.27,"time":"2024-01-08T05:12:51Z"},"geometry":{"type":"Point","coordinates":[-122.220034,37.649591]}},{"type":"Feature","properties":{"id":805,"name":"Rock 805","size":5.83,"time":"2024-01-13T07:55:08Z"},"geometry":{"type":"Point","coordinates":[-122.40483,37.805466]}},{"type":"Feature","properties":{"id":806,"name":"Rock 806","size":1.49,"time":"2024-01-02T06:21:06Z"},"geometry":{"type":"Point","coordinates":[-122.34622,37.554818]}},{"type":"Feature","properties":{"id":807,"name":"Rock 807","size":1.51,"time":"2024-01-03T20:54:31Z"},"geometry":{"type":"Point","coordinates":[-122.223459,37.426351]}},{"type":"Feature","properties":{"id":808,"name":"Rock 808","size":2.99,"time":"2024-01-03T13:46:10Z"},"geometry":{"type":"Point","coordinates":[-122.302474,37.876279]}},{"type":"Feature","properties":{"id":809,"name":"Rock 809","size":1.93,"time":"2024-01-09T16:11:06Z"},"geometry":{"type":"Point","coordinates":[-122.145271,37.46068]}},{"type":"Feature","properties":{"id":810,"name":"Rock 810","size":2.73,"time":"2024-01-14T15:35:18Z"},"geometry":{"type":"Point","coordinates":[-122.434483,37.754657]}},{"type":"Feature","properties":{"id":811,"name":"Rock 811","size":1.25,"time":"2024-01-14T13:52:26Z"},"geometry":{"type":"Point","coordinates":[-122.287594,37.851778]}},{"type":"Feature","properties":{"id":812,"name":"Rock 812","size":3.95,"time":"2024-01-12T04:40:41Z"},"geometry":{"type":"Point","coordinates":[-122.414717,37.759864]}},{"type":"Feature","properties":{"id":813,"name":"Rock 813","size":1.36,"time":"2024-01-10T18:22:49Z"},"geometry":{"type":"Point","coordinates":[-122.394798,37.78149]}},{"type":"Feature","properties":{"id":814,"name":"Rock 814","size":1.03,"time":"2024-01-12T23:53:39Z"},"geometry":{"type":"Point","coordinates":[-122.127187,37.447625]}},{"type":"Feature","properties":{"id":815,"name":"Rock 815","size":1.11,"time":"2024-01-12T01:49:12Z"},"geometry":{"type":"Point","coordinates":[-122.288573,37.876813]}},{"type":"Feature","properties":{"id":816,"name":"Rock 816","size":1.79,"time":"2024-01-17T01:16:19Z"},"geometry":{"type":"Point","coordinates":[-122.274031,37.878428]}},{"type":"Feature","properties":{"id":817,"name":"Rock 817","size":1.31,"time":"2024-01-01T04:31:17Z"},"geometry":{"type":"Point","coordinates":[-122.260331,37.875104]}},{"type":"Feature","properties":{"id":818,"name":"Rock 818","size":4.75,"time":"2024-01-11T15:29:08Z"},"geometry":{"type":"Point","coordinates":[-122.312399,37.635429]}},{"type":"Feature","properties":{"id":819,"name":"Rock 819","size":3.41,"time":"2024-01-10T18:50:31Z"},"geometry":{"type":"Point","coordinates":[-122.431001,37.797693]}},{"type":"Feature","properties":{"id":820,"name":"Rock 820","size":4.91,"time":"2024-01-11T13:10:07Z"},"geometry":{"type":"Point","coordinates":[-122.394583,37.79937]}},{"type":"Feature","properties":{"id":821,"name":"Rock 821","size":1.88,"time":"2024-01-02T18:36:58Z"},"geometry":{"type":"Point","coordinates":[-122.174602,37.480508]}},{"type":"Feature","properties":{"id":822,"name":"Rock 822","size":0.62,"time":"2024-01-04T10:05:37Z"},"geometry":{"type":"Point","coordinates":[-122.297454,37.61455]}},{"type":"Feature","properties":{"id":823,"name":"Rock 823","size":2.1,"time":"2024-01-11T07:09:46Z"},"geometry":{"type":"Point","coordinates":[-122.13718,37.451382]}},{"type":"Feature","properties":{"id":824,"name":"Rock 824","size":1.66,"time":"2024-01-12T02:24:23Z"},"geometry":{"type":"Point","coordinates":[-122.445212,37.795854]}},{"type":"Feature","properties":{"id":825,"name":"Rock 825","size":0.71,"time":"2024-01-07T02:58:01Z"},"geometry":{"type":"Point","coordinates":[-122.286104,37.844709]}},{"type":"Feature","properties":{"id":826,"name":"Rock 826","size":0.98,"time":"2024-01-18T15:09:28Z"},"geometry":{"type":"Point","coordinates":[-122.309465,37.615102]}},{"type":"Feature","properties":{"id":827,"name":"Rock 827","size":1.86,"time":"2024-01-04T02:36:39Z"},"geometry":{"type":"Point","coordinates":[-122.17905,37.437179]}},{"type":"Feature","properties":{"id":828,"name":"Rock 828","size":6.72,"time":"2024-01-04T06:47:39Z"},"geometry":{"type":"Point","coordinates":[-122.392316,37.784852]}},{"type":"Feature","properties":{"id":829,"name":"Rock 829","size":5.43,"time":"2024-01-08T14:00:03Z"},"geometry":{"type":"Point","coordinates":[-122.288994,37.888352]}},{"type":"Feature","properties":{"id":830,"name":"Rock 830","size":3.25,"time":"2024-01-03T13:20:25Z"},"geometry":{"type":"Point","coordinates":[-122.415911,37.770331]}},{"type":"Feature","properties":{"id":831,"name":"Rock 831","size":5.13,"time":"2024-01-19T20:50:11Z"},"geometry":{"type":"Point","coordinates":[-122.256756,37.867572]}},{"type":"Feature","properties":{"id":832,"name":"Rock 832","size":2.02,"time":"2024-01-17T09:31:47Z"},"geometry":{"type":"Point","coordinates":[-122.254543,37.866796]}},{"type":"Feature","properties":{"id":833,"name":"Rock 833","size":1.81,"time":"2024-01-09T10:20:23Z"},"geometry":{"type":"Point","coordinates":[-122.273866,37.88488]}},{"type":"Feature","properties":{"id":834,"name":"Rock 834","size":1.31,"time":"2024-01-05T23:15:48Z"},"geometry":{"type":"Point","coordinates":[-122.261118,37.871061]}},{"type":"Feature","properties":{"id":835,"name":"Rock 835","size":4.54,"time":"2024-01-04T06:32:09Z"},"geometry":{"type":"Point","coordinates":[-122.419047,37.782398]}},{"type":"Feature","properties":{"id":836,"name":"Rock 836","size":0.6,"time":"2024-01-03T19:04:37Z"},"geometry":{"type":"Point","coordinates":[-122.461732,37.771459]}},{"type":"Feature","properties":{"id":837,"name":"Rock 837","size":4.13,"time":"2024-01-10T19:57:21Z"},"geometry":{"type":"Point","coordinates":[-122.409708,37.803274]}},{"type":"Feature","properties":{"id":838,"name":"Rock 838","size":4.04,"time":"2024-01-14T12:27:03Z"},"geometry":{"type":"Point","coordinates":[-122.390993,37.777816]}},{"type":"Feature","properties":{"id":839,"name":"Rock 839","size":0.65,"time":"2024-01-16T10:17:43Z"},"geometry":{"type":"Point","coordinates":[-122.316967,37.612792]}},{"type":"Feature","properties":{"id":840,"name":"Rock 840","size":1.98,"time":"2024-01-08T15:19:40Z"},"geometry":{"type":"Point","coordinates":[-122.407435,37.79823]}},{"type":"Feature","properties":{"id":841,"name":"Rock 841","size":4.6,"time":"2024-01-12T22:43:56Z"},"geometry":{"type":"Point","coordinates":[-122.25821,37.870776]}},{"type":"Feature","properties":{"id":842,"name":"Rock 842","size":3.95,"time":"2024-01-01T17:58:51Z"},"geometry":{"type":"Point","coordinates":[-122.2432,37.883348]}},{"type":"Feature","properties":{"id":843,"name":"Rock 843","size":1.72,"time":"2024-01-17T14:01:12Z"},"geometry":{"type":"Point","coordinates":[-122.16553,37.457757]}},{"type":"Feature","properties":{"id":844,"name":"Rock 844","size":8.24,"time":"2024-01-05T17:42:21Z"},"geometry":{"type":"Point","coordinates":[-122.255736,37.667783]}},{"type":"Feature","properties":{"id":845,"name":"Rock 845","size":0.66,"time":"2024-01-06T22:46:50Z"},"geometry":{"type":"Point","coordinates":[-122.270115,37.864982]}},{"type":"Feature","properties":{"id":846,"name":"Rock 846","size":1.26,"time":"2024-01-18T16:19:58Z"},"geometry":{"type":"Point","coordinates":[-122.276203,37.893438]}},{"type":"Feature","properties":{"id":847,"name":"Rock 847","size":1.5,"time":"2024-01-10T22:15:50Z"},"geometry":{"type":"Point","coordinates":[-122.264104,37.872497]}},{"type":"Feature","properties":{"id":848,"name":"Rock 848","size":1.66,"time":"2024-01-12T04:47:07Z"},"geometry":{"type":"Point","coordinates":[-122.243668,37.594847]}},{"type":"Feature","properties":{"id":849,"name":"Rock 849","size":2.08,"time":"2024-01-12T20:48:21Z"},"geometry":{"type":"Point","coordinates":[-122.268345,37.87178]}},{"type":"Feature","properties":{"id":850,"name":"Rock 850","size":1.15,"time":"2024-01-12T05:15:58Z"},"geometry":{"type":"Point","coordinates":[-122.154408,37.427716]}},{"type":"Feature","properties":{"id":851,"name":"Rock 851","size":9.46,"time":"2024-01-18T23:52:15Z"},"geometry":{"type":"Point","coordinates":[-122.433055,37.774588]}},{"type":"Feature","properties":{"id":852,"name":"Rock 852","size":3.11,"time":"2024-01-10T04:31:51Z"},"geometry":{"type":"Point","coordinates":[-122.389136,37.76965]}},{"type":"Feature","properties":{"id":853,"name":"Rock 853","size":2.89,"time":"2024-01-12T18:27:02Z"},"geometry":{"type":"Point","coordinates":[-122.143839,37.433706]}},{"type":"Feature","properties":{"id":854,"name":"Rock 854","size":3.15,"time":"2024-01-09T03:42:40Z"},"geometry":{"type":"Point","coordinates":[-122.261066,37.871747]}},{"type":"Feature","properties":{"id":855,"name":"Rock 855","size":2.93,"time":"2024-01-10T07:38:52Z"},"geometry":{"type":"Point","coordinates":[-122.295609,37.873982]}},{"type":"Feature","properties":{"id":856,"name":"Rock 856","size":1.33,"time":"2024-01-14T17:16:19Z"},"geometry":{"type":"Point","coordinates":[-122.282561,37.864647]}},{"type":"Feature","properties":{"id":857,"name":"Rock 857","size":4.06,"time":"2024-01-08T00:09:32Z"},"geometry":{"type":"Point","coordinates":[-122.098862,37.420503]}},{"type":"Feature","properties":{"id":858,"name":"Rock 858","size":1.23,"time":"2024-01-18T21:56:28Z"},"geometry":{"type":"Point","coordinates":[-122.08579,37.448244]}},{"type":"Feature","properties":{"id":859,"name":"Rock 859","size":3.32,"time":"2024-01-05T11:17:05Z"},"geometry":{"type":"Point","coordinates":[-122.408448,37.785581]}},{"type":"Feature","properties":{"id":860,"name":"Rock 860","size":0.98,"time":"2024-01-12T21:06:31Z"},"geometry":{"type":"Point","coordinates":[-122.415127,37.791903]}},{"type":"Feature","properties":{"id":861,"name":"Rock 861","size":1.39,"time":"2024-01-09T03:13:24Z"},"geometry":{"type":"Point","coordinates":[-122.15853,37.432555]}},{"type":"Feature","properties":{"id":862,"name":"Rock 862","size":1.14,"time":"2024-01-05T19:31:31Z"},"geometry":{"type":"Point","coordinates":[-122.324563,37.645359]}},{"type":"Feature","properties":{"id":863,"name":"Rock 863","size":4.87,"time":"2024-01-18T06:59:27Z"},"geometry":{"type":"Point","coordinates":[-122.395175,37.778052]}},{"type":"Feature","properties":{"id":864,"name":"Rock 864","size":1.54,"time":"2024-01-15T15:39:13Z"},"geometry":{"type":"Point","coordinates":[-122.407507,37.765179]}},{"type":"Feature","properties":{"id":865,"name":"Rock 865","size":1.15,"time":"2024-01-14T06:18:52Z"},"geometry":{"type":"Point","coordinates":[-122.24971,37.610101]}},{"type":"Feature","properties":{"id":866,"name":"Rock 866","size":0.6,"time":"2024-01-16T05:36:26Z"},"geometry":{"type":"Point","coordinates":[-122.379709,37.783334]}},{"type":"Feature","properties":{"id":867,"name":"Rock 867","size":0.75,"time":"2024-01-03T10:55:10Z"},"geometry":{"type":"Point","coordinates":[-122.431465,37.792365]}},{"type":"Feature","properties":{"id":868,"name":"Rock 868","size":4.62,"time":"2024-01-06T17:21:02Z"},"geometry":{"type":"Point","coordinates":[-122.434158,37.753772]}},{"type":"Feature","properties":{"id":869,"name":"Rock 869","size":0.97,"time":"2024-01-18T06:40:23Z"},"geometry":{"type":"Point","coordinates":[-122.416719,37.793711]}},{"type":"Feature","properties":{"id":870,"name":"Rock 870","size":2.95,"time":"2024-01-06T20:30:17Z"},"geometry":{"type":"Point","coordinates":[-122.167469,37.494483]}},{"type":"Feature","properties":{"id":871,"name":"Rock 871","size":1.99,"time":"2024-01-09T21:00:45Z"},"geometry":{"type":"Point","coordinates":[-122.268795,37.880869]}},{"type":"Feature","properties":{"id":872,"name":"Rock 872","size":1.44,"time":"2024-01-03T03:50:18Z"},"geometry":{"type":"Point","coordinates":[-122.135999,37.459014]}},{"type":"Feature","properties":{"id":873,"name":"Rock 873","size":0.57,"time":"2024-01-11T05:34:44Z"},"geometry":{"type":"Point","coordinates":[-122.407672,37.762276]}},{"type":"Feature","properties":{"id":874,"name":"Rock 874","size":3.62,"time":"2024-01-01T14:44:25Z"},"geometry":{"type":"Point","coordinates":[-122.444461,37.769406]}},{"type":"Feature","properties":{"id":875,"name":"Rock 875","size":2.2,"time":"2024-01-07T22:48:45Z"},"geometry":{"type":"Point","coordinates":[-122.143527,37.455935]}},{"type":"Feature","properties":{"id":876,"name":"Rock 876","size":2.21,"time":"2024-01-07T05:48:07Z"},"geometry":{"type":"Point","coordinates":[-122.185261,37.700604]}},{"type":"Feature","properties":{"id":877,"name":"Rock 877","size":1.2,"time":"2024-01-13T18:53:48Z"},"geometry":{"type":"Point","coordinates":[-122.203849,37.477454]}},{"type":"Feature","properties":{"id":878,"name":"Rock 878","size":3.87,"time":"2024-01-07T19:51:18Z"},"geometry":{"type":"Point","coordinates":[-122.42512,37.77814]}},{"type":"Feature","properties":{"id":879,"name":"Rock 879","size":3.39,"time":"2024-01-15T21:48:09Z"},"geometry":{"type":"Point","coordinates":[-122.441408,37.8187]}},{"type":"Feature","properties":{"id":880,"name":"Rock 880","size":0.62,"time":"2024-01-05T19:51:52Z"},"geometry":{"type":"Point","coordinates":[-122.408545,37.774508]}},{"type":"Feature","properties":{"id":881,"name":"Rock 881","size":3.5,"time":"2024-01-02T10:09:36Z"},"geometry":{"type":"Point","coordinates":[-122.307209,37.644919]}},{"type":"Feature","properties":{"id":882,"name":"Rock 882","size":3.83,"time":"2024-01-06T04:33:17Z"},"geometry":{"type":"Point","coordinates":[-122.405431,37.793806]}},{"type":"Feature","properties":{"id":883,"name":"Rock 883","size":2.87,"time":"2024-01-17T06:02:19Z"},"geometry":{"type":"Point","coordinates":[-122.362097,37.589637]}},{"type":"Feature","properties":{"id":884,"name":"Rock 884","size":4.48,"time":"2024-01-06T13:06:26Z"},"geometry":{"type":"Point","coordinates":[-122.439635,37.766878]}},{"type":"Feature","properties":{"id":885,"name":"Rock 885","size":1.13,"time":"2024-01-01T09:41:30Z"},"geometry":{"type":"Point","coordinates":[-122.33508,37.579798]}},{"type":"Feature","properties":{"id":886,"name":"Rock 886","size":2.68,"time":"2024-01-12T16:03:55Z"},"geometry":{"type":"Point","coordinates":[-122.357389,37.622273]}},{"type":"Feature","properties":{"id":887,"name":"Rock 887","size":4.03,"time":"2024-01-04T17:21:21Z"},"geometry":{"type":"Point","coordinates":[-122.29428,37.6339]}},{"type":"Feature","properties":{"id":888,"name":"Rock 888","size":3.88,"time":"2024-01-09T20:53:42Z"},"geometry":{"type":"Point","coordinates":[-122.262303,37.608577]}},{"type":"Feature","properties":{"id":889,"name":"Rock 889","size":1.24,"time":"2024-01-19T08:29:46Z"},"geometry":{"type":"Point","coordinates":[-122.195342,37.438784]}},{"type":"Feature","properties":{"id":890,"name":"Rock 890","size":5.59,"time":"2024-01-03T18:09:09Z"},"geometry":{"type":"Point","coordinates":[-122.198749,37.571133]}},{"type":"Feature","properties":{"id":891,"name":"Rock 891","size":1.24,"time":"2024-01-05T13:35:14Z"},"geometry":{"type":"Point","coordinates":[-122.434215,37.756851]}},{"type":"Feature","properties":{"id":892,"name":"Rock 892","size":0.56,"time":"2024-01-06T11:32:59Z"},"geometry":{"type":"Point","coordinates":[-122.06042,37.483958]}},{"type":"Feature","properties":{"id":893,"name":"Rock 893","size":1.17,"time":"2024-01-03T22:34:11Z"},"geometry":{"type":"Point","coordinates":[-122.414289,37.777127]}},{"type":"Feature","properties":{"id":894,"name":"Rock 894","size":0.87,"time":"2024-01-01T10:06:17Z"},"geometry":{"type":"Point","coordinates":[-122.409486,37.80299]}},{"type":"Feature","properties":{"id":895,"name":"Rock 895","size":3.36,"time":"2024-01-09T00:31:09Z"},"geometry":{"type":"Point","coordinates":[-122.438184,37.761663]}},{"type":"Feature","properties":{"id":896,"name":"Rock 896","size":3.57,"time":"2024-01-15T14:48:52Z"},"geometry":{"type":"Point","coordinates":[-122.390128,37.784284]}},{"type":"Feature","properties":{"id":897,"name":"Rock 897","size":0.76,"time":"2024-01-03T13:50:37Z"},"geometry":{"type":"Point","coordinates":[-122.426939,37.76067]}},{"type":"Feature","properties":{"id":898,"name":"Rock 898","size":4.2,"time":"2024-01-11T02:05:52Z"},"geometry":{"type":"Point","coordinates":[-122.261621,37.871052]}},{"type":"Feature","properties":{"id":899,"name":"Rock 899","size":4.99,"time":"2024-01-19T23:28:06Z"},"geometry":{"type":"Point","coordinates":[-122.093542,37.450313]}},{"type":"Feature","properties":{"id":900,"name":"Rock 900","size":7.39,"time":"2024-01-03T07:37:38Z"},"geometry":{"type":"Point","coordinates":[-122.261538,37.862485]}},{"type":"Feature","properties":{"id":901,"name":"Rock 901","size":2.41,"time":"2024-01-12T09:10:46Z"},"geometry":{"type":"Point","coordinates":[-122.432777,37.799123]}},{"type":"Feature","properties":{"id":902,"name":"Rock 902","size":0.98,"time":"2024-01-14T06:19:56Z"},"geometry":{"type":"Point","coordinates":[-122.264279,37.882038]}},{"type":"Feature","properties":{"id":903,"name":"Rock 903","size":0.85,"time":"2024-01-05T16:38:09Z"},"geometry":{"type":"Point","coordinates":[-122.396024,37.795546]}},{"type":"Feature","properties":{"id":904,"name":"Rock 904","size":0.71,"time":"2024-01-11T14:57:06Z"},"geometry":{"type":"Point","coordinates":[-122.414496,37.767038]}},{"type":"Feature","properties":{"id":905,"name":"Rock 905","size":1.39,"time":"2024-01-11T11:14:49Z"},"geometry":{"type":"Point","coordinates":[-122.263379,37.849819]}},{"type":"Feature","properties":{"id":906,"name":"Rock 906","size":0.58,"time":"2024-01-19T12:02:55Z"},"geometry":{"type":"Point","coordinates":[-122.269743,37.855792]}},{"type":"Feature","properties":{"id":907,"name":"Rock 907","size":3.53,"time":"2024-01-11T02:42:23Z"},"geometry":{"type":"Point","coordinates":[-122.282587,37.571537]}},{"type":"Feature","properties":{"id":908,"name":"Rock 908","size":2.41,"time":"2024-01-05T13:46:55Z"},"geometry":{"type":"Point","coordinates":[-122.166872,37.438183]}},{"type":"Feature","properties":{"id":909,"name":"Rock 909","size":2.16,"time":"2024-01-14T20:24:54Z"},"geometry":{"type":"Point","coordinates":[-122.254513,37.856821]}},{"type":"Feature","properties":{"id":910,"name":"Rock 910","size":1.57,"time":"2024-01-02T13:41:46Z"},"geometry":{"type":"Point","coordinates":[-122.205674,37.466167]}},{"type":"Feature","properties":{"id":911,"name":"Rock 911","size":6.19,"time":"2024-01-10T00:57:45Z"},"geometry":{"type":"Point","coordinates":[-122.421043,37.802991]}},{"type":"Feature","properties":{"id":912,"name":"Rock 912","size":1.45,"time":"2024-01-08T01:59:06Z"},"geometry":{"type":"Point","coordinates":[-122.431671,37.773691]}},{"type":"Feature","properties":{"id":913,"name":"Rock 913","size":4.79,"time":"2024-01-05T22:37:15Z"},"geometry":{"type":"Point","coordinates":[-122.202141,37.468143]}},{"type":"Feature","properties":{"id":914,"name":"Rock 914","size":0.86,"time":"2024-01-16T08:33:18Z"},"geometry":{"type":"Point","coordinates":[-122.396716,37.786727]}},{"type":"Feature","properties":{"id":915,"name":"Rock 915","size":4.89,"time":"2024-01-07T18:56:02Z"},"geometry":{"type":"Point","coordinates":[-122.252646,37.881083]}},{"type":"Feature","properties":{"id":916,"name":"Rock 916","size":2.11,"time":"2024-01-09T14:10:51Z"},"geometry":{"type":"Point","coordinates":[-122.32929,37.65798]}},{"type":"Feature","properties":{"id":917,"name":"Rock 917","size":2.49,"time":"2024-01-09T03:47:29Z"},"geometry":{"type":"Point","coordinates":[-122.301907,37.606522]}},{"type":"Feature","properties":{"id":918,"name":"Rock 918","size":4.04,"time":"2024-01-01T13:47:52Z"},"geometry":{"type":"Point","coordinates":[-122.409363,37.787933]}},{"type":"Feature","properties":{"id":919,"name":"Rock 919","size":6.44,"time":"2024-01-17T03:49:57Z"},"geometry":{"type":"Point","coordinates":[-122.22948,37.597428]}},{"type":"Feature","properties":{"id":920,"name":"Rock 920","size":4.69,"time":"2024-01-15T23:56:46Z"},"geometry":{"type":"Point","coordinates":[-122.353509,37.557038]}},{"type":"Feature","properties":{"id":921,"name":"Rock 921","size":5.95,"time":"2024-01-13T02:54:26Z"},"geometry":{"type":"Point","coordinates":[-122.266193,37.841758]}},{"type":"Feature","properties":{"id":922,"name":"Rock 922","size":3.27,"time":"2024-01-16T16:13:43Z"},"geometry":{"type":"Point","coordinates":[-122.395176,37.793399]}},{"type":"Feature","properties":{"id":923,"name":"Rock 923","size":1.67,"time":"2024-01-08T02:33:11Z"},"geometry":{"type":"Point","coordinates":[-122.167837,37.445475]}},{"type":"Feature","properties":{"id":924,"name":"Rock 924","size":1.73,"time":"2024-01-10T05:36:09Z"},"geometry":{"type":"Point","coordinates":[-122.456737,37.645157]}},{"type":"Feature","properties":{"id":925,"name":"Rock 925","size":1.85,"time":"2024-01-11T19:11:13Z"},"geometry":{"type":"Point","coordinates":[-122.265893,37.640813]}},{"type":"Feature","properties":{"id":926,"name":"Rock 926","size":6.44,"time":"2024-01-16T09:32:39Z"},"geometry":{"type":"Point","coordinates":[-122.253221,37.858706]}},{"type":"Feature","properties":{"id":927,"name":"Rock 927","size":2.27,"time":"2024-01-02T02:15:05Z"},"geometry":{"type":"Point","coordinates":[-122.119066,37.463458]}},{"type":"Feature","properties":{"id":928,"name":"Rock 928","size":0.88,"time":"2024-01-18T16:27:52Z"},"geometry":{"type":"Point","coordinates":[-122.268144,37.870833]}},{"type":"Feature","properties":{"id":929,"name":"Rock 929","size":3.06,"time":"2024-01-04T09:07:04Z"},"geometry":{"type":"Point","coordinates":[-122.137812,37.422872]}},{"type":"Feature","properties":{"id":930,"name":"Rock 930","size":0.58,"time":"2024-01-16T23:04:35Z"},"geometry":{"type":"Point","coordinates":[-122.35132,37.620388]}},{"type":"Feature","properties":{"id":931,"name":"Rock 931","size":0.76,"time":"2024-01-14T17:29:22Z"},"geometry":{"type":"Point","coordinates":[-122.42378,37.780281]}},{"type":"Feature","properties":{"id":932,"name":"Rock 932","size":1.1,"time":"2024-01-02T02:49:09Z"},"geometry":{"type":"Point","coordinates":[-122.244158,37.616021]}},{"type":"Feature","properties":{"id":933,"name":"Rock 933","size":0.5,"time":"2024-01-07T22:07:13Z"},"geometry":{"type":"Point","coordinates":[-122.475005,37.760185]}},{"type":"Feature","properties":{"id":934,"name":"Rock 934","size":1.29,"time":"2024-01-16T23:40:53Z"},"geometry":{"type":"Point","coordinates":[-122.420694,37.795926]}},{"type":"Feature","properties":{"id":935,"name":"Rock 935","size":5.44,"time":"2024-01-04T05:29:20Z"},"geometry":{"type":"Point","coordinates":[-122.419022,37.791221]}},{"type":"Feature","properties":{"id":936,"name":"Rock 936","size":1.32,"time":"2024-01-01T09:04:15Z"},"geometry":{"type":"Point","coordinates":[-122.373469,37.780681]}},{"type":"Feature","properties":{"id":937,"name":"Rock 937","size":5.92,"time":"2024-01-18T09:29:12Z"},"geometry":{"type":"Point","coordinates":[-122.226594,37.459138]}},{"type":"Feature","properties":{"id":938,"name":"Rock 938","size":4.03,"time":"2024-01-10T01:40:13Z"},"geometry":{"type":"Point","coordinates":[-122.14994,37.472154]}},{"type":"Feature","properties":{"id":939,"name":"Rock 939","size":4.5,"time":"2024-01-04T03:19:05Z"},"geometry":{"type":"Point","coordinates":[-122.435342,37.766216]}},{"type":"Feature","properties":{"id":940,"name":"Rock 940","size":1.45,"time":"2024-01-09T11:18:47Z"},"geometry":{"type":"Point","coordinates":[-122.105319,37.502356]}},{"type":"Feature","properties":{"id":941,"name":"Rock 941","size":3.81,"time":"2024-01-10T23:43:28Z"},"geometry":{"type":"Point","coordinates":[-122.253871,37.611621]}},{"type":"Feature","properties":{"id":942,"name":"Rock 942","size":6.44,"time":"2024-01-13T11:49:19Z"},"geometry":{"type":"Point","coordinates":[-122.415758,37.789157]}},{"type":"Feature","properties":{"id":943,"name":"Rock 943","size":5.46,"time":"2024-01-18T07:21:02Z"},"geometry":{"type":"Point","coordinates":[-122.272687,37.640172]}},{"type":"Feature","properties":{"id":944,"name":"Rock 944","size":1.5,"time":"2024-01-10T12:38:07Z"},"geometry":{"type":"Point","coordinates":[-122.264668,37.866303]}},{"type":"Feature","properties":{"id":945,"name":"Rock 945","size":1.97,"time":"2024-01-04T23:57:57Z"},"geometry":{"type":"Point","coordinates":[-122.256389,37.561301]}},{"type":"Feature","properties":{"id":946,"name":"Rock 946","size":1.35,"time":"2024-01-10T16:26:51Z"},"geometry":{"type":"Point","coordinates":[-122.310053,37.572884]}},{"type":"Feature","properties":{"id":947,"name":"Rock 947","size":8.08,"time":"2024-01-16T16:02:47Z"},"geometry":{"type":"Point","coordinates":[-122.240646,37.862897]}},{"type":"Feature","properties":{"id":948,"name":"Rock 948","size":1.33,"time":"2024-01-07T22:04:22Z"},"geometry":{"type":"Point","coordinates":[-122.187732,37.470623]}},{"type":"Feature","properties":{"id":949,"name":"Rock 949","size":2.02,"time":"2024-01-03T12:32:06Z"},"geometry":{"type":"Point","coordinates":[-122.238788,37.652999]}},{"type":"Feature","properties":{"id":950,"name":"Rock 950","size":1.78,"time":"2024-01-08T01:23:29Z"},"geometry":{"type":"Point","coordinates":[-122.422329,37.757526]}},{"type":"Feature","properties":{"id":951,"name":"Rock 951","size":2.88,"time":"2024-01-13T23:18:08Z"},"geometry":{"type":"Point","coordinates":[-122.392783,37.784035]}},{"type":"Feature","properties":{"id":952,"name":"Rock 952","size":2.43,"time":"2024-01-15T19:47:56Z"},"geometry":{"type":"Point","coordinates":[-122.238137,37.67757]}},{"type":"Feature","properties":{"id":953,"name":"Rock 953","size":2.66,"time":"2024-01-19T04:57:33Z"},"geometry":{"type":"Point","coordinates":[-122.446011,37.770778]}},{"type":"Feature","properties":{"id":954,"name":"Rock 954","size":1.32,"time":"2024-01-05T03:09:40Z"},"geometry":{"type":"Point","coordinates":[-122.428573,37.770889]}},{"type":"Feature","properties":{"id":955,"name":"Rock 955","size":1.07,"time":"2024-01-04T19:34:15Z"},"geometry":{"type":"Point","coordinates":[-122.431751,37.797937]}},{"type":"Feature","properties":{"id":956,"name":"Rock 956","size":3.53,"time":"2024-01-10T22:17:04Z"},"geometry":{"type":"Point","coordinates":[-122.43071,37.777984]}},{"type":"Feature","properties":{"id":957,"name":"Rock 957","size":3.38,"time":"2024-01-07T03:42:21Z"},"geometry":{"type":"Point","coordinates":[-122.398357,37.765523]}},{"type":"Feature","properties":{"id":958,"name":"Rock 958","size":1.16,"time":"2024-01-05T23:04:41Z"},"geometry":{"type":"Point","coordinates":[-122.421941,37.783934]}},{"type":"Feature","properties":{"id":959,"name":"Rock 959","size":6.51,"time":"2024-01-10T09:51:39Z"},"geometry":{"type":"Point","coordinates":[-122.140069,37.418236]}},{"type":"Feature","properties":{"id":960,"name":"Rock 960","size":0.97,"time":"2024-01-06T06:33:10Z"},"geometry":{"type":"Point","coordinates":[-122.277223,37.550299]}},{"type":"Feature","properties":{"id":961,"name":"Rock 961","size":1.35,"time":"2024-01-06T22:57:34Z"},"geometry":{"type":"Point","coordinates":[-122.360439,37.608724]}},{"type":"Feature","properties":{"id":962,"name":"Rock 962","size":4.98,"time":"2024-01-01T18:58:23Z"},"geometry":{"type":"Point","coordinates":[-122.272398,37.879932]}},{"type":"Feature","properties":{"id":963,"name":"Rock 963","size":4.42,"time":"2024-01-07T17:49:03Z"},"geometry":{"type":"Point","coordinates":[-122.264843,37.862287]}},{"type":"Feature","properties":{"id":964,"name":"Rock 964","size":2.77,"time":"2024-01-19T23:04:32Z"},"geometry":{"type":"Point","coordinates":[-122.39709,37.783709]}},{"type":"Feature","properties":{"id":965,"name":"Rock 965","size":1.3,"time":"2024-01-11T05:34:09Z"},"geometry":{"type":"Point","coordinates":[-122.145962,37.466474]}},{"type":"Feature","properties":{"id":966,"name":"Rock 966","size":4.36,"time":"2024-01-11T03:22:23Z"},"geometry":{"type":"Point","coordinates":[-122.268044,37.881214]}},{"type":"Feature","properties":{"id":967,"name":"Rock 967","size":5.73,"time":"2024-01-08T05:44:29Z"},"geometry":{"type":"Point","coordinates":[-122.399779,37.773574]}},{"type":"Feature","properties":{"id":968,"name":"Rock 968","size":1.96,"time":"2024-01-11T13:44:00Z"},"geometry":{"type":"Point","coordinates":[-122.398921,37.780519]}},{"type":"Feature","properties":{"id":969,"name":"Rock 969","size":0.84,"time":"2024-01-06T07:42:58Z"},"geometry":{"type":"Point","coordinates":[-122.4241,37.78953]}},{"type":"Feature","properties":{"id":970,"name":"Rock 970","size":3.5,"time":"2024-01-02T14:25:34Z"},"geometry":{"type":"Point","coordinates":[-122.372417,37.630455]}},{"type":"Feature","properties":{"id":971,"name":"Rock 971","size":4.5,"time":"2024-01-03T03:24:05Z"},"geometry":{"type":"Point","coordinates":[-122.264887,37.893369]}},{"type":"Feature","properties":{"id":972,"name":"Rock 972","size":6.11,"time":"2024-01-13T09:15:29Z"},"geometry":{"type":"Point","coordinates":[-122.125118,37.431991]}},{"type":"Feature","properties":{"id":973,"name":"Rock 973","size":4.62,"time":"2024-01-18T00:00:53Z"},"geometry":{"type":"Point","coordinates":[-122.424075,37.773038]}},{"type":"Feature","properties":{"id":974,"name":"Rock 974","size":5.14,"time":"2024-01-19T13:05:11Z"},"geometry":{"type":"Point","coordinates":[-122.311232,37.648097]}},{"type":"Feature","properties":{"id":975,"name":"Rock 975","size":3.19,"time":"2024-01-12T01:21:00Z"},"geometry":{"type":"Point","coordinates":[-122.273545,37.845823]}},{"type":"Feature","properties":{"id":976,"name":"Rock 976","size":2.76,"time":"2024-01-10T06:30:01Z"},"geometry":{"type":"Point","coordinates":[-122.283922,37.869397]}},{"type":"Feature","properties":{"id":977,"name":"Rock 977","size":1.64,"time":"2024-01-17T23:16:24Z"},"geometry":{"type":"Point","coordinates":[-122.288097,37.877825]}},{"type":"Feature","properties":{"id":978,"name":"Rock 978","size":3.47,"time":"2024-01-01T04:02:52Z"},"geometry":{"type":"Point","coordinates":[-122.175923,37.452645]}},{"type":"Feature","properties":{"id":979,"name":"Rock 979","size":3.79,"time":"2024-01-16T15:31:05Z"},"geometry":{"type":"Point","coordinates":[-122.24777,37.616881]}},{"type":"Feature","properties":{"id":980,"name":"Rock 980","size":2.96,"time":"2024-01-05T14:13:41Z"},"geometry":{"type":"Point","coordinates":[-122.14304,37.441368]}},{"type":"Feature","properties":{"id":981,"name":"Rock 981","size":0.94,"time":"2024-01-01T12:39:40Z"},"geometry":{"type":"Point","coordinates":[-122.249271,37.634491]}},{"type":"Feature","properties":{"id":982,"name":"Rock 982","size":6.18,"time":"2024-01-03T12:59:01Z"},"geometry":{"type":"Point","coordinates":[-122.280404,37.854686]}},{"type":"Feature","properties":{"id":983,"name":"Rock 983","size":3.42,"time":"2024-01-10T00:23:35Z"},"geometry":{"type":"Point","coordinates":[-122.428943,37.792955]}},{"type":"Feature","properties":{"id":984,"name":"Rock 984","size":3.71,"time":"2024-01-16T09:43:40Z"},"geometry":{"type":"Point","coordinates":[-122.258413,37.84799]}},{"type":"Feature","properties":{"id":985,"name":"Rock 985","size":2.04,"time":"2024-01-11T13:00:36Z"},"geometry":{"type":"Point","coordinates":[-122.395049,37.836027]}},{"type":"Feature","properties":{"id":986,"name":"Rock 986","size":2,"time":"2024-01-11T21:47:08Z"},"geometry":{"type":"Point","coordinates":[-122.181475,37.430197]}},{"type":"Feature","properties":{"id":987,"name":"Rock 987","size":5.25,"time":"2024-01-07T21:42:10Z"},"geometry":{"type":"Point","coordinates":[-122.164174,37.459332]}},{"type":"Feature","properties":{"id":988,"name":"Rock 988","size":4.57,"time":"2024-01-05T16:25:59Z"},"geometry":{"type":"Point","coordinates":[-122.422822,37.76901]}},{"type":"Feature","properties":{"id":989,"name":"Rock 989","size":0.88,"time":"2024-01-01T09:55:55Z"},"geometry":{"type":"Point","coordinates":[-122.431933,37.778097]}},{"type":"Feature","properties":{"id":990,"name":"Rock 990","size":2.15,"time":"2024-01-07T19:34:02Z"},"geometry":{"type":"Point","coordinates":[-122.24646,37.856149]}},{"type":"Feature","properties":{"id":991,"name":"Rock 991","size":5.35,"time":"2024-01-10T07:17:42Z"},"geometry":{"type":"Point","coordinates":[-122.391925,37.784403]}},{"type":"Feature","properties":{"id":992,"name":"Rock 992","size":2.33,"time":"2024-01-19T22:55:40Z"},"geometry":{"type":"Point","coordinates":[-122.407964,37.762696]}},{"type":"Feature","properties":{"id":993,"name":"Rock 993","size":8.29,"time":"2024-01-04T09:18:54Z"},"geometry":{"type":"Point","coordinates":[-122.41641,37.7635]}},{"type":"Feature","properties":{"id":994,"name":"Rock 994","size":2.07,"time":"2024-01-03T14:39:20Z"},"geometry":{"type":"Point","coordinates":[-122.313957,37.618013]}},{"type":"Feature","properties":{"id":995,"name":"Rock 995","size":0.65,"time":"2024-01-06T17:05:38Z"},"geometry":{"type":"Point","coordinates":[-122.370859,37.628845]}},{"type":"Feature","properties":{"id":996,"name":"Rock 996","size":8.39,"time":"2024-01-19T15:26:22Z"},"geometry":{"type":"Point","coordinates":[-122.282756,37.862501]}},{"type":"Feature","properties":{"id":997,"name":"Rock 997","size":2.41,"time":"2024-01-10T04:21:32Z"},"geometry":{"type":"Point","coordinates":[-122.142419,37.495262]}},{"type":"Feature","properties":{"id":998,"name":"Rock 998","size":0.6,"time":"2024-01-15T18:39:32Z"},"geometry":{"type":"Point","coordinates":[-122.184559,37.437731]}},{"type":"Feature","properties":{"id":999,"name":"Rock 999","size":1.47,"time":"2024-01-12T13:25:49Z"},"geometry":{"type":"Point","coordinates":[-122.204845,37.438333]}},{"type":"Feature","properties":{"id":1000,"name":"Rock 1000","size":1.43,"time":"2024-01-07T16:42:42Z"},"geometry":{"type":"Point","coordinates":[-122.285627,37.57958]}},{"type":"Feature","properties":{"id":1001,"name":"Rock 1001","size":8.12,"time":"2024-01-10T06:52:16Z"},"geometry":{"type":"Point","coordinates":[-122.249225,37.872655]}},{"type":"Feature","properties":{"id":1002,"name":"Rock 1002","size":5.12,"time":"2024-01-18T06:09:32Z"},"geometry":{"type":"Point","coordinates":[-122.307028,37.601985]}},{"type":"Feature","properties":{"id":1003,"name":"Rock 1003","size":3.59,"time":"2024-01-12T18:05:07Z"},"geometry":{"type":"Point","coordinates":[-122.127256,37.473686]}},{"type":"Feature","properties":{"id":1004,"name":"Rock 1004","size":5.59,"time":"2024-01-05T18:02:07Z"},"geometry":{"type":"Point","coordinates":[-122.099886,37.410714]}},{"type":"Feature","properties":{"id":1005,"name":"Rock 1005","size":2.29,"time":"2024-01-04T19:19:46Z"},"geometry":{"type":"Point","coordinates":[-122.283801,37.857373]}},{"type":"Feature","properties":{"id":1006,"name":"Rock 1006","size":6.78,"time":"2024-01-16T16:06:33Z"},"geometry":{"type":"Point","coordinates":[-122.161469,37.444366]}},{"type":"Feature","properties":{"id":1007,"name":"Rock 1007","size":5.24,"time":"2024-01-10T16:09:07Z"},"geometry":{"type":"Point","coordinates":[-122.46231,37.776969]}},{"type":"Feature","properties":{"id":1008,"name":"Rock 1008","size":2.63,"time":"2024-01-02T06:47:42Z"},"geometry":{"type":"Point","coordinates":[-122.2442,37.57054]}},{"type":"Feature","properties":{"id":1009,"name":"Rock 1009","size":4.41,"time":"2024-01-09T06:03:31Z"},"geometry":{"type":"Point","coordinates":[-122.100517,37.423106]}},{"type":"Feature","properties":{"id":1010,"name":"Rock 1010","size":0.72,"time":"2024-01-08T17:55:01Z"},"geometry":{"type":"Point","coordinates":[-122.421015,37.797492]}},{"type":"Feature","properties":{"id":1011,"name":"Rock 1011","size":6.24,"time":"2024-01-17T20:04:10Z"},"geometry":{"type":"Point","coordinates":[-122.29447,37.663228]}},{"type":"Feature","properties":{"id":1012,"name":"Rock 1012","size":2.34,"time":"2024-01-10T23:39:55Z"},"geometry":{"type":"Point","coordinates":[-122.265052,37.655136]}},{"type":"Feature","properties":{"id":1013,"name":"Rock 1013","size":6.31,"time":"2024-01-13T21:05:53Z"},"geometry":{"type":"Point","coordinates":[-122.10671,37.429338]}},{"type":"Feature","properties":{"id":1014,"name":"Rock 1014","size":4.45,"time":"2024-01-08T17:46:34Z"},"geometry":{"type":"Point","coordinates":[-122.380479,37.77601]}},{"type":"Feature","properties":{"id":1015,"name":"Rock 1015","size":3.76,"time":"2024-01-19T00:05:30Z"},"geometry":{"type":"Point","coordinates":[-122.358925,37.662587]}},{"type":"Feature","properties":{"id":1016,"name":"Rock 1016","size":1.5,"time":"2024-01-09T01:41:07Z"},"geometry":{"type":"Point","coordinates":[-122.410979,37.78899]}},{"type":"Feature","properties":{"id":1017,"name":"Rock 1017","size":3.82,"time":"2024-01-04T15:11:20Z"},"geometry":{"type":"Point","coordinates":[-122.382637,37.764305]}},{"type":"Feature","properties":{"id":1018,"name":"Rock 1018","size":2.19,"time":"2024-01-19T18:17:01Z"},"geometry":{"type":"Point","coordinates":[-122.454089,37.75094]}},{"type":"Feature","properties":{"id":1019,"name":"Rock 1019","size":2.55,"time":"2024-01-02T06:37:14Z"},"geometry":{"type":"Point","coordinates":[-122.208659,37.59299]}},{"type":"Feature","properties":{"id":1020,"name":"Rock 1020","size":5.58,"time":"2024-01-04T00:52:15Z"},"geometry":{"type":"Point","coordinates":[-122.430494,37.798609]}},{"type":"Feature","properties":{"id":1021,"name":"Rock 1021","size":3.72,"time":"2024-01-10T20:53:46Z"},"geometry":{"type":"Point","coordinates":[-122.433163,37.800436]}},{"type":"Feature","properties":{"id":1022,"name":"Rock 1022","size":2.24,"time":"2024-01-18T17:16:15Z"},"geometry":{"type":"Point","coordinates":[-122.428359,37.795888]}},{"type":"Feature","properties":{"id":1023,"name":"Rock 1023","size":2.04,"time":"2024-01-16T03:40:39Z"},"geometry":{"type":"Point","coordinates":[-122.158001,37.426537]}},{"type":"Feature","properties":{"id":1024,"name":"Rock 1024","size":5.72,"time":"2024-01-05T02:07:37Z"},"geometry":{"type":"Point","coordinates":[-122.286687,37.622631]}},{"type":"Feature","properties":{"id":1025,"name":"Rock 1025","size":5.69,"time":"2024-01-08T17:48:42Z"},"geometry":{"type":"Point","coordinates":[-122.308012,37.659787]}},{"type":"Feature","properties":{"id":1026,"name":"Rock 1026","size":0.7,"time":"2024-01-12T08:16:32Z"},"geometry":{"type":"Point","coordinates":[-122.390667,37.786189]}},{"type":"Feature","properties":{"id":1027,"name":"Rock 1027","size":5.12,"time":"2024-01-01T18:02:26Z"},"geometry":{"type":"Point","coordinates":[-122.255801,37.639613]}},{"type":"Feature","properties":{"id":1028,"name":"Rock 1028","size":6.1,"time":"2024-01-06T07:22:29Z"},"geometry":{"type":"Point","coordinates":[-122.329184,37.617627]}},{"type":"Feature","properties":{"id":1029,"name":"Rock 1029","size":7.31,"time":"2024-01-19T17:39:48Z"},"geometry":{"type":"Point","coordinates":[-122.271501,37.868071]}},{"type":"Feature","properties":{"id":1030,"name":"Rock 1030","size":2.88,"time":"2024-01-05T20:29:59Z"},"geometry":{"type":"Point","coordinates":[-122.259427,37.618105]}},{"type":"Feature","properties":{"id":1031,"name":"Rock 1031","size":1.14,"time":"2024-01-04T23:39:54Z"},"geometry":{"type":"Point","coordinates":[-122.33136,37.655777]}},{"type":"Feature","properties":{"id":1032,"name":"Rock 1032","size":3.01,"time":"2024-01-11T10:36:27Z"},"geometry":{"type":"Point","coordinates":[-122.166263,37.428579]}},{"type":"Feature","properties":{"id":1033,"name":"Rock 1033","size":0.99,"time":"2024-01-15T05:13:32Z"},"geometry":{"type":"Point","coordinates":[-122.212486,37.450558]}},{"type":"Feature","properties":{"id":1034,"name":"Rock 1034","size":1.38,"time":"2024-01-13T12:48:01Z"},"geometry":{"type":"Point","coordinates":[-122.237235,37.587055]}},{"type":"Feature","properties":{"id":1035,"name":"Rock 1035","size":0.99,"time":"2024-01-07T01:01:15Z"},"geometry":{"type":"Point","coordinates":[-122.203307,37.423109]}},{"type":"Feature","properties":{"id":1036,"name":"Rock 1036","size":2.53,"time":"2024-01-01T19:11:37Z"},"geometry":{"type":"Point","coordinates":[-122.265371,37.569232]}},{"type":"Feature","properties":{"id":1037,"name":"Rock 1037","size":0.88,"time":"2024-01-01T12:08:28Z"},"geometry":{"type":"Point","coordinates":[-122.442487,37.800179]}},{"type":"Feature","properties":{"id":1038,"name":"Rock 1038","size":1.17,"time":"2024-01-12T04:05:22Z"},"geometry":{"type":"Point","coordinates":[-122.413213,37.798542]}},{"type":"Feature","properties":{"id":1039,"name":"Rock 1039","size":6.58,"time":"2024-01-17T03:57:48Z"},"geometry":{"type":"Point","coordinates":[-122.404521,37.755325]}},{"type":"Feature","properties":{"id":1040,"name":"Rock 1040","size":4.55,"time":"2024-01-02T12:34:24Z"},"geometry":{"type":"Point","coordinates":[-122.368847,37.602916]}},{"type":"Feature","properties":{"id":1041,"name":"Rock 1041","size":5.88,"time":"2024-01-13T20:37:56Z"},"geometry":{"type":"Point","coordinates":[-122.284729,37.86365]}},{"type":"Feature","properties":{"id":1042,"name":"Rock 1042","size":3.37,"time":"2024-01-08T13:30:38Z"},"geometry":{"type":"Point","coordinates":[-122.395226,37.775273]}},{"type":"Feature","properties":{"id":1043,"name":"Rock 1043","size":3.01,"time":"2024-01-16T23:10:57Z"},"geometry":{"type":"Point","coordinates":[-122.172896,37.430501]}},{"type":"Feature","properties":{"id":1044,"name":"Rock 1044","size":3.88,"time":"2024-01-04T05:23:06Z"},"geometry":{"type":"Point","coordinates":[-122.420027,37.763217]}},{"type":"Feature","properties":{"id":1045,"name":"Rock 1045","size":4.56,"time":"2024-01-17T15:03:47Z"},"geometry":{"type":"Point","coordinates":[-122.305584,37.583387]}},{"type":"Feature","properties":{"id":1046,"name":"Rock 1046","size":4.61,"time":"2024-01-02T13:26:50Z"},"geometry":{"type":"Point","coordinates":[-122.283627,37.660682]}},{"type":"Feature","properties":{"id":1047,"name":"Rock 1047","size":2.99,"time":"2024-01-08T00:09:21Z"},"geometry":{"type":"Point","coordinates":[-122.106758,37.470028]}},{"type":"Feature","properties":{"id":1048,"name":"Rock 1048","size":2.1,"time":"2024-01-01T03:23:37Z"},"geometry":{"type":"Point","coordinates":[-122.273729,37.857539]}},{"type":"Feature","properties":{"id":1049,"name":"Rock 1049","size":2.37,"time":"2024-01-17T21:27:14Z"},"geometry":{"type":"Point","coordinates":[-122.43038,37.787824]}},{"type":"Feature","properties":{"id":1050,"name":"Rock 1050","size":1.84,"time":"2024-01-18T19:14:38Z"},"geometry":{"type":"Point","coordinates":[-122.301887,37.601404]}},{"type":"Feature","properties":{"id":1051,"name":"Rock 1051","size":5.09,"time":"2024-01-06T19:15:41Z"},"geometry":{"type":"Point","coordinates":[-122.435172,37.764472]}},{"type":"Feature","properties":{"id":1052,"name":"Rock 1052","size":2.33,"time":"2024-01-10T20:22:34Z"},"geometry":{"type":"Point","coordinates":[-122.426584,37.76898]}},{"type":"Feature","properties":{"id":1053,"name":"Rock 1053","size":0.52,"time":"2024-01-06T13:24:39Z"},"geometry":{"type":"Point","coordinates":[-122.190854,37.481483]}},{"type":"Feature","properties":{"id":1054,"name":"Rock 1054","size":1.15,"time":"2024-01-04T11:53:16Z"},"geometry":{"type":"Point","coordinates":[-122.431067,37.776935]}},{"type":"Feature","properties":{"id":1055,"name":"Rock 1055","size":0.57,"time":"2024-01-12T16:10:06Z"},"geometry":{"type":"Point","coordinates":[-122.115657,37.487605]}},{"type":"Feature","properties":{"id":1056,"name":"Rock 1056","size":2.53,"time":"2024-01-10T20:47:49Z"},"geometry":{"type":"Point","coordinates":[-122.273827,37.88692]}},{"type":"Feature","properties":{"id":1057,"name":"Rock 1057","size":3.35,"time":"2024-01-04T15:38:44Z"},"geometry":{"type":"Point","coordinates":[-122.431505,37.76892]}},{"type":"Feature","properties":{"id":1058,"name":"Rock 1058","size":1.41,"time":"2024-01-12T21:13:38Z"},"geometry":{"type":"Point","coordinates":[-122.391616,37.773087]}},{"type":"Feature","properties":{"id":1059,"name":"Rock 1059","size":5.56,"time":"2024-01-18T23:31:07Z"},"geometry":{"type":"Point","coordinates":[-122.277458,37.869063]}},{"type":"Feature","properties":{"id":1060,"name":"Rock 1060","size":2.82,"time":"2024-01-17T04:36:02Z"},"geometry":{"type":"Point","coordinates":[-122.280167,37.855591]}},{"type":"Feature","properties":{"id":1061,"name":"Rock 1061","size":2.91,"time":"2024-01-15T21:03:11Z"},"geometry":{"type":"Point","coordinates":[-122.443662,37.762043]}},{"type":"Feature","properties":{"id":1062,"name":"Rock 1062","size":1.52,"time":"2024-01-18T00:47:21Z"},"geometry":{"type":"Point","coordinates":[-122.285134,37.875544]}},{"type":"Feature","properties":{"id":1063,"name":"Rock 1063","size":8.4,"time":"2024-01-10T10:19:44Z"},"geometry":{"type":"Point","coordinates":[-122.328138,37.626289]}},{"type":"Feature","properties":{"id":1064,"name":"Rock 1064","size":3.95,"time":"2024-01-19T17:05:02Z"},"geometry":{"type":"Point","coordinates":[-122.176842,37.434877]}},{"type":"Feature","properties":{"id":1065,"name":"Rock 1065","size":0.63,"time":"2024-01-15T01:24:10Z"},"geometry":{"type":"Point","coordinates":[-122.298481,37.671235]}},{"type":"Feature","properties":{"id":1066,"name":"Rock 1066","size":3.75,"time":"2024-01-09T01:46:17Z"},"geometry":{"type":"Point","coordinates":[-122.361185,37.613081]}},{"type":"Feature","properties":{"id":1067,"name":"Rock 1067","size":1.23,"time":"2024-01-03T21:37:19Z"},"geometry":{"type":"Point","coordinates":[-122.419536,37.79073]}},{"type":"Feature","properties":{"id":1068,"name":"Rock 1068","size":1.6,"time":"2024-01-10T08:14:47Z"},"geometry":{"type":"Point","coordinates":[-122.424907,37.749232]}},{"type":"Feature","properties":{"id":1069,"name":"Rock 1069","size":5.85,"time":"2024-01-18T12:02:06Z"},"geometry":{"type":"Point","coordinates":[-122.141172,37.419715]}},{"type":"Feature","properties":{"id":1070,"name":"Rock 1070","size":1.14,"time":"2024-01-14T01:11:50Z"},"geometry":{"type":"Point","coordinates":[-122.370597,37.800272]}},{"type":"Feature","properties":{"id":1071,"name":"Rock 1071","size":3.65,"time":"2024-01-19T00:30:09Z"},"geometry":{"type":"Point","coordinates":[-122.429076,37.792089]}},{"type":"Feature","properties":{"id":1072,"name":"Rock 1072","size":2.75,"time":"2024-01-16T18:32:40Z"},"geometry":{"type":"Point","coordinates":[-122.429802,37.786412]}},{"type":"Feature","properties":{"id":1073,"name":"Rock 1073","size":2.16,"time":"2024-01-02T17:49:07Z"},"geometry":{"type":"Point","coordinates":[-122.297203,37.655729]}},{"type":"Feature","properties":{"id":1074,"name":"Rock 1074","size":0.61,"time":"2024-01-12T13:14:48Z"},"geometry":{"type":"Point","coordinates":[-122.178618,37.671514]}},{"type":"Feature","properties":{"id":1075,"name":"Rock 1075","size":1.51,"time":"2024-01-15T18:24:20Z"},"geometry":{"type":"Point","coordinates":[-122.445437,37.776238]}},{"type":"Feature","properties":{"id":1076,"name":"Rock 1076","size":1.44,"time":"2024-01-18T01:35:04Z"},"geometry":{"type":"Point","coordinates":[-122.174234,37.468265]}},{"type":"Feature","properties":{"id":1077,"name":"Rock 1077","size":5.59,"time":"2024-01-18T07:06:21Z"},"geometry":{"type":"Point","coordinates":[-122.158017,37.453018]}},{"type":"Feature","properties":{"id":1078,"name":"Rock 1078","size":3.54,"time":"2024-01-16T01:14:17Z"},"geometry":{"type":"Point","coordinates":[-122.273108,37.863483]}},{"type":"Feature","properties":{"id":1079,"name":"Rock 1079","size":2.92,"time":"2024-01-10T13:43:24Z"},"geometry":{"type":"Point","coordinates":[-122.413103,37.781065]}},{"type":"Feature","properties":{"id":1080,"name":"Rock 1080","size":3.95,"time":"2024-01-04T05:44:23Z"},"geometry":{"type":"Point","coordinates":[-122.201335,37.457601]}},{"type":"Feature","properties":{"id":1081,"name":"Rock 1081","size":4.06,"time":"2024-01-17T07:29:37Z"},"geometry":{"type":"Point","coordinates":[-122.422807,37.782016]}},{"type":"Feature","properties":{"id":1082,"name":"Rock 1082","size":2.05,"time":"2024-01-06T17:00:35Z"},"geometry":{"type":"Point","coordinates":[-122.38051,37.67209]}},{"type":"Feature","properties":{"id":1083,"name":"Rock 1083","size":3.17,"time":"2024-01-09T05:20:04Z"},"geometry":{"type":"Point","coordinates":[-122.260534,37.879617]}},{"type":"Feature","properties":{"id":1084,"name":"Rock 1084","size":2.49,"time":"2024-01-08T16:34:54Z"},"geometry":{"type":"Point","coordinates":[-122.264513,37.841272]}},{"type":"Feature","properties":{"id":1085,"name":"Rock 1085","size":1.12,"time":"2024-01-17T13:59:44Z"},"geometry":{"type":"Point","coordinates":[-122.409691,37.75548]}},{"type":"Feature","properties":{"id":1086,"name":"Rock 1086","size":0.6,"time":"2024-01-02T01:15:09Z"},"geometry":{"type":"Point","coordinates":[-122.153039,37.471899]}},{"type":"Feature","properties":{"id":1087,"name":"Rock 1087","size":1.05,"time":"2024-01-02T04:37:08Z"},"geometry":{"type":"Point","coordinates":[-122.431207,37.803357]}},{"type":"Feature","properties":{"id":1088,"name":"Rock 1088","size":3.58,"time":"2024-01-08T04:11:57Z"},"geometry":{"type":"Point","coordinates":[-122.398021,37.75333]}},{"type":"Feature","properties":{"id":1089,"name":"Rock 1089","size":0.7,"time":"2024-01-13T07:58:34Z"},"geometry":{"type":"Point","coordinates":[-122.270692,37.581914]}},{"type":"Feature","properties":{"id":1090,"name":"Rock 1090","size":4.39,"time":"2024-01-17T04:31:08Z"},"geometry":{"type":"Point","coordinates":[-122.15092,37.448013]}},{"type":"Feature","properties":{"id":1091,"name":"Rock 1091","size":2.09,"time":"2024-01-12T22:32:07Z"},"geometry":{"type":"Point","coordinates":[-122.290714,37.616004]}},{"type":"Feature","properties":{"id":1092,"name":"Rock 1092","size":1.55,"time":"2024-01-19T07:04:40Z"},"geometry":{"type":"Point","coordinates":[-122.27898,37.873285]}},{"type":"Feature","properties":{"id":1093,"name":"Rock 1093","size":3.72,"time":"2024-01-07T02:14:14Z"},"geometry":{"type":"Point","coordinates":[-122.41807,37.753153]}},{"type":"Feature","properties":{"id":1094,"name":"Rock 1094","size":1.43,"time":"2024-01-17T22:57:01Z"},"geometry":{"type":"Point","coordinates":[-122.269655,37.854482]}},{"type":"Feature","properties":{"id":1095,"name":"Rock 1095","size":3.23,"time":"2024-01-03T00:24:04Z"},"geometry":{"type":"Point","coordinates":[-122.284579,37.892642]}},{"type":"Feature","properties":{"id":1096,"name":"Rock 1096","size":5.74,"time":"2024-01-08T10:07:30Z"},"geometry":{"type":"Point","coordinates":[-122.43544,37.770875]}},{"type":"Feature","properties":{"id":1097,"name":"Rock 1097","size":4.6,"time":"2024-01-14T13:06:26Z"},"geometry":{"type":"Point","coordinates":[-122.269972,37.624436]}},{"type":"Feature","properties":{"id":1098,"name":"Rock 1098","size":2.04,"time":"2024-01-04T09:00:45Z"},"geometry":{"type":"Point","coordinates":[-122.466252,37.758181]}},{"type":"Feature","properties":{"id":1099,"name":"Rock 1099","size":3.6,"time":"2024-01-07T21:43:36Z"},"geometry":{"type":"Point","coordinates":[-122.194766,37.447791]}},{"type":"Feature","properties":{"id":1100,"name":"Rock 1100","size":1.17,"time":"2024-01-05T06:00:22Z"},"geometry":{"type":"Point","coordinates":[-122.185513,37.457826]}},{"type":"Feature","properties":{"id":1101,"name":"Rock 1101","size":5.48,"time":"2024-01-11T23:52:37Z"},"geometry":{"type":"Point","coordinates":[-122.292619,37.884076]}},{"type":"Feature","properties":{"id":1102,"name":"Rock 1102","size":1.47,"time":"2024-01-08T00:02:21Z"},"geometry":{"type":"Point","coordinates":[-122.183656,37.437826]}},{"type":"Feature","properties":{"id":1103,"name":"Rock 1103","size":3.39,"time":"2024-01-16T04:55:44Z"},"geometry":{"type":"Point","coordinates":[-122.382392,37.59845]}},{"type":"Feature","properties":{"id":1104,"name":"Rock 1104","size":5.32,"time":"2024-01-07T20:47:50Z"},"geometry":{"type":"Point","coordinates":[-122.429821,37.76852]}},{"type":"Feature","properties":{"id":1105,"name":"Rock 1105","size":2.64,"time":"2024-01-12T01:06:29Z"},"geometry":{"type":"Point","coordinates":[-122.40321,37.782376]}},{"type":"Feature","properties":{"id":1106,"name":"Rock 1106","size":2.85,"time":"2024-01-10T20:09:40Z"},"geometry":{"type":"Point","coordinates":[-122.118018,37.47631]}},{"type":"Feature","properties":{"id":1107,"name":"Rock 1107","size":3.55,"time":"2024-01-15T23:41:43Z"},"geometry":{"type":"Point","coordinates":[-122.420305,37.790541]}},{"type":"Feature","properties":{"id":1108,"name":"Rock 1108","size":1.16,"time":"2024-01-03T23:16:22Z"},"geometry":{"type":"Point","coordinates":[-122.412469,37.80819]}},{"type":"Feature","properties":{"id":1109,"name":"Rock 1109","size":0.69,"time":"2024-01-16T11:34:47Z"},"geometry":{"type":"Point","coordinates":[-122.28246,37.849835]}},{"type":"Feature","properties":{"id":1110,"name":"Rock 1110","size":3.11,"time":"2024-01-07T22:49:41Z"},"geometry":{"type":"Point","coordinates":[-122.288716,37.87816]}},{"type":"Feature","properties":{"id":1111,"name":"Rock 1111","size":0.73,"time":"2024-01-04T19:18:32Z"},"geometry":{"type":"Point","coordinates":[-122.150282,37.441377]}},{"type":"Feature","properties":{"id":1112,"name":"Rock 1112","size":1.12,"time":"2024-01-16T05:41:30Z"},"geometry":{"type":"Point","coordinates":[-122.119729,37.494074]}},{"type":"Feature","properties":{"id":1113,"name":"Rock 1113","size":1.91,"time":"2024-01-11T23:50:20Z"},"geometry":{"type":"Point","coordinates":[-122.276154,37.667065]}},{"type":"Feature","properties":{"id":1114,"name":"Rock 1114","size":0.94,"time":"2024-01-07T18:43:59Z"},"geometry":{"type":"Point","coordinates":[-122.359326,37.640959]}},{"type":"Feature","properties":{"id":1115,"name":"Rock 1115","size":2.45,"time":"2024-01-02T21:16:25Z"},"geometry":{"type":"Point","coordinates":[-122.280884,37.88624]}},{"type":"Feature","properties":{"id":1116,"name":"Rock 1116","size":1.51,"time":"2024-01-07T20:43:46Z"},"geometry":{"type":"Point","coordinates":[-122.400597,37.765945]}},{"type":"Feature","properties":{"id":1117,"name":"Rock 1117","size":2.06,"time":"2024-01-17T19:29:54Z"},"geometry":{"type":"Point","coordinates":[-122.227668,37.874237]}},{"type":"Feature","properties":{"id":1118,"name":"Rock 1118","size":1.34,"time":"2024-01-12T21:01:22Z"},"geometry":{"type":"Point","coordinates":[-122.424899,37.774248]}},{"type":"Feature","properties":{"id":1119,"name":"Rock 1119","size":1.44,"time":"2024-01-14T23:46:13Z"},"geometry":{"type":"Point","coordinates":[-122.450925,37.776562]}},{"type":"Feature","properties":{"id":1120,"name":"Rock 1120","size":0.78,"time":"2024-01-16T23:18:07Z"},"geometry":{"type":"Point","coordinates":[-122.24755,37.857775]}},{"type":"Feature","properties":{"id":1121,"name":"Rock 1121","size":1.14,"time":"2024-01-03T18:54:34Z"},"geometry":{"type":"Point","coordinates":[-122.335558,37.649272]}},{"type":"Feature","properties":{"id":1122,"name":"Rock 1122","size":4.79,"time":"2024-01-13T21:51:48Z"},"geometry":{"type":"Point","coordinates":[-122.227993,37.606847]}},{"type":"Feature","properties":{"id":1123,"name":"Rock 1123","size":1.72,"time":"2024-01-06T14:41:56Z"},"geometry":{"type":"Point","coordinates":[-122.258413,37.868495]}},{"type":"Feature","properties":{"id":1124,"name":"Rock 1124","size":2.44,"time":"2024-01-09T17:00:15Z"},"geometry":{"type":"Point","coordinates":[-122.436198,37.798959]}},{"type":"Feature","properties":{"id":1125,"name":"Rock 1125","size":2.23,"time":"2024-01-08T00:28:49Z"},"geometry":{"type":"Point","coordinates":[-122.415627,37.789537]}},{"type":"Feature","properties":{"id":1126,"name":"Rock 1126","size":3.06,"time":"2024-01-17T17:47:10Z"},"geometry":{"type":"Point","coordinates":[-122.276944,37.861892]}},{"type":"Feature","properties":{"id":1127,"name":"Rock 1127","size":1.33,"time":"2024-01-13T20:14:45Z"},"geometry":{"type":"Point","coordinates":[-122.254584,37.854227]}},{"type":"Feature","properties":{"id":1128,"name":"Rock 1128","size":2.02,"time":"2024-01-05T08:45:23Z"},"geometry":{"type":"Point","coordinates":[-122.430977,37.794256]}},{"type":"Feature","properties":{"id":1129,"name":"Rock 1129","size":1.74,"time":"2024-01-11T16:55:56Z"},"geometry":{"type":"Point","coordinates":[-122.423173,37.771388]}},{"type":"Feature","properties":{"id":1130,"name":"Rock 1130","size":2.51,"time":"2024-01-18T20:38:02Z"},"geometry":{"type":"Point","coordinates":[-122.411552,37.784652]}},{"type":"Feature","properties":{"id":1131,"name":"Rock 1131","size":2.12,"time":"2024-01-07T18:36:47Z"},"geometry":{"type":"Point","coordinates":[-122.401227,37.791711]}},{"type":"Feature","properties":{"id":1132,"name":"Rock 1132","size":2.71,"time":"2024-01-06T11:22:13Z"},"geometry":{"type":"Point","coordinates":[-122.251975,37.885042]}},{"type":"Feature","properties":{"id":1133,"name":"Rock 1133","size":1.35,"time":"2024-01-05T12:35:18Z"},"geometry":{"type":"Point","coordinates":[-122.155175,37.440671]}},{"type":"Feature","properties":{"id":1134,"name":"Rock 1134","size":1.45,"time":"2024-01-05T18:38:40Z"},"geometry":{"type":"Point","coordinates":[-122.17738,37.437217]}},{"type":"Feature","properties":{"id":1135,"name":"Rock 1135","size":2.88,"time":"2024-01-06T14:03:52Z"},"geometry":{"type":"Point","coordinates":[-122.26041,37.872457]}},{"type":"Feature","properties":{"id":1136,"name":"Rock 1136","size":1.29,"time":"2024-01-03T02:16:50Z"},"geometry":{"type":"Point","coordinates":[-122.416238,37.787939]}},{"type":"Feature","properties":{"id":1137,"name":"Rock 1137","size":0.91,"time":"2024-01-09T09:26:03Z"},"geometry":{"type":"Point","coordinates":[-122.416548,37.796727]}},{"type":"Feature","properties":{"id":1138,"name":"Rock 1138","size":1.59,"time":"2024-01-01T06:04:50Z"},"geometry":{"type":"Point","coordinates":[-122.424272,37.775031]}},{"type":"Feature","properties":{"id":1139,"name":"Rock 1139","size":2.27,"time":"2024-01-13T02:40:05Z"},"geometry":{"type":"Point","coordinates":[-122.273794,37.856452]}},{"type":"Feature","properties":{"id":1140,"name":"Rock 1140","size":3.63,"time":"2024-01-19T03:06:14Z"},"geometry":{"type":"Point","coordinates":[-122.287652,37.87459]}},{"type":"Feature","properties":{"id":1141,"name":"Rock 1141","size":3.57,"time":"2024-01-02T12:30:39Z"},"geometry":{"type":"Point","coordinates":[-122.451043,37.765639]}},{"type":"Feature","properties":{"id":1142,"name":"Rock 1142","size":5.14,"time":"2024-01-09T14:55:33Z"},"geometry":{"type":"Point","coordinates":[-122.365933,37.610357]}},{"type":"Feature","properties":{"id":1143,"name":"Rock 1143","size":3.92,"time":"2024-01-08T17:28:45Z"},"geometry":{"type":"Point","coordinates":[-122.403939,37.78751]}},{"type":"Feature","properties":{"id":1144,"name":"Rock 1144","size":2.35,"time":"2024-01-05T07:46:55Z"},"geometry":{"type":"Point","coordinates":[-122.263886,37.883142]}},{"type":"Feature","properties":{"id":1145,"name":"Rock 1145","size":0.73,"time":"2024-01-14T14:40:49Z"},"geometry":{"type":"Point","coordinates":[-122.268461,37.860286]}},{"type":"Feature","properties":{"id":1146,"name":"Rock 1146","size":3.02,"time":"2024-01-15T10:53:47Z"},"geometry":{"type":"Point","coordinates":[-122.438611,37.784601]}},{"type":"Feature","properties":{"id":1147,"name":"Rock 1147","size":2.85,"time":"2024-01-11T23:50:05Z"},"geometry":{"type":"Point","coordinates":[-122.411315,37.767443]}},{"type":"Feature","properties":{"id":1148,"name":"Rock 1148","size":2.84,"time":"2024-01-13T13:28:44Z"},"geometry":{"type":"Point","coordinates":[-122.265518,37.873287]}},{"type":"Feature","properties":{"id":1149,"name":"Rock 1149","size":2.64,"time":"2024-01-11T08:42:35Z"},"geometry":{"type":"Point","coordinates":[-122.330819,37.66002]}},{"type":"Feature","properties":{"id":1150,"name":"Rock 1150","size":5.33,"time":"2024-01-05T16:05:50Z"},"geometry":{"type":"Point","coordinates":[-122.28236,37.651069]}},{"type":"Feature","properties":{"id":1151,"name":"Rock 1151","size":3.85,"time":"2024-01-06T05:52:36Z"},"geometry":{"type":"Point","coordinates":[-122.150517,37.477362]}},{"type":"Feature","properties":{"id":1152,"name":"Rock 1152","size":5.69,"time":"2024-01-08T01:09:58Z"},"geometry":{"type":"Point","coordinates":[-122.257547,37.872359]}},{"type":"Feature","properties":{"id":1153,"name":"Rock 1153","size":4.73,"time":"2024-01-03T21:37:59Z"},"geometry":{"type":"Point","coordinates":[-122.418265,37.779617]}},{"type":"Feature","properties":{"id":1154,"name":"Rock 1154","size":0.8,"time":"2024-01-03T19:24:32Z"},"geometry":{"type":"Point","coordinates":[-122.26926,37.876898]}},{"type":"Feature","properties":{"id":1155,"name":"Rock 1155","size":1.55,"time":"2024-01-17T16:42:23Z"},"geometry":{"type":"Point","coordinates":[-122.123154,37.471194]}},{"type":"Feature","properties":{"id":1156,"name":"Rock 1156","size":1.1,"time":"2024-01-18T06:41:01Z"},"geometry":{"type":"Point","coordinates":[-122.31991,37.622122]}},{"type":"Feature","properties":{"id":1157,"name":"Rock 1157","size":3.17,"time":"2024-01-16T02:13:43Z"},"geometry":{"type":"Point","coordinates":[-122.432312,37.780534]}},{"type":"Feature","properties":{"id":1158,"name":"Rock 1158","size":0.88,"time":"2024-01-03T13:34:47Z"},"geometry":{"type":"Point","coordinates":[-122.278817,37.581591]}},{"type":"Feature","properties":{"id":1159,"name":"Rock 1159","size":1.3,"time":"2024-01-02T16:21:00Z"},"geometry":{"type":"Point","coordinates":[-122.156352,37.455272]}},{"type":"Feature","properties":{"id":1160,"name":"Rock 1160","size":0.54,"time":"2024-01-09T16:12:04Z"},"geometry":{"type":"Point","coordinates":[-122.261646,37.632868]}},{"type":"Feature","properties":{"id":1161,"name":"Rock 1161","size":1.86,"time":"2024-01-12T23:24:46Z"},"geometry":{"type":"Point","coordinates":[-122.329846,37.586012]}},{"type":"Feature","properties":{"id":1162,"name":"Rock 1162","size":1.23,"time":"2024-01-09T06:12:31Z"},"geometry":{"type":"Point","coordinates":[-122.264382,37.873716]}},{"type":"Feature","properties":{"id":1163,"name":"Rock 1163","size":3.28,"time":"2024-01-02T13:07:30Z"},"geometry":{"type":"Point","coordinates":[-122.401376,37.773377]}},{"type":"Feature","properties":{"id":1164,"name":"Rock 1164","size":1.15,"time":"2024-01-16T22:18:16Z"},"geometry":{"type":"Point","coordinates":[-122.162427,37.424541]}},{"type":"Feature","properties":{"id":1165,"name":"Rock 1165","size":1.58,"time":"2024-01-14T22:13:43Z"},"geometry":{"type":"Point","coordinates":[-122.260419,37.871633]}},{"type":"Feature","properties":{"id":1166,"name":"Rock 1166","size":7.4,"time":"2024-01-08T19:32:43Z"},"geometry":{"type":"Point","coordinates":[-122.255437,37.859076]}},{"type":"Feature","properties":{"id":1167,"name":"Rock 1167","size":4.62,"time":"2024-01-10T15:11:54Z"},"geometry":{"type":"Point","coordinates":[-122.309046,37.648802]}},{"type":"Feature","properties":{"id":1168,"name":"Rock 1168","size":3.58,"time":"2024-01-14T21:19:01Z"},"geometry":{"type":"Point","coordinates":[-122.249959,37.677565]}},{"type":"Feature","properties":{"id":1169,"name":"Rock 1169","size":0.74,"time":"2024-01-17T04:15:17Z"},"geometry":{"type":"Point","coordinates":[-122.268394,37.864557]}},{"type":"Feature","properties":{"id":1170,"name":"Rock 1170","size":1.2,"time":"2024-01-19T11:53:27Z"},"geometry":{"type":"Point","coordinates":[-122.263156,37.881507]}},{"type":"Feature","properties":{"id":1171,"name":"Rock 1171","size":2.04,"time":"2024-01-12T23:52:27Z"},"geometry":{"type":"Point","coordinates":[-122.296422,37.622063]}},{"type":"Feature","properties":{"id":1172,"name":"Rock 1172","size":1.17,"time":"2024-01-17T05:09:33Z"},"geometry":{"type":"Point","coordinates":[-122.318982,37.691694]}},{"type":"Feature","properties":{"id":1173,"name":"Rock 1173","size":3.59,"time":"2024-01-05T12:37:48Z"},"geometry":{"type":"Point","coordinates":[-122.289078,37.872195]}},{"type":"Feature","properties":{"id":1174,"name":"Rock 1174","size":4.69,"time":"2024-01-15T04:16:37Z"},"geometry":{"type":"Point","coordinates":[-122.407396,37.759294]}},{"type":"Feature","properties":{"id":1175,"name":"Rock 1175","size":7.54,"time":"2024-01-04T22:59:43Z"},"geometry":{"type":"Point","coordinates":[-122.419012,37.796235]}},{"type":"Feature","properties":{"id":1176,"name":"Rock 1176","size":3.02,"time":"2024-01-18T15:56:31Z"},"geometry":{"type":"Point","coordinates":[-122.280406,37.588822]}},{"type":"Feature","properties":{"id":1177,"name":"Rock 1177","size":6.74,"time":"2024-01-15T18:23:55Z"},"geometry":{"type":"Point","coordinates":[-122.13032,37.441501]}},{"type":"Feature","properties":{"id":1178,"name":"Rock 1178","size":5.34,"time":"2024-01-17T06:06:14Z"},"geometry":{"type":"Point","coordinates":[-122.280172,37.883709]}},{"type":"Feature","properties":{"id":1179,"name":"Rock 1179","size":0.96,"time":"2024-01-02T15:57:50Z"},"geometry":{"type":"Point","coordinates":[-122.455501,37.790525]}},{"type":"Feature","properties":{"id":1180,"name":"Rock 1180","size":0.51,"time":"2024-01-10T00:22:41Z"},"geometry":{"type":"Point","coordinates":[-122.437053,37.803774]}},{"type":"Feature","properties":{"id":1181,"name":"Rock 1181","size":1.58,"time":"2024-01-10T10:10:59Z"},"geometry":{"type":"Point","coordinates":[-122.455338,37.795426]}},{"type":"Feature","properties":{"id":1182,"name":"Rock 1182","size":2.03,"time":"2024-01-15T21:53:34Z"},"geometry":{"type":"Point","coordinates":[-122.388704,37.789587]}},{"type":"Feature","properties":{"id":1183,"name":"Rock 1183","size":1.76,"time":"2024-01-09T14:49:24Z"},"geometry":{"type":"Point","coordinates":[-122.253212,37.865926]}},{"type":"Feature","properties":{"id":1184,"name":"Rock 1184","size":0.52,"time":"2024-01-15T05:45:37Z"},"geometry":{"type":"Point","coordinates":[-122.274749,37.871163]}},{"type":"Feature","properties":{"id":1185,"name":"Rock 1185","size":5.38,"time":"2024-01-13T00:59:51Z"},"geometry":{"type":"Point","coordinates":[-122.412468,37.788354]}},{"type":"Feature","properties":{"id":1186,"name":"Rock 1186","size":1.22,"time":"2024-01-16T16:44:05Z"},"geometry":{"type":"Point","coordinates":[-122.398863,37.782667]}},{"type":"Feature","properties":{"id":1187,"name":"Rock 1187","size":2.41,"time":"2024-01-07T10:40:21Z"},"geometry":{"type":"Point","coordinates":[-122.327756,37.57915]}},{"type":"Feature","properties":{"id":1188,"name":"Rock 1188","size":4.51,"time":"2024-01-13T16:44:19Z"},"geometry":{"type":"Point","coordinates":[-122.415833,37.771563]}},{"type":"Feature","properties":{"id":1189,"name":"Rock 1189","size":4.57,"time":"2024-01-10T07:47:40Z"},"geometry":{"type":"Point","coordinates":[-122.373469,37.751185]}},{"type":"Feature","properties":{"id":1190,"name":"Rock 1190","size":3.67,"time":"2024-01-12T03:00:48Z"},"geometry":{"type":"Point","coordinates":[-122.258807,37.866276]}},{"type":"Feature","properties":{"id":1191,"name":"Rock 1191","size":2.56,"time":"2024-01-14T13:53:46Z"},"geometry":{"type":"Point","coordinates":[-122.424404,37.781949]}},{"type":"Feature","properties":{"id":1192,"name":"Rock 1192","size":1.31,"time":"2024-01-19T02:15:15Z"},"geometry":{"type":"Point","coordinates":[-122.383732,37.78124]}},{"type":"Feature","properties":{"id":1193,"name":"Rock 1193","size":2.44,"time":"2024-01-01T05:51:41Z"},"geometry":{"type":"Point","coordinates":[-122.173212,37.42902]}},{"type":"Feature","properties":{"id":1194,"name":"Rock 1194","size":0.84,"time":"2024-01-06T21:00:57Z"},"geometry":{"type":"Point","coordinates":[-122.284778,37.568256]}},{"type":"Feature","properties":{"id":1195,"name":"Rock 1195","size":3.97,"time":"2024-01-04T19:39:09Z"},"geometry":{"type":"Point","coordinates":[-122.150548,37.463864]}},{"type":"Feature","properties":{"id":1196,"name":"Rock 1196","size":8.06,"time":"2024-01-06T11:11:56Z"},"geometry":{"type":"Point","coordinates":[-122.163038,37.445838]}},{"type":"Feature","properties":{"id":1197,"name":"Rock 1197","size":2.73,"time":"2024-01-07T08:28:41Z"},"geometry":{"type":"Point","coordinates":[-122.304981,37.619798]}},{"type":"Feature","properties":{"id":1198,"name":"Rock 1198","size":1.81,"time":"2024-01-06T17:37:01Z"},"geometry":{"type":"Point","coordinates":[-122.197773,37.422727]}},{"type":"Feature","properties":{"id":1199,"name":"Rock 1199","size":8.44,"time":"2024-01-15T22:27:35Z"},"geometry":{"type":"Point","coordinates":[-122.42203,37.784112]}},{"type":"Feature","properties":{"id":1200,"name":"Rock 1200","size":1.12,"time":"2024-01-07T18:42:08Z"},"geometry":{"type":"Point","coordinates":[-122.247936,37.524965]}},{"type":"Feature","properties":{"id":1201,"name":"Rock 1201","size":2.27,"time":"2024-01-12T02:06:17Z"},"geometry":{"type":"Point","coordinates":[-122.199634,37.433656]}},{"type":"Feature","properties":{"id":1202,"name":"Rock 1202","size":2.38,"time":"2024-01-02T17:16:09Z"},"geometry":{"type":"Point","coordinates":[-122.296044,37.683063]}},{"type":"Feature","properties":{"id":1203,"name":"Rock 1203","size":2.11,"time":"2024-01-15T10:30:14Z"},"geometry":{"type":"Point","coordinates":[-122.418576,37.802511]}},{"type":"Feature","properties":{"id":1204,"name":"Rock 1204","size":6.12,"time":"2024-01-03T22:39:23Z"},"geometry":{"type":"Point","coordinates":[-122.413484,37.770215]}},{"type":"Feature","properties":{"id":1205,"name":"Rock 1205","size":3.48,"time":"2024-01-05T10:34:51Z"},"geometry":{"type":"Point","coordinates":[-122.214551,37.438293]}},{"type":"Feature","properties":{"id":1206,"name":"Rock 1206","size":0.71,"time":"2024-01-08T15:49:39Z"},"geometry":{"type":"Point","coordinates":[-122.263633,37.599041]}},{"type":"Feature","properties":{"id":1207,"name":"Rock 1207","size":5.8,"time":"2024-01-06T01:19:46Z"},"geometry":{"type":"Point","coordinates":[-122.228777,37.849605]}},{"type":"Feature","properties":{"id":1208,"name":"Rock 1208","size":8.78,"time":"2024-01-05T21:47:32Z"},"geometry":{"type":"Point","coordinates":[-122.163288,37.448807]}},{"type":"Feature","properties":{"id":1209,"name":"Rock 1209","size":2.31,"time":"2024-01-08T19:37:29Z"},"geometry":{"type":"Point","coordinates":[-122.258379,37.863901]}},{"type":"Feature","properties":{"id":1210,"name":"Rock 1210","size":0.79,"time":"2024-01-16T20:33:15Z"},"geometry":{"type":"Point","coordinates":[-122.364206,37.659434]}},{"type":"Feature","properties":{"id":1211,"name":"Rock 1211","size":3.46,"time":"2024-01-04T05:00:00Z"},"geometry":{"type":"Point","coordinates":[-122.259536,37.87316]}},{"type":"Feature","properties":{"id":1212,"name":"Rock 1212","size":4.04,"time":"2024-01-05T02:54:41Z"},"geometry":{"type":"Point","coordinates":[-122.277985,37.592702]}},{"type":"Feature","properties":{"id":1213,"name":"Rock 1213","size":9.96,"time":"2024-01-17T07:00:55Z"},"geometry":{"type":"Point","coordinates":[-122.217058,37.459727]}},{"type":"Feature","properties":{"id":1214,"name":"Rock 1214","size":3.45,"time":"2024-01-03T12:24:47Z"},"geometry":{"type":"Point","coordinates":[-122.269356,37.861019]}},{"type":"Feature","properties":{"id":1215,"name":"Rock 1215","size":5.54,"time":"2024-01-13T14:43:41Z"},"geometry":{"type":"Point","coordinates":[-122.36582,37.661587]}},{"type":"Feature","properties":{"id":1216,"name":"Rock 1216","size":1.44,"time":"2024-01-11T05:51:06Z"},"geometry":{"type":"Point","coordinates":[-122.317534,37.641236]}},{"type":"Feature","properties":{"id":1217,"name":"Rock 1217","size":5.56,"time":"2024-01-12T06:19:19Z"},"geometry":{"type":"Point","coordinates":[-122.249477,37.876122]}},{"type":"Feature","properties":{"id":1218,"name":"Rock 1218","size":3.65,"time":"2024-01-13T05:25:25Z"},"geometry":{"type":"Point","coordinates":[-122.323739,37.586167]}},{"type":"Feature","properties":{"id":1219,"name":"Rock 1219","size":5.44,"time":"2024-01-01T09:42:56Z"},"geometry":{"type":"Point","coordinates":[-122.318467,37.692219]}},{"type":"Feature","properties":{"id":1220,"name":"Rock 1220","size":2.11,"time":"2024-01-13T23:37:42Z"},"geometry":{"type":"Point","coordinates":[-122.427425,37.801154]}},{"type":"Feature","properties":{"id":1221,"name":"Rock 1221","size":1.73,"time":"2024-01-14T08:28:02Z"},"geometry":{"type":"Point","coordinates":[-122.17026,37.472611]}},{"type":"Feature","properties":{"id":1222,"name":"Rock 1222","size":0.99,"time":"2024-01-08T15:27:02Z"},"geometry":{"type":"Point","coordinates":[-122.400051,37.783465]}},{"type":"Feature","properties":{"id":1223,"name":"Rock 1223","size":4.94,"time":"2024-01-19T03:31:26Z"},"geometry":{"type":"Point","coordinates":[-122.259318,37.862503]}},{"type":"Feature","properties":{"id":1224,"name":"Rock 1224","size":0.75,"time":"2024-01-16T04:27:52Z"},"geometry":{"type":"Point","coordinates":[-122.151407,37.444302]}},{"type":"Feature","properties":{"id":1225,"name":"Rock 1225","size":1.06,"time":"2024-01-05T09:12:00Z"},"geometry":{"type":"Point","coordinates":[-122.324396,37.667009]}},{"type":"Feature","properties":{"id":1226,"name":"Rock 1226","size":1.49,"time":"2024-01-02T12:15:30Z"},"geometry":{"type":"Point","coordinates":[-122.258245,37.624674]}},{"type":"Feature","properties":{"id":1227,"name":"Rock 1227","size":3.33,"time":"2024-01-14T06:03:41Z"},"geometry":{"type":"Point","coordinates":[-122.108212,37.446243]}},{"type":"Feature","properties":{"id":1228,"name":"Rock 1228","size":0.87,"time":"2024-01-12T09:08:27Z"},"geometry":{"type":"Point","coordinates":[-122.454355,37.763583]}},{"type":"Feature","properties":{"id":1229,"name":"Rock 1229","size":0.78,"time":"2024-01-02T03:32:57Z"},"geometry":{"type":"Point","coordinates":[-122.437365,37.77926]}},{"type":"Feature","properties":{"id":1230,"name":"Rock 1230","size":4.86,"time":"2024-01-09T01:09:41Z"},"geometry":{"type":"Point","coordinates":[-122.287636,37.559782]}},{"type":"Feature","properties":{"id":1231,"name":"Rock 1231","size":3.16,"time":"2024-01-08T22:41:13Z"},"geometry":{"type":"Point","coordinates":[-122.213634,37.575086]}},{"type":"Feature","properties":{"id":1232,"name":"Rock 1232","size":2.71,"time":"2024-01-15T08:23:14Z"},"geometry":{"type":"Point","coordinates":[-122.395085,37.754173]}},{"type":"Feature","properties":{"id":1233,"name":"Rock 1233","size":2.36,"time":"2024-01-01T01:04:39Z"},"geometry":{"type":"Point","coordinates":[-122.274473,37.884276]}},{"type":"Feature","properties":{"id":1234,"name":"Rock 1234","size":8.65,"time":"2024-01-07T20:31:14Z"},"geometry":{"type":"Point","coordinates":[-122.241945,37.631226]}},{"type":"Feature","properties":{"id":1235,"name":"Rock 1235","size":1.11,"time":"2024-01-19T04:26:05Z"},"geometry":{"type":"Point","coordinates":[-122.151553,37.457471]}},{"type":"Feature","properties":{"id":1236,"name":"Rock 1236","size":3.25,"time":"2024-01-11T11:26:20Z"},"geometry":{"type":"Point","coordinates":[-122.274823,37.632164]}},{"type":"Feature","properties":{"id":1237,"name":"Rock 1237","size":5.1,"time":"2024-01-13T21:10:16Z"},"geometry":{"type":"Point","coordinates":[-122.311173,37.677998]}},{"type":"Feature","properties":{"id":1238,"name":"Rock 1238","size":5.07,"time":"2024-01-18T09:12:04Z"},"geometry":{"type":"Point","coordinates":[-122.152374,37.439749]}},{"type":"Feature","properties":{"id":1239,"name":"Rock 1239","size":3.77,"time":"2024-01-08T21:08:48Z"},"geometry":{"type":"Point","coordinates":[-122.293068,37.636028]}},{"type":"Feature","properties":{"id":1240,"name":"Rock 1240","size":1.8,"time":"2024-01-11T14:36:45Z"},"geometry":{"type":"Point","coordinates":[-122.155925,37.462976]}},{"type":"Feature","properties":{"id":1241,"name":"Rock 1241","size":2.29,"time":"2024-01-06T14:16:40Z"},"geometry":{"type":"Point","coordinates":[-122.273153,37.8834]}},{"type":"Feature","properties":{"id":1242,"name":"Rock 1242","size":1.49,"time":"2024-01-12T12:50:32Z"},"geometry":{"type":"Point","coordinates":[-122.175635,37.417598]}},{"type":"Feature","properties":{"id":1243,"name":"Rock 1243","size":5.84,"time":"2024-01-08T11:35:33Z"},"geometry":{"type":"Point","coordinates":[-122.263611,37.883166]}},{"type":"Feature","properties":{"id":1244,"name":"Rock 1244","size":0.91,"time":"2024-01-11T05:12:12Z"},"geometry":{"type":"Point","coordinates":[-122.421778,37.806517]}},{"type":"Feature","properties":{"id":1245,"name":"Rock 1245","size":3.98,"time":"2024-01-07T13:37:56Z"},"geometry":{"type":"Point","coordinates":[-122.24664,37.869702]}},{"type":"Feature","properties":{"id":1246,"name":"Rock 1246","size":1.37,"time":"2024-01-07T06:05:58Z"},"geometry":{"type":"Point","coordinates":[-122.317184,37.618198]}},{"type":"Feature","properties":{"id":1247,"name":"Rock 1247","size":2.01,"time":"2024-01-08T07:13:30Z"},"geometry":{"type":"Point","coordinates":[-122.116664,37.441982]}},{"type":"Feature","properties":{"id":1248,"name":"Rock 1248","size":5.28,"time":"2024-01-10T05:52:18Z"},"geometry":{"type":"Point","coordinates":[-122.421838,37.785748]}},{"type":"Feature","properties":{"id":1249,"name":"Rock 1249","size":2.53,"time":"2024-01-15T07:39:14Z"},"geometry":{"type":"Point","coordinates":[-122.405404,37.787393]}},{"type":"Feature","properties":{"id":1250,"name":"Rock 1250","size":2.86,"time":"2024-01-08T11:33:10Z"},"geometry":{"type":"Point","coordinates":[-122.438418,37.766508]}},{"type":"Feature","properties":{"id":1251,"name":"Rock 1251","size":2.1,"time":"2024-01-18T05:12:14Z"},"geometry":{"type":"Point","coordinates":[-122.43732,37.80225]}},{"type":"Feature","properties":{"id":1252,"name":"Rock 1252","size":4.12,"time":"2024-01-17T19:33:20Z"},"geometry":{"type":"Point","coordinates":[-122.411451,37.758259]}},{"type":"Feature","properties":{"id":1253,"name":"Rock 1253","size":3.28,"time":"2024-01-10T08:53:10Z"},"geometry":{"type":"Point","coordinates":[-122.442061,37.775275]}},{"type":"Feature","properties":{"id":1254,"name":"Rock 1254","size":5.43,"time":"2024-01-03T11:12:57Z"},"geometry":{"type":"Point","coordinates":[-122.311943,37.685286]}},{"type":"Feature","properties":{"id":1255,"name":"Rock 1255","size":1.26,"time":"2024-01-12T01:59:24Z"},"geometry":{"type":"Point","coordinates":[-122.278153,37.890163]}},{"type":"Feature","properties":{"id":1256,"name":"Rock 1256","size":2.48,"time":"2024-01-09T04:40:48Z"},"geometry":{"type":"Point","coordinates":[-122.347606,37.598221]}},{"type":"Feature","properties":{"id":1257,"name":"Rock 1257","size":1.36,"time":"2024-01-16T06:47:21Z"},"geometry":{"type":"Point","coordinates":[-122.227453,37.599189]}},{"type":"Feature","properties":{"id":1258,"name":"Rock 1258","size":1.38,"time":"2024-01-13T23:09:40Z"},"geometry":{"type":"Point","coordinates":[-122.243645,37.86751]}},{"type":"Feature","properties":{"id":1259,"name":"Rock 1259","size":3.59,"time":"2024-01-01T19:21:02Z"},"geometry":{"type":"Point","coordinates":[-122.425945,37.806794]}},{"type":"Feature","properties":{"id":1260,"name":"Rock 1260","size":1.58,"time":"2024-01-17T00:11:28Z"},"geometry":{"type":"Point","coordinates":[-122.25112,37.678318]}},{"type":"Feature","properties":{"id":1261,"name":"Rock 1261","size":4.21,"time":"2024-01-17T09:18:53Z"},"geometry":{"type":"Point","coordinates":[-122.425917,37.787653]}},{"type":"Feature","properties":{"id":1262,"name":"Rock 1262","size":2.46,"time":"2024-01-14T18:24:04Z"},"geometry":{"type":"Point","coordinates":[-122.386698,37.747282]}},{"type":"Feature","properties":{"id":1263,"name":"Rock 1263","size":0.64,"time":"2024-01-18T09:02:58Z"},"geometry":{"type":"Point","coordinates":[-122.420154,37.758983]}},{"type":"Feature","properties":{"id":1264,"name":"Rock 1264","size":2.96,"time":"2024-01-04T18:51:39Z"},"geometry":{"type":"Point","coordinates":[-122.335835,37.59606]}},{"type":"Feature","properties":{"id":1265,"name":"Rock 1265","size":1.63,"time":"2024-01-17T03:46:48Z"},"geometry":{"type":"Point","coordinates":[-122.266504,37.852537]}},{"type":"Feature","properties":{"id":1266,"name":"Rock 1266","size":3.69,"time":"2024-01-17T09:17:22Z"},"geometry":{"type":"Point","coordinates":[-122.126068,37.459993]}},{"type":"Feature","properties":{"id":1267,"name":"Rock 1267","size":1.26,"time":"2024-01-16T00:31:25Z"},"geometry":{"type":"Point","coordinates":[-122.262867,37.650303]}},{"type":"Feature","properties":{"id":1268,"name":"Rock 1268","size":1.25,"time":"2024-01-19T15:54:15Z"},"geometry":{"type":"Point","coordinates":[-122.391292,37.75987]}},{"type":"Feature","properties":{"id":1269,"name":"Rock 1269","size":9.22,"time":"2024-01-07T01:44:34Z"},"geometry":{"type":"Point","coordinates":[-122.147811,37.473482]}},{"type":"Feature","properties":{"id":1270,"name":"Rock 1270","size":4.56,"time":"2024-01-18T12:04:17Z"},"geometry":{"type":"Point","coordinates":[-122.451208,37.765424]}},{"type":"Feature","properties":{"id":1271,"name":"Rock 1271","size":2.27,"time":"2024-01-13T22:48:33Z"},"geometry":{"type":"Point","coordinates":[-122.44479,37.785312]}},{"type":"Feature","properties":{"id":1272,"name":"Rock 1272","size":6.78,"time":"2024-01-11T04:13:53Z"},"geometry":{"type":"Point","coordinates":[-122.422992,37.812113]}},{"type":"Feature","properties":{"id":1273,"name":"Rock 1273","size":4.99,"time":"2024-01-02T16:39:57Z"},"geometry":{"type":"Point","coordinates":[-122.26926,37.628461]}},{"type":"Feature","properties":{"id":1274,"name":"Rock 1274","size":2.64,"time":"2024-01-19T15:16:56Z"},"geometry":{"type":"Point","coordinates":[-122.335559,37.652974]}},{"type":"Feature","properties":{"id":1275,"name":"Rock 1275","size":0.64,"time":"2024-01-05T19:05:37Z"},"geometry":{"type":"Point","coordinates":[-122.250205,37.869895]}},{"type":"Feature","properties":{"id":1276,"name":"Rock 1276","size":1.91,"time":"2024-01-12T19:02:14Z"},"geometry":{"type":"Point","coordinates":[-122.431743,37.773064]}},{"type":"Feature","properties":{"id":1277,"name":"Rock 1277","size":0.96,"time":"2024-01-02T22:08:40Z"},"geometry":{"type":"Point","coordinates":[-122.268393,37.851106]}},{"type":"Feature","properties":{"id":1278,"name":"Rock 1278","size":1.43,"time":"2024-01-07T21:10:20Z"},"geometry":{"type":"Point","coordinates":[-122.132427,37.407712]}},{"type":"Feature","properties":{"id":1279,"name":"Rock 1279","size":4.4,"time":"2024-01-01T02:46:15Z"},"geometry":{"type":"Point","coordinates":[-122.395986,37.766448]}},{"type":"Feature","properties":{"id":1280,"name":"Rock 1280","size":3.18,"time":"2024-01-10T00:15:31Z"},"geometry":{"type":"Point","coordinates":[-122.415395,37.800339]}},{"type":"Feature","properties":{"id":1281,"name":"Rock 1281","size":6.57,"time":"2024-01-03T02:02:51Z"},"geometry":{"type":"Point","coordinates":[-122.269232,37.861292]}},{"type":"Feature","properties":{"id":1282,"name":"Rock 1282","size":0.63,"time":"2024-01-16T21:07:29Z"},"geometry":{"type":"Point","coordinates":[-122.32693,37.65146]}},{"type":"Feature","properties":{"id":1283,"name":"Rock 1283","size":3.8,"time":"2024-01-05T19:42:43Z"},"geometry":{"type":"Point","coordinates":[-122.273358,37.590231]}},{"type":"Feature","properties":{"id":1284,"name":"Rock 1284","size":0.63,"time":"2024-01-13T09:16:00Z"},"geometry":{"type":"Point","coordinates":[-122.357961,37.615092]}},{"type":"Feature","properties":{"id":1285,"name":"Rock 1285","size":0.94,"time":"2024-01-07T03:20:27Z"},"geometry":{"type":"Point","coordinates":[-122.416359,37.788853]}},{"type":"Feature","properties":{"id":1286,"name":"Rock 1286","size":0.9,"time":"2024-01-16T22:25:50Z"},"geometry":{"type":"Point","coordinates":[-122.429113,37.801382]}},{"type":"Feature","properties":{"id":1287,"name":"Rock 1287","size":0.9,"time":"2024-01-06T05:21:26Z"},"geometry":{"type":"Point","coordinates":[-122.238521,37.849465]}},{"type":"Feature","properties":{"id":1288,"name":"Rock 1288","size":2.53,"time":"2024-01-15T12:10:27Z"},"geometry":{"type":"Point","coordinates":[-122.187002,37.635163]}},{"type":"Feature","properties":{"id":1289,"name":"Rock 1289","size":0.54,"time":"2024-01-14T09:13:20Z"},"geometry":{"type":"Point","coordinates":[-122.327001,37.621866]}},{"type":"Feature","properties":{"id":1290,"name":"Rock 1290","size":3.18,"time":"2024-01-04T03:05:09Z"},"geometry":{"type":"Point","coordinates":[-122.354757,37.635083]}},{"type":"Feature","properties":{"id":1291,"name":"Rock 1291","size":1.67,"time":"2024-01-05T17:49:26Z"},"geometry":{"type":"Point","coordinates":[-122.398988,37.803224]}},{"type":"Feature","properties":{"id":1292,"name":"Rock 1292","size":1.73,"time":"2024-01-03T13:06:09Z"},"geometry":{"type":"Point","coordinates":[-122.263876,37.878168]}},{"type":"Feature","properties":{"id":1293,"name":"Rock 1293","size":1.97,"time":"2024-01-05T23:54:15Z"},"geometry":{"type":"Point","coordinates":[-122.413753,37.783814]}},{"type":"Feature","properties":{"id":1294,"name":"Rock 1294","size":0.56,"time":"2024-01-16T11:35:21Z"},"geometry":{"type":"Point","coordinates":[-122.434183,37.772218]}},{"type":"Feature","properties":{"id":1295,"name":"Rock 1295","size":3.54,"time":"2024-01-10T22:41:42Z"},"geometry":{"type":"Point","coordinates":[-122.386444,37.787093]}},{"type":"Feature","properties":{"id":1296,"name":"Rock 1296","size":5.69,"time":"2024-01-03T17:50:08Z"},"geometry":{"type":"Point","coordinates":[-122.274087,37.617932]}},{"type":"Feature","properties":{"id":1297,"name":"Rock 1297","size":1.19,"time":"2024-01-14T23:32:18Z"},"geometry":{"type":"Point","coordinates":[-122.251466,37.855543]}},{"type":"Feature","properties":{"id":1298,"name":"Rock 1298","size":4.19,"time":"2024-01-08T17:11:38Z"},"geometry":{"type":"Point","coordinates":[-122.329507,37.66073]}},{"type":"Feature","properties":{"id":1299,"name":"Rock 1299","size":2.86,"time":"2024-01-19T00:35:00Z"},"geometry":{"type":"Point","coordinates":[-122.312414,37.630778]}},{"type":"Feature","properties":{"id":1300,"name":"Rock 1300","size":7.02,"time":"2024-01-17T13:13:01Z"},"geometry":{"type":"Point","coordinates":[-122.25231,37.666849]}},{"type":"Feature","properties":{"id":1301,"name":"Rock 1301","size":0.84,"time":"2024-01-12T02:36:20Z"},"geometry":{"type":"Point","coordinates":[-122.22759,37.585018]}},{"type":"Feature","properties":{"id":1302,"name":"Rock 1302","size":3.25,"time":"2024-01-05T01:27:39Z"},"geometry":{"type":"Point","coordinates":[-122.2811,37.716665]}},{"type":"Feature","properties":{"id":1303,"name":"Rock 1303","size":1.48,"time":"2024-01-14T12:52:47Z"},"geometry":{"type":"Point","coordinates":[-122.446425,37.759465]}},{"type":"Feature","properties":{"id":1304,"name":"Rock 1304","size":2.39,"time":"2024-01-12T17:57:08Z"},"geometry":{"type":"Point","coordinates":[-122.423122,37.799227]}},{"type":"Feature","properties":{"id":1305,"name":"Rock 1305","size":4.78,"time":"2024-01-04T00:39:18Z"},"geometry":{"type":"Point","coordinates":[-122.210158,37.55423]}},{"type":"Feature","properties":{"id":1306,"name":"Rock 1306","size":3.86,"time":"2024-01-10T12:22:04Z"},"geometry":{"type":"Point","coordinates":[-122.319561,37.557431]}},{"type":"Feature","properties":{"id":1307,"name":"Rock 1307","size":5.32,"time":"2024-01-15T07:38:23Z"},"geometry":{"type":"Point","coordinates":[-122.378684,37.782731]}},{"type":"Feature","properties":{"id":1308,"name":"Rock 1308","size":3.6,"time":"2024-01-10T19:29:50Z"},"geometry":{"type":"Point","coordinates":[-122.182982,37.468803]}},{"type":"Feature","properties":{"id":1309,"name":"Rock 1309","size":3.79,"time":"2024-01-17T14:52:32Z"},"geometry":{"type":"Point","coordinates":[-122.241577,37.638611]}},{"type":"Feature","properties":{"id":1310,"name":"Rock 1310","size":0.84,"time":"2024-01-16T17:43:33Z"},"geometry":{"type":"Point","coordinates":[-122.226628,37.443194]}},{"type":"Feature","properties":{"id":1311,"name":"Rock 1311","size":2.06,"time":"2024-01-14T10:22:52Z"},"geometry":{"type":"Point","coordinates":[-122.463102,37.779997]}},{"type":"Feature","properties":{"id":1312,"name":"Rock 1312","size":5.01,"time":"2024-01-06T14:09:00Z"},"geometry":{"type":"Point","coordinates":[-122.413291,37.780706]}},{"type":"Feature","properties":{"id":1313,"name":"Rock 1313","size":1.79,"time":"2024-01-12T05:11:51Z"},"geometry":{"type":"Point","coordinates":[-122.327597,37.558502]}},{"type":"Feature","properties":{"id":1314,"name":"Rock 1314","size":0.85,"time":"2024-01-12T15:10:25Z"},"geometry":{"type":"Point","coordinates":[-122.262173,37.867334]}},{"type":"Feature","properties":{"id":1315,"name":"Rock 1315","size":1.68,"time":"2024-01-11T02:38:51Z"},"geometry":{"type":"Point","coordinates":[-122.140682,37.443767]}},{"type":"Feature","properties":{"id":1316,"name":"Rock 1316","size":2.26,"time":"2024-01-11T10:19:42Z"},"geometry":{"type":"Point","coordinates":[-122.347715,37.659907]}},{"type":"Feature","properties":{"id":1317,"name":"Rock 1317","size":9.08,"time":"2024-01-05T06:58:30Z"},"geometry":{"type":"Point","coordinates":[-122.4422,37.788871]}},{"type":"Feature","properties":{"id":1318,"name":"Rock 1318","size":2.16,"time":"2024-01-05T06:34:20Z"},"geometry":{"type":"Point","coordinates":[-122.251641,37.641356]}},{"type":"Feature","properties":{"id":1319,"name":"Rock 1319","size":3.29,"time":"2024-01-06T20:10:20Z"},"geometry":{"type":"Point","coordinates":[-122.413568,37.778877]}},{"type":"Feature","properties":{"id":1320,"name":"Rock 1320","size":3.45,"time":"2024-01-05T02:11:16Z"},"geometry":{"type":"Point","coordinates":[-122.420201,37.756873]}},{"type":"Feature","properties":{"id":1321,"name":"Rock 1321","size":5.81,"time":"2024-01-10T22:02:20Z"},"geometry":{"type":"Point","coordinates":[-122.349029,37.641729]}},{"type":"Feature","properties":{"id":1322,"name":"Rock 1322","size":5.82,"time":"2024-01-09T01:09:58Z"},"geometry":{"type":"Point","coordinates":[-122.431777,37.781359]}},{"type":"Feature","properties":{"id":1323,"name":"Rock 1323","size":6.56,"time":"2024-01-16T12:15:30Z"},"geometry":{"type":"Point","coordinates":[-122.40522,37.770228]}},{"type":"Feature","properties":{"id":1324,"name":"Rock 1324","size":2.31,"time":"2024-01-07T12:22:15Z"},"geometry":{"type":"Point","coordinates":[-122.432971,37.800235]}},{"type":"Feature","properties":{"id":1325,"name":"Rock 1325","size":5.02,"time":"2024-01-18T20:17:01Z"},"geometry":{"type":"Point","coordinates":[-122.286979,37.640459]}},{"type":"Feature","properties":{"id":1326,"name":"Rock 1326","size":3.82,"time":"2024-01-14T06:48:33Z"},"geometry":{"type":"Point","coordinates":[-122.167288,37.467362]}},{"type":"Feature","properties":{"id":1327,"name":"Rock 1327","size":2.09,"time":"2024-01-12T23:47:30Z"},"geometry":{"type":"Point","coordinates":[-122.291088,37.846311]}},{"type":"Feature","properties":{"id":1328,"name":"Rock 1328","size":3.95,"time":"2024-01-13T21:15:36Z"},"geometry":{"type":"Point","coordinates":[-122.203465,37.434541]}},{"type":"Feature","properties":{"id":1329,"name":"Rock 1329","size":6.38,"time":"2024-01-17T11:12:58Z"},"geometry":{"type":"Point","coordinates":[-122.212901,37.460012]}},{"type":"Feature","properties":{"id":1330,"name":"Rock 1330","size":1.92,"time":"2024-01-03T01:36:00Z"},"geometry":{"type":"Point","coordinates":[-122.332226,37.607686]}},{"type":"Feature","properties":{"id":1331,"name":"Rock 1331","size":3.28,"time":"2024-01-13T10:04:48Z"},"geometry":{"type":"Point","coordinates":[-122.311435,37.579675]}},{"type":"Feature","properties":{"id":1332,"name":"Rock 1332","size":0.85,"time":"2024-01-02T05:10:09Z"},"geometry":{"type":"Point","coordinates":[-122.423328,37.773045]}},{"type":"Feature","properties":{"id":1333,"name":"Rock 1333","size":3.77,"time":"2024-01-17T07:41:53Z"},"geometry":{"type":"Point","coordinates":[-122.417346,37.778398]}},{"type":"Feature","properties":{"id":1334,"name":"Rock 1334","size":5.71,"time":"2024-01-05T08:01:56Z"},"geometry":{"type":"Point","coordinates":[-122.21622,37.450871]}},{"type":"Feature","properties":{"id":1335,"name":"Rock 1335","size":5.99,"time":"2024-01-12T23:31:15Z"},"geometry":{"type":"Point","coordinates":[-122.369832,37.610738]}},{"type":"Feature","properties":{"id":1336,"name":"Rock 1336","size":1.92,"time":"2024-01-15T11:41:41Z"},"geometry":{"type":"Point","coordinates":[-122.337767,37.639575]}},{"type":"Feature","properties":{"id":1337,"name":"Rock 1337","size":1.86,"time":"2024-01-08T03:47:51Z"},"geometry":{"type":"Point","coordinates":[-122.250937,37.877121]}},{"type":"Feature","properties":{"id":1338,"name":"Rock 1338","size":3.5,"time":"2024-01-06T07:45:50Z"},"geometry":{"type":"Point","coordinates":[-122.427267,37.792273]}},{"type":"Feature","properties":{"id":1339,"name":"Rock 1339","size":2.65,"time":"2024-01-01T04:44:15Z"},"geometry":{"type":"Point","coordinates":[-122.244993,37.654942]}},{"type":"Feature","properties":{"id":1340,"name":"Rock 1340","size":2.86,"time":"2024-01-18T01:12:04Z"},"geometry":{"type":"Point","coordinates":[-122.421444,37.766854]}},{"type":"Feature","properties":{"id":1341,"name":"Rock 1341","size":5.33,"time":"2024-01-05T00:12:29Z"},"geometry":{"type":"Point","coordinates":[-122.26177,37.88125]}},{"type":"Feature","properties":{"id":1342,"name":"Rock 1342","size":1.38,"time":"2024-01-19T11:13:06Z"},"geometry":{"type":"Point","coordinates":[-122.168289,37.443649]}},{"type":"Feature","properties":{"id":1343,"name":"Rock 1343","size":3.08,"time":"2024-01-10T08:35:03Z"},"geometry":{"type":"Point","coordinates":[-122.410682,37.62755]}},{"type":"Feature","properties":{"id":1344,"name":"Rock 1344","size":1.94,"time":"2024-01-03T11:47:38Z"},"geometry":{"type":"Point","coordinates":[-122.440363,37.816233]}},{"type":"Feature","properties":{"id":1345,"name":"Rock 1345","size":1.05,"time":"2024-01-06T22:03:32Z"},"geometry":{"type":"Point","coordinates":[-122.337089,37.615496]}},{"type":"Feature","properties":{"id":1346,"name":"Rock 1346","size":1.13,"time":"2024-01-10T10:22:25Z"},"geometry":{"type":"Point","coordinates":[-122.25418,37.861813]}},{"type":"Feature","properties":{"id":1347,"name":"Rock 1347","size":1.85,"time":"2024-01-05T19:42:23Z"},"geometry":{"type":"Point","coordinates":[-122.142426,37.421154]}},{"type":"Feature","properties":{"id":1348,"name":"Rock 1348","size":2.29,"time":"2024-01-04T05:52:32Z"},"geometry":{"type":"Point","coordinates":[-122.412994,37.78598]}},{"type":"Feature","properties":{"id":1349,"name":"Rock 1349","size":2.82,"time":"2024-01-17T06:08:30Z"},"geometry":{"type":"Point","coordinates":[-122.258645,37.865142]}},{"type":"Feature","properties":{"id":1350,"name":"Rock 1350","size":3.49,"time":"2024-01-01T19:15:09Z"},"geometry":{"type":"Point","coordinates":[-122.424792,37.771982]}},{"type":"Feature","properties":{"id":1351,"name":"Rock 1351","size":2.51,"time":"2024-01-14T01:11:08Z"},"geometry":{"type":"Point","coordinates":[-122.252848,37.838516]}},{"type":"Feature","properties":{"id":1352,"name":"Rock 1352","size":2.81,"time":"2024-01-18T17:39:26Z"},"geometry":{"type":"Point","coordinates":[-122.169485,37.459513]}},{"type":"Feature","properties":{"id":1353,"name":"Rock 1353","size":1.66,"time":"2024-01-01T11:37:56Z"},"geometry":{"type":"Point","coordinates":[-122.294343,37.875267]}},{"type":"Feature","properties":{"id":1354,"name":"Rock 1354","size":2.28,"time":"2024-01-06T08:19:37Z"},"geometry":{"type":"Point","coordinates":[-122.39585,37.61758]}},{"type":"Feature","properties":{"id":1355,"name":"Rock 1355","size":2.94,"time":"2024-01-02T06:34:35Z"},"geometry":{"type":"Point","coordinates":[-122.298272,37.672828]}},{"type":"Feature","properties":{"id":1356,"name":"Rock 1356","size":0.72,"time":"2024-01-15T02:45:57Z"},"geometry":{"type":"Point","coordinates":[-122.182496,37.64203]}},{"type":"Feature","properties":{"id":1357,"name":"Rock 1357","size":0.67,"time":"2024-01-09T01:06:51Z"},"geometry":{"type":"Point","coordinates":[-122.118937,37.45047]}},{"type":"Feature","properties":{"id":1358,"name":"Rock 1358","size":4.41,"time":"2024-01-11T12:52:38Z"},"geometry":{"type":"Point","coordinates":[-122.418548,37.750408]}},{"type":"Feature","properties":{"id":1359,"name":"Rock 1359","size":2.19,"time":"2024-01-11T14:00:19Z"},"geometry":{"type":"Point","coordinates":[-122.243959,37.624343]}},{"type":"Feature","properties":{"id":1360,"name":"Rock 1360","size":1.38,"time":"2024-01-03T12:07:52Z"},"geometry":{"type":"Point","coordinates":[-122.429641,37.809076]}},{"type":"Feature","properties":{"id":1361,"name":"Rock 1361","size":2.73,"time":"2024-01-02T05:34:29Z"},"geometry":{"type":"Point","coordinates":[-122.412249,37.778394]}},{"type":"Feature","properties":{"id":1362,"name":"Rock 1362","size":1.57,"time":"2024-01-05T11:19:49Z"},"geometry":{"type":"Point","coordinates":[-122.260825,37.625222]}},{"type":"Feature","properties":{"id":1363,"name":"Rock 1363","size":8.97,"time":"2024-01-04T10:55:17Z"},"geometry":{"type":"Point","coordinates":[-122.271847,37.85052]}},{"type":"Feature","properties":{"id":1364,"name":"Rock 1364","size":1.56,"time":"2024-01-16T03:30:41Z"},"geometry":{"type":"Point","coordinates":[-122.15715,37.461814]}},{"type":"Feature","properties":{"id":1365,"name":"Rock 1365","size":3.61,"time":"2024-01-10T17:33:38Z"},"geometry":{"type":"Point","coordinates":[-122.267857,37.876766]}},{"type":"Feature","properties":{"id":1366,"name":"Rock 1366","size":2.13,"time":"2024-01-18T08:04:16Z"},"geometry":{"type":"Point","coordinates":[-122.388002,37.767462]}},{"type":"Feature","properties":{"id":1367,"name":"Rock 1367","size":0.94,"time":"2024-01-18T07:39:44Z"},"geometry":{"type":"Point","coordinates":[-122.268837,37.888195]}},{"type":"Feature","properties":{"id":1368,"name":"Rock 1368","size":4.05,"time":"2024-01-03T12:51:03Z"},"geometry":{"type":"Point","coordinates":[-122.407701,37.803019]}},{"type":"Feature","properties":{"id":1369,"name":"Rock 1369","size":7.98,"time":"2024-01-06T10:52:25Z"},"geometry":{"type":"Point","coordinates":[-122.427023,37.774203]}},{"type":"Feature","properties":{"id":1370,"name":"Rock 1370","size":3.53,"time":"2024-01-03T08:31:49Z"},"geometry":{"type":"Point","coordinates":[-122.418656,37.785569]}},{"type":"Feature","properties":{"id":1371,"name":"Rock 1371","size":3.22,"time":"2024-01-13T19:53:55Z"},"geometry":{"type":"Point","coordinates":[-122.190791,37.509166]}},{"type":"Feature","properties":{"id":1372,"name":"Rock 1372","size":0.8,"time":"2024-01-13T07:36:53Z"},"geometry":{"type":"Point","coordinates":[-122.290692,37.612634]}},{"type":"Feature","properties":{"id":1373,"name":"Rock 1373","size":1.72,"time":"2024-01-04T08:25:40Z"},"geometry":{"type":"Point","coordinates":[-122.421006,37.80372]}},{"type":"Feature","properties":{"id":1374,"name":"Rock 1374","size":2.31,"time":"2024-01-19T02:22:51Z"},"geometry":{"type":"Point","coordinates":[-122.183454,37.39955]}},{"type":"Feature","properties":{"id":1375,"name":"Rock 1375","size":3.43,"time":"2024-01-13T14:15:34Z"},"geometry":{"type":"Point","coordinates":[-122.251755,37.859867]}},{"type":"Feature","properties":{"id":1376,"name":"Rock 1376","size":2.41,"time":"2024-01-09T03:48:13Z"},"geometry":{"type":"Point","coordinates":[-122.338866,37.6748]}},{"type":"Feature","properties":{"id":1377,"name":"Rock 1377","size":1.2,"time":"2024-01-09T18:12:25Z"},"geometry":{"type":"Point","coordinates":[-122.343868,37.64459]}},{"type":"Feature","properties":{"id":1378,"name":"Rock 1378","size":1.92,"time":"2024-01-03T23:33:32Z"},"geometry":{"type":"Point","coordinates":[-122.420389,37.74241]}},{"type":"Feature","properties":{"id":1379,"name":"Rock 1379","size":3.13,"time":"2024-01-01T15:51:36Z"},"geometry":{"type":"Point","coordinates":[-122.315564,37.610834]}},{"type":"Feature","properties":{"id":1380,"name":"Rock 1380","size":4.45,"time":"2024-01-17T00:26:22Z"},"geometry":{"type":"Point","coordinates":[-122.368406,37.625991]}},{"type":"Feature","properties":{"id":1381,"name":"Rock 1381","size":0.72,"time":"2024-01-14T08:20:39Z"},"geometry":{"type":"Point","coordinates":[-122.244361,37.639841]}},{"type":"Feature","properties":{"id":1382,"name":"Rock 1382","size":2.54,"time":"2024-01-17T01:03:18Z"},"geometry":{"type":"Point","coordinates":[-122.416439,37.768253]}},{"type":"Feature","properties":{"id":1383,"name":"Rock 1383","size":2.73,"time":"2024-01-06T15:36:19Z"},"geometry":{"type":"Point","coordinates":[-122.26943,37.858441]}},{"type":"Feature","properties":{"id":1384,"name":"Rock 1384","size":4.2,"time":"2024-01-10T03:47:56Z"},"geometry":{"type":"Point","coordinates":[-122.264659,37.867513]}},{"type":"Feature","properties":{"id":1385,"name":"Rock 1385","size":1.6,"time":"2024-01-12T17:24:43Z"},"geometry":{"type":"Point","coordinates":[-122.293743,37.868594]}},{"type":"Feature","properties":{"id":1386,"name":"Rock 1386","size":0.93,"time":"2024-01-10T10:08:29Z"},"geometry":{"type":"Point","coordinates":[-122.447118,37.789236]}},{"type":"Feature","properties":{"id":1387,"name":"Rock 1387","size":3.71,"time":"2024-01-09T19:55:55Z"},"geometry":{"type":"Point","coordinates":[-122.45205,37.837584]}},{"type":"Feature","properties":{"id":1388,"name":"Rock 1388","size":0.83,"time":"2024-01-16T12:32:13Z"},"geometry":{"type":"Point","coordinates":[-122.427659,37.596193]}},{"type":"Feature","properties":{"id":1389,"name":"Rock 1389","size":1.38,"time":"2024-01-16T06:37:13Z"},"geometry":{"type":"Point","coordinates":[-122.273994,37.863541]}},{"type":"Feature","properties":{"id":1390,"name":"Rock 1390","size":1.38,"time":"2024-01-17T13:17:22Z"},"geometry":{"type":"Point","coordinates":[-122.301747,37.616827]}},{"type":"Feature","properties":{"id":1391,"name":"Rock 1391","size":2.46,"time":"2024-01-10T14:08:44Z"},"geometry":{"type":"Point","coordinates":[-122.446493,37.768421]}},{"type":"Feature","properties":{"id":1392,"name":"Rock 1392","size":0.9,"time":"2024-01-01T09:24:53Z"},"geometry":{"type":"Point","coordinates":[-122.409299,37.788519]}},{"type":"Feature","properties":{"id":1393,"name":"Rock 1393","size":1.9,"time":"2024-01-02T01:47:07Z"},"geometry":{"type":"Point","coordinates":[-122.311218,37.614483]}},{"type":"Feature","properties":{"id":1394,"name":"Rock 1394","size":0.56,"time":"2024-01-16T06:03:43Z"},"geometry":{"type":"Point","coordinates":[-122.435349,37.798332]}},{"type":"Feature","properties":{"id":1395,"name":"Rock 1395","size":3.56,"time":"2024-01-09T10:35:25Z"},"geometry":{"type":"Point","coordinates":[-122.437016,37.789025]}},{"type":"Feature","properties":{"id":1396,"name":"Rock 1396","size":1.65,"time":"2024-01-01T22:24:51Z"},"geometry":{"type":"Point","coordinates":[-122.363358,37.663832]}},{"type":"Feature","properties":{"id":1397,"name":"Rock 1397","size":3.75,"time":"2024-01-06T22:19:07Z"},"geometry":{"type":"Point","coordinates":[-122.267558,37.6453]}},{"type":"Feature","properties":{"id":1398,"name":"Rock 1398","size":4.64,"time":"2024-01-16T07:22:15Z"},"geometry":{"type":"Point","coordinates":[-122.307155,37.64241]}},{"type":"Feature","properties":{"id":1399,"name":"Rock 1399","size":2.43,"time":"2024-01-07T23:45:38Z"},"geometry":{"type":"Point","coordinates":[-122.284757,37.716157]}},{"type":"Feature","properties":{"id":1400,"name":"Rock 1400","size":1.62,"time":"2024-01-07T09:00:56Z"},"geometry":{"type":"Point","coordinates":[-122.326786,37.595825]}},{"type":"Feature","properties":{"id":1401,"name":"Rock 1401","size":3.09,"time":"2024-01-08T11:32:17Z"},"geometry":{"type":"Point","coordinates":[-122.264867,37.652694]}},{"type":"Feature","properties":{"id":1402,"name":"Rock 1402","size":1.16,"time":"2024-01-05T15:33:32Z"},"geometry":{"type":"Point","coordinates":[-122.407888,37.771463]}},{"type":"Feature","properties":{"id":1403,"name":"Rock 1403","size":4.13,"time":"2024-01-19T13:18:37Z"},"geometry":{"type":"Point","coordinates":[-122.449421,37.762768]}},{"type":"Feature","properties":{"id":1404,"name":"Rock 1404","size":3.96,"time":"2024-01-19T18:59:38Z"},"geometry":{"type":"Point","coordinates":[-122.432948,37.75453]}},{"type":"Feature","properties":{"id":1405,"name":"Rock 1405","size":2.86,"time":"2024-01-16T21:48:52Z"},"geometry":{"type":"Point","coordinates":[-122.396847,37.75061]}},{"type":"Feature","properties":{"id":1406,"name":"Rock 1406","size":3.03,"time":"2024-01-15T19:54:22Z"},"geometry":{"type":"Point","coordinates":[-122.399725,37.776314]}},{"type":"Feature","properties":{"id":1407,"name":"Rock 1407","size":2.91,"time":"2024-01-03T08:50:30Z"},"geometry":{"type":"Point","coordinates":[-122.37139,37.629539]}},{"type":"Feature","properties":{"id":1408,"name":"Rock 1408","size":2.37,"time":"2024-01-04T22:00:47Z"},"geometry":{"type":"Point","coordinates":[-122.117541,37.453141]}},{"type":"Feature","properties":{"id":1409,"name":"Rock 1409","size":4.2,"time":"2024-01-08T04:22:37Z"},"geometry":{"type":"Point","coordinates":[-122.256114,37.857388]}},{"type":"Feature","properties":{"id":1410,"name":"Rock 1410","size":1.84,"time":"2024-01-16T18:46:29Z"},"geometry":{"type":"Point","coordinates":[-122.259401,37.848863]}},{"type":"Feature","properties":{"id":1411,"name":"Rock 1411","size":6.47,"time":"2024-01-15T20:44:56Z"},"geometry":{"type":"Point","coordinates":[-122.154725,37.458302]}},{"type":"Feature","properties":{"id":1412,"name":"Rock 1412","size":0.9,"time":"2024-01-11T16:44:10Z"},"geometry":{"type":"Point","coordinates":[-122.134866,37.460604]}},{"type":"Feature","properties":{"id":1413,"name":"Rock 1413","size":2.38,"time":"2024-01-07T01:46:07Z"},"geometry":{"type":"Point","coordinates":[-122.208092,37.444476]}},{"type":"Feature","properties":{"id":1414,"name":"Rock 1414","size":0.95,"time":"2024-01-18T22:54:41Z"},"geometry":{"type":"Point","coordinates":[-122.164218,37.46381]}},{"type":"Feature","properties":{"id":1415,"name":"Rock 1415","size":2.06,"time":"2024-01-02T16:12:11Z"},"geometry":{"type":"Point","coordinates":[-122.303202,37.640033]}},{"type":"Feature","properties":{"id":1416,"name":"Rock 1416","size":4.06,"time":"2024-01-18T05:36:15Z"},"geometry":{"type":"Point","coordinates":[-122.212833,37.659687]}},{"type":"Feature","properties":{"id":1417,"name":"Rock 1417","size":1.12,"time":"2024-01-18T06:02:11Z"},"geometry":{"type":"Point","coordinates":[-122.105028,37.422214]}},{"type":"Feature","properties":{"id":1418,"name":"Rock 1418","size":3.11,"time":"2024-01-04T05:10:00Z"},"geometry":{"type":"Point","coordinates":[-122.437314,37.777861]}},{"type":"Feature","properties":{"id":1419,"name":"Rock 1419","size":0.67,"time":"2024-01-13T03:44:33Z"},"geometry":{"type":"Point","coordinates":[-122.266892,37.854899]}},{"type":"Feature","properties":{"id":1420,"name":"Rock 1420","size":1.05,"time":"2024-01-11T11:35:12Z"},"geometry":{"type":"Point","coordinates":[-122.318154,37.636465]}},{"type":"Feature","properties":{"id":1421,"name":"Rock 1421","size":1.25,"time":"2024-01-03T08:59:16Z"},"geometry":{"type":"Point","coordinates":[-122.281012,37.875165]}},{"type":"Feature","properties":{"id":1422,"name":"Rock 1422","size":2.13,"time":"2024-01-12T05:27:08Z"},"geometry":{"type":"Point","coordinates":[-122.417307,37.754643]}},{"type":"Feature","properties":{"id":1423,"name":"Rock 1423","size":1.7,"time":"2024-01-11T11:20:04Z"},"geometry":{"type":"Point","coordinates":[-122.424897,37.766322]}},{"type":"Feature","properties":{"id":1424,"name":"Rock 1424","size":3.27,"time":"2024-01-07T18:33:24Z"},"geometry":{"type":"Point","coordinates":[-122.272617,37.512991]}},{"type":"Feature","properties":{"id":1425,"name":"Rock 1425","size":0.59,"time":"2024-01-19T23:17:40Z"},"geometry":{"type":"Point","coordinates":[-122.322935,37.639134]}},{"type":"Feature","properties":{"id":1426,"name":"Rock 1426","size":3.26,"time":"2024-01-16T07:29:39Z"},"geometry":{"type":"Point","coordinates":[-122.267044,37.567785]}},{"type":"Feature","properties":{"id":1427,"name":"Rock 1427","size":4.71,"time":"2024-01-04T07:04:28Z"},"geometry":{"type":"Point","coordinates":[-122.402231,37.779123]}},{"type":"Feature","properties":{"id":1428,"name":"Rock 1428","size":0.65,"time":"2024-01-01T21:34:25Z"},"geometry":{"type":"Point","coordinates":[-122.456516,37.777112]}},{"type":"Feature","properties":{"id":1429,"name":"Rock 1429","size":3.44,"time":"2024-01-01T19:25:53Z"},"geometry":{"type":"Point","coordinates":[-122.170764,37.471387]}},{"type":"Feature","properties":{"id":1430,"name":"Rock 1430","size":2.51,"time":"2024-01-11T00:59:24Z"},"geometry":{"type":"Point","coordinates":[-122.169009,37.479421]}},{"type":"Feature","properties":{"id":1431,"name":"Rock 1431","size":3.21,"time":"2024-01-14T08:36:42Z"},"geometry":{"type":"Point","coordinates":[-122.409845,37.801481]}},{"type":"Feature","properties":{"id":1432,"name":"Rock 1432","size":0.88,"time":"2024-01-13T23:17:59Z"},"geometry":{"type":"Point","coordinates":[-122.26568,37.870544]}},{"type":"Feature","properties":{"id":1433,"name":"Rock 1433","size":2.52,"time":"2024-01-09T07:22:59Z"},"geometry":{"type":"Point","coordinates":[-122.193236,37.482997]}},{"type":"Feature","properties":{"id":1434,"name":"Rock 1434","size":0.87,"time":"2024-01-10T13:53:21Z"},"geometry":{"type":"Point","coordinates":[-122.147443,37.454769]}},{"type":"Feature","properties":{"id":1435,"name":"Rock 1435","size":1.95,"time":"2024-01-06T13:19:57Z"},"geometry":{"type":"Point","coordinates":[-122.429954,37.751991]}},{"type":"Feature","properties":{"id":1436,"name":"Rock 1436","size":3.87,"time":"2024-01-18T22:11:24Z"},"geometry":{"type":"Point","coordinates":[-122.269825,37.876084]}},{"type":"Feature","properties":{"id":1437,"name":"Rock 1437","size":2,"time":"2024-01-14T22:19:25Z"},"geometry":{"type":"Point","coordinates":[-122.174683,37.443633]}},{"type":"Feature","properties":{"id":1438,"name":"Rock 1438","size":4.29,"time":"2024-01-04T04:28:49Z"},"geometry":{"type":"Point","coordinates":[-122.246666,37.583787]}},{"type":"Feature","properties":{"id":1439,"name":"Rock 1439","size":5.73,"time":"2024-01-02T13:24:04Z"},"geometry":{"type":"Point","coordinates":[-122.137725,37.4298]}},{"type":"Feature","properties":{"id":1440,"name":"Rock 1440","size":2.21,"time":"2024-01-03T21:40:39Z"},"geometry":{"type":"Point","coordinates":[-122.164356,37.463019]}},{"type":"Feature","properties":{"id":1441,"name":"Rock 1441","size":3.37,"time":"2024-01-15T01:28:49Z"},"geometry":{"type":"Point","coordinates":[-122.424648,37.790725]}},{"type":"Feature","properties":{"id":1442,"name":"Rock 1442","size":4.41,"time":"2024-01-01T07:56:52Z"},"geometry":{"type":"Point","coordinates":[-122.409763,37.783703]}},{"type":"Feature","properties":{"id":1443,"name":"Rock 1443","size":2.11,"time":"2024-01-02T17:00:52Z"},"geometry":{"type":"Point","coordinates":[-122.148548,37.485286]}},{"type":"Feature","properties":{"id":1444,"name":"Rock 1444","size":9.7,"time":"2024-01-15T01:30:00Z"},"geometry":{"type":"Point","coordinates":[-122.260902,37.865922]}},{"type":"Feature","properties":{"id":1445,"name":"Rock 1445","size":4.09,"time":"2024-01-16T08:39:25Z"},"geometry":{"type":"Point","coordinates":[-122.393452,37.790967]}},{"type":"Feature","properties":{"id":1446,"name":"Rock 1446","size":1.74,"time":"2024-01-06T22:16:56Z"},"geometry":{"type":"Point","coordinates":[-122.269756,37.878556]}},{"type":"Feature","properties":{"id":1447,"name":"Rock 1447","size":2.76,"time":"2024-01-12T02:43:01Z"},"geometry":{"type":"Point","coordinates":[-122.435505,37.746515]}},{"type":"Feature","properties":{"id":1448,"name":"Rock 1448","size":2.93,"time":"2024-01-06T20:12:48Z"},"geometry":{"type":"Point","coordinates":[-122.424101,37.790314]}},{"type":"Feature","properties":{"id":1449,"name":"Rock 1449","size":4.78,"time":"2024-01-14T17:13:49Z"},"geometry":{"type":"Point","coordinates":[-122.410281,37.776606]}},{"type":"Feature","properties":{"id":1450,"name":"Rock 1450","size":1.37,"time":"2024-01-08T05:56:08Z"},"geometry":{"type":"Point","coordinates":[-122.193559,37.422246]}},{"type":"Feature","properties":{"id":1451,"name":"Rock 1451","size":5.95,"time":"2024-01-08T12:49:42Z"},"geometry":{"type":"Point","coordinates":[-122.392028,37.777643]}},{"type":"Feature","properties":{"id":1452,"name":"Rock 1452","size":3.22,"time":"2024-01-02T04:07:06Z"},"geometry":{"type":"Point","coordinates":[-122.125553,37.473425]}},{"type":"Feature","properties":{"id":1453,"name":"Rock 1453","size":3.29,"time":"2024-01-02T04:46:53Z"},"geometry":{"type":"Point","coordinates":[-122.404338,37.76894]}},{"type":"Feature","properties":{"id":1454,"name":"Rock 1454","size":3.08,"time":"2024-01-10T10:59:05Z"},"geometry":{"type":"Point","coordinates":[-122.435223,37.74922]}},{"type":"Feature","properties":{"id":1455,"name":"Rock 1455","size":1.23,"time":"2024-01-14T01:13:22Z"},"geometry":{"type":"Point","coordinates":[-122.257076,37.880467]}},{"type":"Feature","properties":{"id":1456,"name":"Rock 1456","size":2.68,"time":"2024-01-19T12:00:37Z"},"geometry":{"type":"Point","coordinates":[-122.4194,37.767832]}},{"type":"Feature","properties":{"id":1457,"name":"Rock 1457","size":1.88,"time":"2024-01-06T18:38:24Z"},"geometry":{"type":"Point","coordinates":[-122.397875,37.788616]}},{"type":"Feature","properties":{"id":1458,"name":"Rock 1458","size":1.75,"time":"2024-01-05T13:47:36Z"},"geometry":{"type":"Point","coordinates":[-122.466578,37.782544]}},{"type":"Feature","properties":{"id":1459,"name":"Rock 1459","size":2.22,"time":"2024-01-04T07:32:14Z"},"geometry":{"type":"Point","coordinates":[-122.319058,37.612377]}},{"type":"Feature","properties":{"id":1460,"name":"Rock 1460","size":2.43,"time":"2024-01-02T20:16:04Z"},"geometry":{"type":"Point","coordinates":[-122.421583,37.751298]}},{"type":"Feature","properties":{"id":1461,"name":"Rock 1461","size":0.69,"time":"2024-01-06T21:46:32Z"},"geometry":{"type":"Point","coordinates":[-122.271673,37.627036]}},{"type":"Feature","properties":{"id":1462,"name":"Rock 1462","size":1.51,"time":"2024-01-15T14:37:41Z"},"geometry":{"type":"Point","coordinates":[-122.397207,37.764621]}},{"type":"Feature","properties":{"id":1463,"name":"Rock 1463","size":4.94,"time":"2024-01-02T15:12:06Z"},"geometry":{"type":"Point","coordinates":[-122.173409,37.398245]}},{"type":"Feature","properties":{"id":1464,"name":"Rock 1464","size":2.72,"time":"2024-01-07T04:43:37Z"},"geometry":{"type":"Point","coordinates":[-122.164865,37.435672]}},{"type":"Feature","properties":{"id":1465,"name":"Rock 1465","size":3.6,"time":"2024-01-01T17:22:49Z"},"geometry":{"type":"Point","coordinates":[-122.442651,37.763144]}},{"type":"Feature","properties":{"id":1466,"name":"Rock 1466","size":4.68,"time":"2024-01-01T07:37:18Z"},"geometry":{"type":"Point","coordinates":[-122.314763,37.588349]}},{"type":"Feature","properties":{"id":1467,"name":"Rock 1467","size":3.99,"time":"2024-01-17T03:50:27Z"},"geometry":{"type":"Point","coordinates":[-122.141097,37.414243]}},{"type":"Feature","properties":{"id":1468,"name":"Rock 1468","size":3.91,"time":"2024-01-15T08:21:07Z"},"geometry":{"type":"Point","coordinates":[-122.43353,37.763731]}},{"type":"Feature","properties":{"id":1469,"name":"Rock 1469","size":4.11,"time":"2024-01-19T08:42:12Z"},"geometry":{"type":"Point","coordinates":[-122.422532,37.78769]}},{"type":"Feature","properties":{"id":1470,"name":"Rock 1470","size":0.95,"time":"2024-01-17T22:56:18Z"},"geometry":{"type":"Point","coordinates":[-122.174557,37.410106]}},{"type":"Feature","properties":{"id":1471,"name":"Rock 1471","size":3.09,"time":"2024-01-19T16:38:47Z"},"geometry":{"type":"Point","coordinates":[-122.271828,37.604752]}},{"type":"Feature","properties":{"id":1472,"name":"Rock 1472","size":3.15,"time":"2024-01-06T22:39:57Z"},"geometry":{"type":"Point","coordinates":[-122.142488,37.435017]}},{"type":"Feature","properties":{"id":1473,"name":"Rock 1473","size":1.01,"time":"2024-01-13T23:05:12Z"},"geometry":{"type":"Point","coordinates":[-122.101625,37.475965]}},{"type":"Feature","properties":{"id":1474,"name":"Rock 1474","size":1.37,"time":"2024-01-06T19:31:20Z"},"geometry":{"type":"Point","coordinates":[-122.379083,37.7822]}},{"type":"Feature","properties":{"id":1475,"name":"Rock 1475","size":4.6,"time":"2024-01-02T12:01:31Z"},"geometry":{"type":"Point","coordinates":[-122.427661,37.761182]}},{"type":"Feature","properties":{"id":1476,"name":"Rock 1476","size":1.21,"time":"2024-01-12T14:02:48Z"},"geometry":{"type":"Point","coordinates":[-122.430295,37.765874]}},{"type":"Feature","properties":{"id":1477,"name":"Rock 1477","size":2.37,"time":"2024-01-09T10:04:24Z"},"geometry":{"type":"Point","coordinates":[-122.175689,37.45932]}},{"type":"Feature","properties":{"id":1478,"name":"Rock 1478","size":0.67,"time":"2024-01-11T11:57:17Z"},"geometry":{"type":"Point","coordinates":[-122.377985,37.642439]}},{"type":"Feature","properties":{"id":1479,"name":"Rock 1479","size":3.67,"time":"2024-01-06T06:47:29Z"},"geometry":{"type":"Point","coordinates":[-122.257995,37.853105]}},{"type":"Feature","properties":{"id":1480,"name":"Rock 1480","size":5.49,"time":"2024-01-01T14:21:31Z"},"geometry":{"type":"Point","coordinates":[-122.435165,37.735008]}},{"type":"Feature","properties":{"id":1481,"name":"Rock 1481","size":1.42,"time":"2024-01-11T20:33:40Z"},"geometry":{"type":"Point","coordinates":[-122.408238,37.783139]}},{"type":"Feature","properties":{"id":1482,"name":"Rock 1482","size":0.74,"time":"2024-01-12T02:04:21Z"},"geometry":{"type":"Point","coordinates":[-122.333922,37.619823]}},{"type":"Feature","properties":{"id":1483,"name":"Rock 1483","size":0.85,"time":"2024-01-03T22:52:23Z"},"geometry":{"type":"Point","coordinates":[-122.211389,37.419067]}},{"type":"Feature","properties":{"id":1484,"name":"Rock 1484","size":1.08,"time":"2024-01-07T11:31:57Z"},"geometry":{"type":"Point","coordinates":[-122.414549,37.773858]}},{"type":"Feature","properties":{"id":1485,"name":"Rock 1485","size":1.49,"time":"2024-01-03T01:43:46Z"},"geometry":{"type":"Point","coordinates":[-122.41319,37.791952]}},{"type":"Feature","properties":{"id":1486,"name":"Rock 1486","size":3.25,"time":"2024-01-07T17:40:51Z"},"geometry":{"type":"Point","coordinates":[-122.424373,37.787629]}},{"type":"Feature","properties":{"id":1487,"name":"Rock 1487","size":0.78,"time":"2024-01-07T02:35:58Z"},"geometry":{"type":"Point","coordinates":[-122.411603,37.770206]}},{"type":"Feature","properties":{"id":1488,"name":"Rock 1488","size":1.84,"time":"2024-01-16T11:37:06Z"},"geometry":{"type":"Point","coordinates":[-122.152745,37.638472]}},{"type":"Feature","properties":{"id":1489,"name":"Rock 1489","size":3.08,"time":"2024-01-14T17:28:30Z"},"geometry":{"type":"Point","coordinates":[-122.300168,37.604898]}},{"type":"Feature","properties":{"id":1490,"name":"Rock 1490","size":1.49,"time":"2024-01-11T15:37:21Z"},"geometry":{"type":"Point","coordinates":[-122.301739,37.851701]}},{"type":"Feature","properties":{"id":1491,"name":"Rock 1491","size":3.36,"time":"2024-01-09T21:42:36Z"},"geometry":{"type":"Point","coordinates":[-122.253055,37.865077]}},{"type":"Feature","properties":{"id":1492,"name":"Rock 1492","size":3.65,"time":"2024-01-16T22:08:58Z"},"geometry":{"type":"Point","coordinates":[-122.438433,37.783616]}},{"type":"Feature","properties":{"id":1493,"name":"Rock 1493","size":1.01,"time":"2024-01-11T19:38:55Z"},"geometry":{"type":"Point","coordinates":[-122.4118,37.776825]}},{"type":"Feature","properties":{"id":1494,"name":"Rock 1494","size":2.4,"time":"2024-01-04T21:44:12Z"},"geometry":{"type":"Point","coordinates":[-122.434762,37.779825]}},{"type":"Feature","properties":{"id":1495,"name":"Rock 1495","size":2.35,"time":"2024-01-03T09:33:13Z"},"geometry":{"type":"Point","coordinates":[-122.260947,37.596131]}},{"type":"Feature","properties":{"id":1496,"name":"Rock 1496","size":1.98,"time":"2024-01-07T22:57:48Z"},"geometry":{"type":"Point","coordinates":[-122.418221,37.799545]}},{"type":"Feature","properties":{"id":1497,"name":"Rock 1497","size":3.11,"time":"2024-01-09T18:21:17Z"},"geometry":{"type":"Point","coordinates":[-122.272843,37.864101]}},{"type":"Feature","properties":{"id":1498,"name":"Rock 1498","size":3.3,"time":"2024-01-08T14:36:00Z"},"geometry":{"type":"Point","coordinates":[-122.428772,37.77448]}},{"type":"Feature","properties":{"id":1499,"name":"Rock 1499","size":1.19,"time":"2024-01-16T23:46:44Z"},"geometry":{"type":"Point","coordinates":[-122.304712,37.623772]}},{"type":"Feature","properties":{"id":1500,"name":"Rock 1500","size":0.71,"time":"2024-01-07T11:22:30Z"},"geometry":{"type":"Point","coordinates":[-122.366263,37.640949]}},{"type":"Feature","properties":{"id":1501,"name":"Rock 1501","size":3.94,"time":"2024-01-18T16:59:21Z"},"geometry":{"type":"Point","coordinates":[-122.14027,37.445001]}},{"type":"Feature","properties":{"id":1502,"name":"Rock 1502","size":1.13,"time":"2024-01-01T00:51:37Z"},"geometry":{"type":"Point","coordinates":[-122.206279,37.411666]}},{"type":"Feature","properties":{"id":1503,"name":"Rock 1503","size":1.36,"time":"2024-01-15T12:03:43Z"},"geometry":{"type":"Point","coordinates":[-122.417968,37.76119]}},{"type":"Feature","properties":{"id":1504,"name":"Rock 1504","size":2.11,"time":"2024-01-09T07:28:17Z"},"geometry":{"type":"Point","coordinates":[-122.261018,37.838609]}},{"type":"Feature","properties":{"id":1505,"name":"Rock 1505","size":1,"time":"2024-01-06T17:21:23Z"},"geometry":{"type":"Point","coordinates":[-122.36035,37.794631]}},{"type":"Feature","properties":{"id":1506,"name":"Rock 1506","size":2.37,"time":"2024-01-13T14:37:28Z"},"geometry":{"type":"Point","coordinates":[-122.381963,37.581666]}},{"type":"Feature","properties":{"id":1507,"name":"Rock 1507","size":1.25,"time":"2024-01-17T03:36:23Z"},"geometry":{"type":"Point","coordinates":[-122.242733,37.559364]}},{"type":"Feature","properties":{"id":1508,"name":"Rock 1508","size":2.32,"time":"2024-01-03T02:09:28Z"},"geometry":{"type":"Point","coordinates":[-122.309143,37.876752]}},{"type":"Feature","properties":{"id":1509,"name":"Rock 1509","size":6.3,"time":"2024-01-01T12:09:24Z"},"geometry":{"type":"Point","coordinates":[-122.268303,37.883702]}},{"type":"Feature","properties":{"id":1510,"name":"Rock 1510","size":3.81,"time":"2024-01-06T14:21:22Z"},"geometry":{"type":"Point","coordinates":[-122.453712,37.798325]}},{"type":"Feature","properties":{"id":1511,"name":"Rock 1511","size":3.19,"time":"2024-01-03T21:42:58Z"},"geometry":{"type":"Point","coordinates":[-122.251944,37.868743]}},{"type":"Feature","properties":{"id":1512,"name":"Rock 1512","size":1.96,"time":"2024-01-03T02:20:25Z"},"geometry":{"type":"Point","coordinates":[-122.444116,37.769779]}},{"type":"Feature","properties":{"id":1513,"name":"Rock 1513","size":3.11,"time":"2024-01-10T08:44:30Z"},"geometry":{"type":"Point","coordinates":[-122.442635,37.795889]}},{"type":"Feature","properties":{"id":1514,"name":"Rock 1514","size":3.96,"time":"2024-01-14T12:42:26Z"},"geometry":{"type":"Point","coordinates":[-122.326185,37.584125]}},{"type":"Feature","properties":{"id":1515,"name":"Rock 1515","size":2.72,"time":"2024-01-08T20:29:52Z"},"geometry":{"type":"Point","coordinates":[-122.425261,37.783961]}},{"type":"Feature","properties":{"id":1516,"name":"Rock 1516","size":5.15,"time":"2024-01-18T12:00:19Z"},"geometry":{"type":"Point","coordinates":[-122.263286,37.884926]}},{"type":"Feature","properties":{"id":1517,"name":"Rock 1517","size":0.74,"time":"2024-01-01T18:36:44Z"},"geometry":{"type":"Point","coordinates":[-122.106156,37.407785]}},{"type":"Feature","properties":{"id":1518,"name":"Rock 1518","size":2.85,"time":"2024-01-08T08:05:42Z"},"geometry":{"type":"Point","coordinates":[-122.43675,37.794584]}},{"type":"Feature","properties":{"id":1519,"name":"Rock 1519","size":6.44,"time":"2024-01-12T16:38:46Z"},"geometry":{"type":"Point","coordinates":[-122.275305,37.884633]}},{"type":"Feature","properties":{"id":1520,"name":"Rock 1520","size":1.18,"time":"2024-01-14T10:59:31Z"},"geometry":{"type":"Point","coordinates":[-122.279287,37.875469]}},{"type":"Feature","properties":{"id":1521,"name":"Rock 1521","size":4.02,"time":"2024-01-03T12:38:19Z"},"geometry":{"type":"Point","coordinates":[-122.327424,37.670693]}},{"type":"Feature","properties":{"id":1522,"name":"Rock 1522","size":3.22,"time":"2024-01-11T23:46:03Z"},"geometry":{"type":"Point","coordinates":[-122.267771,37.868239]}},{"type":"Feature","properties":{"id":1523,"name":"Rock 1523","size":1.83,"time":"2024-01-13T19:16:44Z"},"geometry":{"type":"Point","coordinates":[-122.435036,37.775303]}},{"type":"Feature","properties":{"id":1524,"name":"Rock 1524","size":5,"time":"2024-01-02T00:52:04Z"},"geometry":{"type":"Point","coordinates":[-122.25659,37.610375]}},{"type":"Feature","properties":{"id":1525,"name":"Rock 1525","size":0.9,"time":"2024-01-16T19:30:25Z"},"geometry":{"type":"Point","coordinates":[-122.315801,37.644413]}},{"type":"Feature","properties":{"id":1526,"name":"Rock 1526","size":2.36,"time":"2024-01-19T15:45:44Z"},"geometry":{"type":"Point","coordinates":[-122.188694,37.461561]}},{"type":"Feature","properties":{"id":1527,"name":"Rock 1527","size":5.31,"time":"2024-01-18T05:12:10Z"},"geometry":{"type":"Point","coordinates":[-122.404963,37.77324]}},{"type":"Feature","properties":{"id":1528,"name":"Rock 1528","size":1.03,"time":"2024-01-09T07:22:43Z"},"geometry":{"type":"Point","coordinates":[-122.193947,37.46659]}},{"type":"Feature","properties":{"id":1529,"name":"Rock 1529","size":2.95,"time":"2024-01-17T05:32:54Z"},"geometry":{"type":"Point","coordinates":[-122.284761,37.604475]}},{"type":"Feature","properties":{"id":1530,"name":"Rock 1530","size":1.2,"time":"2024-01-02T01:35:24Z"},"geometry":{"type":"Point","coordinates":[-122.409586,37.777834]}},{"type":"Feature","properties":{"id":1531,"name":"Rock 1531","size":3.78,"time":"2024-01-01T21:53:32Z"},"geometry":{"type":"Point","coordinates":[-122.282376,37.663087]}},{"type":"Feature","properties":{"id":1532,"name":"Rock 1532","size":2.8,"time":"2024-01-19T21:15:24Z"},"geometry":{"type":"Point","coordinates":[-122.253387,37.878568]}},{"type":"Feature","properties":{"id":1533,"name":"Rock 1533","size":3.64,"time":"2024-01-09T00:33:02Z"},"geometry":{"type":"Point","coordinates":[-122.440232,37.794041]}},{"type":"Feature","properties":{"id":1534,"name":"Rock 1534","size":1.55,"time":"2024-01-19T02:21:40Z"},"geometry":{"type":"Point","coordinates":[-122.401336,37.786929]}},{"type":"Feature","properties":{"id":1535,"name":"Rock 1535","size":1.98,"time":"2024-01-01T13:58:26Z"},"geometry":{"type":"Point","coordinates":[-122.469068,37.773533]}},{"type":"Feature","properties":{"id":1536,"name":"Rock 1536","size":2.41,"time":"2024-01-19T17:53:50Z"},"geometry":{"type":"Point","coordinates":[-122.426233,37.77939]}},{"type":"Feature","properties":{"id":1537,"name":"Rock 1537","size":0.76,"time":"2024-01-01T07:06:15Z"},"geometry":{"type":"Point","coordinates":[-122.144073,37.436007]}},{"type":"Feature","properties":{"id":1538,"name":"Rock 1538","size":0.95,"time":"2024-01-07T08:48:57Z"},"geometry":{"type":"Point","coordinates":[-122.10643,37.42019]}},{"type":"Feature","properties":{"id":1539,"name":"Rock 1539","size":1.52,"time":"2024-01-15T11:44:39Z"},"geometry":{"type":"Point","coordinates":[-122.346078,37.525415]}},{"type":"Feature","properties":{"id":1540,"name":"Rock 1540","size":0.99,"time":"2024-01-10T00:39:10Z"},"geometry":{"type":"Point","coordinates":[-122.287591,37.886522]}},{"type":"Feature","properties":{"id":1541,"name":"Rock 1541","size":3.23,"time":"2024-01-19T15:25:20Z"},"geometry":{"type":"Point","coordinates":[-122.469196,37.754508]}},{"type":"Feature","properties":{"id":1542,"name":"Rock 1542","size":2.58,"time":"2024-01-12T20:49:39Z"},"geometry":{"type":"Point","coordinates":[-122.355994,37.804791]}},{"type":"Feature","properties":{"id":1543,"name":"Rock 1543","size":1.94,"time":"2024-01-13T04:00:20Z"},"geometry":{"type":"Point","coordinates":[-122.334524,37.659278]}},{"type":"Feature","properties":{"id":1544,"name":"Rock 1544","size":2.57,"time":"2024-01-08T07:08:44Z"},"geometry":{"type":"Point","coordinates":[-122.287842,37.855143]}},{"type":"Feature","properties":{"id":1545,"name":"Rock 1545","size":2.64,"time":"2024-01-08T16:06:19Z"},"geometry":{"type":"Point","coordinates":[-122.309845,37.590729]}},{"type":"Feature","properties":{"id":1546,"name":"Rock 1546","size":2.24,"time":"2024-01-18T02:09:42Z"},"geometry":{"type":"Point","coordinates":[-122.307021,37.576621]}},{"type":"Feature","properties":{"id":1547,"name":"Rock 1547","size":2.25,"time":"2024-01-09T00:06:07Z"},"geometry":{"type":"Point","coordinates":[-122.290491,37.876466]}},{"type":"Feature","properties":{"id":1548,"name":"Rock 1548","size":1.21,"time":"2024-01-13T04:55:03Z"},"geometry":{"type":"Point","coordinates":[-122.301148,37.589238]}},{"type":"Feature","properties":{"id":1549,"name":"Rock 1549","size":0.56,"time":"2024-01-08T11:31:19Z"},"geometry":{"type":"Point","coordinates":[-122.279174,37.87252]}},{"type":"Feature","properties":{"id":1550,"name":"Rock 1550","size":3.92,"time":"2024-01-14T17:20:41Z"},"geometry":{"type":"Point","coordinates":[-122.275391,37.896003]}},{"type":"Feature","properties":{"id":1551,"name":"Rock 1551","size":3.4,"time":"2024-01-14T04:48:08Z"},"geometry":{"type":"Point","coordinates":[-122.400942,37.803818]}},{"type":"Feature","properties":{"id":1552,"name":"Rock 1552","size":1.44,"time":"2024-01-07T00:22:53Z"},"geometry":{"type":"Point","coordinates":[-122.281875,37.653141]}},{"type":"Feature","properties":{"id":1553,"name":"Rock 1553","size":5.12,"time":"2024-01-13T14:48:10Z"},"geometry":{"type":"Point","coordinates":[-122.292872,37.667807]}},{"type":"Feature","properties":{"id":1554,"name":"Rock 1554","size":0.84,"time":"2024-01-03T20:00:13Z"},"geometry":{"type":"Point","coordinates":[-122.44997,37.784332]}},{"type":"Feature","properties":{"id":1555,"name":"Rock 1555","size":2.5,"time":"2024-01-10T11:12:32Z"},"geometry":{"type":"Point","coordinates":[-122.293488,37.647372]}},{"type":"Feature","properties":{"id":1556,"name":"Rock 1556","size":0.58,"time":"2024-01-17T09:58:41Z"},"geometry":{"type":"Point","coordinates":[-122.412585,37.759002]}},{"type":"Feature","properties":{"id":1557,"name":"Rock 1557","size":2.27,"time":"2024-01-15T20:31:50Z"},"geometry":{"type":"Point","coordinates":[-122.42684,37.784497]}},{"type":"Feature","properties":{"id":1558,"name":"Rock 1558","size":7.54,"time":"2024-01-11T01:58:08Z"},"geometry":{"type":"Point","coordinates":[-122.172974,37.446791]}},{"type":"Feature","properties":{"id":1559,"name":"Rock 1559","size":3.04,"time":"2024-01-13T16:21:15Z"},"geometry":{"type":"Point","coordinates":[-122.273291,37.548842]}},{"type":"Feature","properties":{"id":1560,"name":"Rock 1560","size":0.54,"time":"2024-01-03T10:26:41Z"},"geometry":{"type":"Point","coordinates":[-122.270108,37.876412]}},{"type":"Feature","properties":{"id":1561,"name":"Rock 1561","size":2.81,"time":"2024-01-09T21:08:10Z"},"geometry":{"type":"Point","coordinates":[-122.401559,37.763137]}},{"type":"Feature","properties":{"id":1562,"name":"Rock 1562","size":1.58,"time":"2024-01-17T23:15:49Z"},"geometry":{"type":"Point","coordinates":[-122.162874,37.468228]}},{"type":"Feature","properties":{"id":1563,"name":"Rock 1563","size":1.96,"time":"2024-01-11T06:41:23Z"},"geometry":{"type":"Point","coordinates":[-122.271643,37.876351]}},{"type":"Feature","properties":{"id":1564,"name":"Rock 1564","size":1.62,"time":"2024-01-12T19:42:48Z"},"geometry":{"type":"Point","coordinates":[-122.284933,37.889218]}},{"type":"Feature","properties":{"id":1565,"name":"Rock 1565","size":3.61,"time":"2024-01-15T16:13:11Z"},"geometry":{"type":"Point","coordinates":[-122.257293,37.864468]}},{"type":"Feature","properties":{"id":1566,"name":"Rock 1566","size":3.88,"time":"2024-01-17T14:29:50Z"},"geometry":{"type":"Point","coordinates":[-122.289202,37.856475]}},{"type":"Feature","properties":{"id":1567,"name":"Rock 1567","size":1.59,"time":"2024-01-08T06:57:15Z"},"geometry":{"type":"Point","coordinates":[-122.178534,37.467899]}},{"type":"Feature","properties":{"id":1568,"name":"Rock 1568","size":5.37,"time":"2024-01-19T15:18:56Z"},"geometry":{"type":"Point","coordinates":[-122.197394,37.441974]}},{"type":"Feature","properties":{"id":1569,"name":"Rock 1569","size":4.37,"time":"2024-01-06T10:51:12Z"},"geometry":{"type":"Point","coordinates":[-122.160866,37.423908]}},{"type":"Feature","properties":{"id":1570,"name":"Rock 1570","size":2.33,"time":"2024-01-03T12:05:44Z"},"geometry":{"type":"Point","coordinates":[-122.417721,37.787901]}},{"type":"Feature","properties":{"id":1571,"name":"Rock 1571","size":4.49,"time":"2024-01-04T15:08:28Z"},"geometry":{"type":"Point","coordinates":[-122.385323,37.797481]}},{"type":"Feature","properties":{"id":1572,"name":"Rock 1572","size":2.92,"time":"2024-01-11T20:59:44Z"},"geometry":{"type":"Point","coordinates":[-122.276525,37.869641]}},{"type":"Feature","properties":{"id":1573,"name":"Rock 1573","size":0.67,"time":"2024-01-18T21:30:05Z"},"geometry":{"type":"Point","coordinates":[-122.3604,37.595283]}},{"type":"Feature","properties":{"id":1574,"name":"Rock 1574","size":4.48,"time":"2024-01-05T16:28:17Z"},"geometry":{"type":"Point","coordinates":[-122.419694,37.777974]}},{"type":"Feature","properties":{"id":1575,"name":"Rock 1575","size":3.05,"time":"2024-01-06T10:05:05Z"},"geometry":{"type":"Point","coordinates":[-122.297441,37.606798]}},{"type":"Feature","properties":{"id":1576,"name":"Rock 1576","size":0.68,"time":"2024-01-15T20:35:40Z"},"geometry":{"type":"Point","coordinates":[-122.274533,37.594933]}},{"type":"Feature","properties":{"id":1577,"name":"Rock 1577","size":2,"time":"2024-01-06T06:05:29Z"},"geometry":{"type":"Point","coordinates":[-122.377334,37.603508]}},{"type":"Feature","properties":{"id":1578,"name":"Rock 1578","size":1.18,"time":"2024-01-17T08:23:10Z"},"geometry":{"type":"Point","coordinates":[-122.185014,37.438501]}},{"type":"Feature","properties":{"id":1579,"name":"Rock 1579","size":5.37,"time":"2024-01-11T09:21:52Z"},"geometry":{"type":"Point","coordinates":[-122.290851,37.861464]}},{"type":"Feature","properties":{"id":1580,"name":"Rock 1580","size":2.1,"time":"2024-01-17T04:04:00Z"},"geometry":{"type":"Point","coordinates":[-122.434592,37.773982]}},{"type":"Feature","properties":{"id":1581,"name":"Rock 1581","size":3.31,"time":"2024-01-03T12:45:27Z"},"geometry":{"type":"Point","coordinates":[-122.430033,37.77762]}},{"type":"Feature","properties":{"id":1582,"name":"Rock 1582","size":2.26,"time":"2024-01-19T14:34:48Z"},"geometry":{"type":"Point","coordinates":[-122.27663,37.861484]}},{"type":"Feature","properties":{"id":1583,"name":"Rock 1583","size":8.16,"time":"2024-01-01T13:14:20Z"},"geometry":{"type":"Point","coordinates":[-122.113914,37.467737]}},{"type":"Feature","properties":{"id":1584,"name":"Rock 1584","size":0.84,"time":"2024-01-01T08:22:13Z"},"geometry":{"type":"Point","coordinates":[-122.43822,37.755504]}},{"type":"Feature","properties":{"id":1585,"name":"Rock 1585","size":7.49,"time":"2024-01-19T21:30:33Z"},"geometry":{"type":"Point","coordinates":[-122.413674,37.796308]}},{"type":"Feature","properties":{"id":1586,"name":"Rock 1586","size":2.28,"time":"2024-01-06T11:14:28Z"},"geometry":{"type":"Point","coordinates":[-122.408047,37.755403]}},{"type":"Feature","properties":{"id":1587,"name":"Rock 1587","size":0.92,"time":"2024-01-10T11:56:39Z"},"geometry":{"type":"Point","coordinates":[-122.409342,37.772203]}},{"type":"Feature","properties":{"id":1588,"name":"Rock 1588","size":4.63,"time":"2024-01-07T18:12:51Z"},"geometry":{"type":"Point","coordinates":[-122.4278,37.766679]}},{"type":"Feature","properties":{"id":1589,"name":"Rock 1589","size":1.86,"time":"2024-01-09T12:34:21Z"},"geometry":{"type":"Point","coordinates":[-122.277742,37.883032]}},{"type":"Feature","properties":{"id":1590,"name":"Rock 1590","size":4.41,"time":"2024-01-04T21:17:54Z"},"geometry":{"type":"Point","coordinates":[-122.268461,37.869219]}},{"type":"Feature","properties":{"id":1591,"name":"Rock 1591","size":3.96,"time":"2024-01-17T22:17:18Z"},"geometry":{"type":"Point","coordinates":[-122.439406,37.823697]}},{"type":"Feature","properties":{"id":1592,"name":"Rock 1592","size":0.58,"time":"2024-01-10T12:51:52Z"},"geometry":{"type":"Point","coordinates":[-122.421184,37.771158]}},{"type":"Feature","properties":{"id":1593,"name":"Rock 1593","size":4,"time":"2024-01-10T05:13:33Z"},"geometry":{"type":"Point","coordinates":[-122.269652,37.891208]}},{"type":"Feature","properties":{"id":1594,"name":"Rock 1594","size":4.2,"time":"2024-01-13T19:14:49Z"},"geometry":{"type":"Point","coordinates":[-122.428176,37.758594]}},{"type":"Feature","properties":{"id":1595,"name":"Rock 1595","size":0.74,"time":"2024-01-13T13:44:52Z"},"geometry":{"type":"Point","coordinates":[-122.400079,37.754382]}},{"type":"Feature","properties":{"id":1596,"name":"Rock 1596","size":3.79,"time":"2024-01-08T08:15:57Z"},"geometry":{"type":"Point","coordinates":[-122.374586,37.659018]}},{"type":"Feature","properties":{"id":1597,"name":"Rock 1597","size":3.35,"time":"2024-01-18T20:26:26Z"},"geometry":{"type":"Point","coordinates":[-122.41079,37.773609]}},{"type":"Feature","properties":{"id":1598,"name":"Rock 1598","size":1.29,"time":"2024-01-09T02:22:13Z"},"geometry":{"type":"Point","coordinates":[-122.437274,37.777734]}},{"type":"Feature","properties":{"id":1599,"name":"Rock 1599","size":3.21,"time":"2024-01-12T12:59:29Z"},"geometry":{"type":"Point","coordinates":[-122.263384,37.844991]}},{"type":"Feature","properties":{"id":1600,"name":"Rock 1600","size":0.87,"time":"2024-01-04T18:12:22Z"},"geometry":{"type":"Point","coordinates":[-122.354073,37.667263]}},{"type":"Feature","properties":{"id":1601,"name":"Rock 1601","size":1.88,"time":"2024-01-09T17:18:17Z"},"geometry":{"type":"Point","coordinates":[-122.398323,37.780594]}},{"type":"Feature","properties":{"id":1602,"name":"Rock 1602","size":3.16,"time":"2024-01-02T19:38:45Z"},"geometry":{"type":"Point","coordinates":[-122.388205,37.779514]}},{"type":"Feature","properties":{"id":1603,"name":"Rock 1603","size":0.65,"time":"2024-01-08T12:27:36Z"},"geometry":{"type":"Point","coordinates":[-122.455611,37.785014]}},{"type":"Feature","properties":{"id":1604,"name":"Rock 1604","size":2.36,"time":"2024-01-03T02:37:26Z"},"geometry":{"type":"Point","coordinates":[-122.232829,37.456941]}},{"type":"Feature","properties":{"id":1605,"name":"Rock 1605","size":2.51,"time":"2024-01-11T05:22:27Z"},"geometry":{"type":"Point","coordinates":[-122.26935,37.876072]}},{"type":"Feature","properties":{"id":1606,"name":"Rock 1606","size":4.84,"time":"2024-01-12T13:15:20Z"},"geometry":{"type":"Point","coordinates":[-122.350319,37.657555]}},{"type":"Feature","properties":{"id":1607,"name":"Rock 1607","size":0.53,"time":"2024-01-01T13:54:40Z"},"geometry":{"type":"Point","coordinates":[-122.456751,37.772196]}},{"type":"Feature","properties":{"id":1608,"name":"Rock 1608","size":0.84,"time":"2024-01-14T09:52:40Z"},"geometry":{"type":"Point","coordinates":[-122.402641,37.777286]}},{"type":"Feature","properties":{"id":1609,"name":"Rock 1609","size":1.39,"time":"2024-01-17T10:09:37Z"},"geometry":{"type":"Point","coordinates":[-122.411728,37.77464]}},{"type":"Feature","properties":{"id":1610,"name":"Rock 1610","size":2.57,"time":"2024-01-08T20:13:05Z"},"geometry":{"type":"Point","coordinates":[-122.261077,37.641918]}},{"type":"Feature","properties":{"id":1611,"name":"Rock 1611","size":3.07,"time":"2024-01-10T07:31:11Z"},"geometry":{"type":"Point","coordinates":[-122.181052,37.436337]}},{"type":"Feature","properties":{"id":1612,"name":"Rock 1612","size":8.76,"time":"2024-01-12T05:48:26Z"},"geometry":{"type":"Point","coordinates":[-122.399852,37.790579]}},{"type":"Feature","properties":{"id":1613,"name":"Rock 1613","size":0.9,"time":"2024-01-01T12:37:08Z"},"geometry":{"type":"Point","coordinates":[-122.238674,37.689752]}},{"type":"Feature","properties":{"id":1614,"name":"Rock 1614","size":1.52,"time":"2024-01-02T09:33:19Z"},"geometry":{"type":"Point","coordinates":[-122.433137,37.781734]}},{"type":"Feature","properties":{"id":1615,"name":"Rock 1615","size":2.2,"time":"2024-01-13T18:27:15Z"},"geometry":{"type":"Point","coordinates":[-122.39819,37.792066]}},{"type":"Feature","properties":{"id":1616,"name":"Rock 1616","size":2.51,"time":"2024-01-17T23:50:50Z"},"geometry":{"type":"Point","coordinates":[-122.136768,37.454831]}},{"type":"Feature","properties":{"id":1617,"name":"Rock 1617","size":6.49,"time":"2024-01-13T21:41:31Z"},"geometry":{"type":"Point","coordinates":[-122.422909,37.789482]}},{"type":"Feature","properties":{"id":1618,"name":"Rock 1618","size":1.05,"time":"2024-01-19T04:07:13Z"},"geometry":{"type":"Point","coordinates":[-122.463146,37.771388]}},{"type":"Feature","properties":{"id":1619,"name":"Rock 1619","size":2.74,"time":"2024-01-15T01:54:00Z"},"geometry":{"type":"Point","coordinates":[-122.427977,37.784004]}},{"type":"Feature","properties":{"id":1620,"name":"Rock 1620","size":3.41,"time":"2024-01-12T00:46:19Z"},"geometry":{"type":"Point","coordinates":[-122.439384,37.772136]}},{"type":"Feature","properties":{"id":1621,"name":"Rock 1621","size":6.59,"time":"2024-01-07T23:24:41Z"},"geometry":{"type":"Point","coordinates":[-122.295428,37.672576]}},{"type":"Feature","properties":{"id":1622,"name":"Rock 1622","size":1.69,"time":"2024-01-01T16:03:43Z"},"geometry":{"type":"Point","coordinates":[-122.419294,37.809514]}},{"type":"Feature","properties":{"id":1623,"name":"Rock 1623","size":2.9,"time":"2024-01-18T21:25:51Z"},"geometry":{"type":"Point","coordinates":[-122.290137,37.673792]}},{"type":"Feature","properties":{"id":1624,"name":"Rock 1624","size":6.21,"time":"2024-01-11T14:11:37Z"},"geometry":{"type":"Point","coordinates":[-122.195909,37.468677]}},{"type":"Feature","properties":{"id":1625,"name":"Rock 1625","size":1.87,"time":"2024-01-13T03:27:45Z"},"geometry":{"type":"Point","coordinates":[-122.28661,37.87394]}},{"type":"Feature","properties":{"id":1626,"name":"Rock 1626","size":0.96,"time":"2024-01-16T21:51:51Z"},"geometry":{"type":"Point","coordinates":[-122.241309,37.8794]}},{"type":"Feature","properties":{"id":1627,"name":"Rock 1627","size":1.95,"time":"2024-01-16T04:36:56Z"},"geometry":{"type":"Point","coordinates":[-122.406562,37.795714]}},{"type":"Feature","properties":{"id":1628,"name":"Rock 1628","size":0.98,"time":"2024-01-14T09:10:29Z"},"geometry":{"type":"Point","coordinates":[-122.345652,37.578915]}},{"type":"Feature","properties":{"id":1629,"name":"Rock 1629","size":2.78,"time":"2024-01-16T01:07:47Z"},"geometry":{"type":"Point","coordinates":[-122.265569,37.882677]}},{"type":"Feature","properties":{"id":1630,"name":"Rock 1630","size":0.78,"time":"2024-01-11T10:50:47Z"},"geometry":{"type":"Point","coordinates":[-122.1671,37.452702]}},{"type":"Feature","properties":{"id":1631,"name":"Rock 1631","size":2.37,"time":"2024-01-14T01:05:49Z"},"geometry":{"type":"Point","coordinates":[-122.430629,37.772886]}},{"type":"Feature","properties":{"id":1632,"name":"Rock 1632","size":0.68,"time":"2024-01-13T23:31:02Z"},"geometry":{"type":"Point","coordinates":[-122.308698,37.703692]}},{"type":"Feature","properties":{"id":1633,"name":"Rock 1633","size":9.82,"time":"2024-01-12T17:29:57Z"},"geometry":{"type":"Point","coordinates":[-122.293461,37.629063]}},{"type":"Feature","properties":{"id":1634,"name":"Rock 1634","size":2.86,"time":"2024-01-02T19:26:28Z"},"geometry":{"type":"Point","coordinates":[-122.275094,37.866999]}},{"type":"Feature","properties":{"id":1635,"name":"Rock 1635","size":1.31,"time":"2024-01-14T23:50:51Z"},"geometry":{"type":"Point","coordinates":[-122.13705,37.427512]}},{"type":"Feature","properties":{"id":1636,"name":"Rock 1636","size":3.62,"time":"2024-01-19T05:20:29Z"},"geometry":{"type":"Point","coordinates":[-122.405919,37.784992]}},{"type":"Feature","properties":{"id":1637,"name":"Rock 1637","size":1.88,"time":"2024-01-05T21:56:48Z"},"geometry":{"type":"Point","coordinates":[-122.446401,37.776775]}},{"type":"Feature","properties":{"id":1638,"name":"Rock 1638","size":1.06,"time":"2024-01-02T07:58:40Z"},"geometry":{"type":"Point","coordinates":[-122.178322,37.448641]}},{"type":"Feature","properties":{"id":1639,"name":"Rock 1639","size":10.34,"time":"2024-01-09T15:59:36Z"},"geometry":{"type":"Point","coordinates":[-122.444558,37.748914]}},{"type":"Feature","properties":{"id":1640,"name":"Rock 1640","size":1.92,"time":"2024-01-10T06:25:07Z"},"geometry":{"type":"Point","coordinates":[-122.270846,37.861652]}},{"type":"Feature","properties":{"id":1641,"name":"Rock 1641","size":4.51,"time":"2024-01-08T12:18:16Z"},"geometry":{"type":"Point","coordinates":[-122.336346,37.600234]}},{"type":"Feature","properties":{"id":1642,"name":"Rock 1642","size":1.71,"time":"2024-01-19T08:39:25Z"},"geometry":{"type":"Point","coordinates":[-122.406881,37.776076]}},{"type":"Feature","properties":{"id":1643,"name":"Rock 1643","size":3.09,"time":"2024-01-09T11:29:23Z"},"geometry":{"type":"Point","coordinates":[-122.234481,37.674657]}},{"type":"Feature","properties":{"id":1644,"name":"Rock 1644","size":1.96,"time":"2024-01-02T20:40:52Z"},"geometry":{"type":"Point","coordinates":[-122.417631,37.775426]}},{"type":"Feature","properties":{"id":1645,"name":"Rock 1645","size":3.03,"time":"2024-01-19T08:31:06Z"},"geometry":{"type":"Point","coordinates":[-122.299711,37.636627]}},{"type":"Feature","properties":{"id":1646,"name":"Rock 1646","size":1.81,"time":"2024-01-12T17:49:09Z"},"geometry":{"type":"Point","coordinates":[-122.425464,37.781728]}},{"type":"Feature","properties":{"id":1647,"name":"Rock 1647","size":0.54,"time":"2024-01-13T18:32:30Z"},"geometry":{"type":"Point","coordinates":[-122.25243,37.687297]}},{"type":"Feature","properties":{"id":1648,"name":"Rock 1648","size":4.57,"time":"2024-01-14T06:29:20Z"},"geometry":{"type":"Point","coordinates":[-122.432635,37.80129]}},{"type":"Feature","properties":{"id":1649,"name":"Rock 1649","size":3.84,"time":"2024-01-15T16:31:46Z"},"geometry":{"type":"Point","coordinates":[-122.427891,37.774172]}},{"type":"Feature","properties":{"id":1650,"name":"Rock 1650","size":3.72,"time":"2024-01-14T10:20:39Z"},"geometry":{"type":"Point","coordinates":[-122.283622,37.866026]}},{"type":"Feature","properties":{"id":1651,"name":"Rock 1651","size":1.16,"time":"2024-01-01T09:19:51Z"},"geometry":{"type":"Point","coordinates":[-122.405045,37.797247]}},{"type":"Feature","properties":{"id":1652,"name":"Rock 1652","size":2.84,"time":"2024-01-11T02:24:39Z"},"geometry":{"type":"Point","coordinates":[-122.399659,37.775476]}},{"type":"Feature","properties":{"id":1653,"name":"Rock 1653","size":3.59,"time":"2024-01-02T04:56:06Z"},"geometry":{"type":"Point","coordinates":[-122.112972,37.442081]}},{"type":"Feature","properties":{"id":1654,"name":"Rock 1654","size":2.76,"time":"2024-01-16T22:29:29Z"},"geometry":{"type":"Point","coordinates":[-122.323482,37.555004]}},{"type":"Feature","properties":{"id":1655,"name":"Rock 1655","size":4.22,"time":"2024-01-06T19:03:42Z"},"geometry":{"type":"Point","coordinates":[-122.404742,37.802847]}},{"type":"Feature","properties":{"id":1656,"name":"Rock 1656","size":3.85,"time":"2024-01-05T22:58:21Z"},"geometry":{"type":"Point","coordinates":[-122.295215,37.871953]}},{"type":"Feature","properties":{"id":1657,"name":"Rock 1657","size":2.71,"time":"2024-01-13T04:54:26Z"},"geometry":{"type":"Point","coordinates":[-122.396737,37.790311]}},{"type":"Feature","properties":{"id":1658,"name":"Rock 1658","size":2.24,"time":"2024-01-07T05:22:33Z"},"geometry":{"type":"Point","coordinates":[-122.308337,37.58215]}},{"type":"Feature","properties":{"id":1659,"name":"Rock 1659","size":1.54,"time":"2024-01-10T16:51:23Z"},"geometry":{"type":"Point","coordinates":[-122.420956,37.796898]}},{"type":"Feature","properties":{"id":1660,"name":"Rock 1660","size":6.72,"time":"2024-01-09T16:35:20Z"},"geometry":{"type":"Point","coordinates":[-122.375172,37.58299]}},{"type":"Feature","properties":{"id":1661,"name":"Rock 1661","size":5.71,"time":"2024-01-02T02:28:42Z"},"geometry":{"type":"Point","coordinates":[-122.429801,37.789399]}},{"type":"Feature","properties":{"id":1662,"name":"Rock 1662","size":0.66,"time":"2024-01-10T20:28:27Z"},"geometry":{"type":"Point","coordinates":[-122.277116,37.879937]}},{"type":"Feature","properties":{"id":1663,"name":"Rock 1663","size":1.24,"time":"2024-01-05T11:54:20Z"},"geometry":{"type":"Point","coordinates":[-122.353243,37.770679]}},{"type":"Feature","properties":{"id":1664,"name":"Rock 1664","size":2.51,"time":"2024-01-12T13:43:30Z"},"geometry":{"type":"Point","coordinates":[-122.140321,37.445702]}},{"type":"Feature","properties":{"id":1665,"name":"Rock 1665","size":1.91,"time":"2024-01-08T00:32:13Z"},"geometry":{"type":"Point","coordinates":[-122.268299,37.893322]}},{"type":"Feature","properties":{"id":1666,"name":"Rock 1666","size":3.03,"time":"2024-01-06T14:40:27Z"},"geometry":{"type":"Point","coordinates":[-122.170078,37.49092]}},{"type":"Feature","properties":{"id":1667,"name":"Rock 1667","size":0.93,"time":"2024-01-02T23:22:54Z"},"geometry":{"type":"Point","coordinates":[-122.262785,37.85921]}},{"type":"Feature","properties":{"id":1668,"name":"Rock 1668","size":2.54,"time":"2024-01-14T18:12:07Z"},"geometry":{"type":"Point","coordinates":[-122.15006,37.443766]}},{"type":"Feature","properties":{"id":1669,"name":"Rock 1669","size":1.02,"time":"2024-01-04T02:41:30Z"},"geometry":{"type":"Point","coordinates":[-122.40822,37.768415]}},{"type":"Feature","properties":{"id":1670,"name":"Rock 1670","size":3.49,"time":"2024-01-15T06:00:18Z"},"geometry":{"type":"Point","coordinates":[-122.437769,37.786866]}},{"type":"Feature","properties":{"id":1671,"name":"Rock 1671","size":2.73,"time":"2024-01-05T05:59:30Z"},"geometry":{"type":"Point","coordinates":[-122.420904,37.760071]}},{"type":"Feature","properties":{"id":1672,"name":"Rock 1672","size":2.61,"time":"2024-01-16T19:53:43Z"},"geometry":{"type":"Point","coordinates":[-122.407672,37.781895]}},{"type":"Feature","properties":{"id":1673,"name":"Rock 1673","size":2.15,"time":"2024-01-12T08:03:25Z"},"geometry":{"type":"Point","coordinates":[-122.265676,37.867753]}},{"type":"Feature","properties":{"id":1674,"name":"Rock 1674","size":1.41,"time":"2024-01-04T05:16:52Z"},"geometry":{"type":"Point","coordinates":[-122.282757,37.867284]}},{"type":"Feature","properties":{"id":1675,"name":"Rock 1675","size":2.57,"time":"2024-01-02T15:07:22Z"},"geometry":{"type":"Point","coordinates":[-122.281614,37.873349]}},{"type":"Feature","properties":{"id":1676,"name":"Rock 1676","size":3.1,"time":"2024-01-05T02:25:51Z"},"geometry":{"type":"Point","coordinates":[-122.422018,37.756181]}},{"type":"Feature","properties":{"id":1677,"name":"Rock 1677","size":1.22,"time":"2024-01-13T23:29:50Z"},"geometry":{"type":"Point","coordinates":[-122.406135,37.78896]}},{"type":"Feature","properties":{"id":1678,"name":"Rock 1678","size":2.41,"time":"2024-01-10T08:40:02Z"},"geometry":{"type":"Point","coordinates":[-122.414807,37.767626]}},{"type":"Feature","properties":{"id":1679,"name":"Rock 1679","size":1.41,"time":"2024-01-11T15:01:21Z"},"geometry":{"type":"Point","coordinates":[-122.238369,37.653783]}},{"type":"Feature","properties":{"id":1680,"name":"Rock 1680","size":5,"time":"2024-01-08T08:59:53Z"},"geometry":{"type":"Point","coordinates":[-122.419954,37.752243]}},{"type":"Feature","properties":{"id":1681,"name":"Rock 1681","size":1.28,"time":"2024-01-18T01:51:30Z"},"geometry":{"type":"Point","coordinates":[-122.327467,37.631126]}},{"type":"Feature","properties":{"id":1682,"name":"Rock 1682","size":2.71,"time":"2024-01-13T18:02:21Z"},"geometry":{"type":"Point","coordinates":[-122.266613,37.646332]}},{"type":"Feature","properties":{"id":1683,"name":"Rock 1683","size":4.24,"time":"2024-01-10T06:55:03Z"},"geometry":{"type":"Point","coordinates":[-122.422415,37.77112]}},{"type":"Feature","properties":{"id":1684,"name":"Rock 1684","size":0.7,"time":"2024-01-19T11:48:02Z"},"geometry":{"type":"Point","coordinates":[-122.197801,37.457731]}},{"type":"Feature","properties":{"id":1685,"name":"Rock 1685","size":0.89,"time":"2024-01-10T01:47:33Z"},"geometry":{"type":"Point","coordinates":[-122.282411,37.887566]}},{"type":"Feature","properties":{"id":1686,"name":"Rock 1686","size":2.23,"time":"2024-01-16T13:15:38Z"},"geometry":{"type":"Point","coordinates":[-122.175776,37.459603]}},{"type":"Feature","properties":{"id":1687,"name":"Rock 1687","size":4.09,"time":"2024-01-19T10:27:13Z"},"geometry":{"type":"Point","coordinates":[-122.360626,37.669438]}},{"type":"Feature","properties":{"id":1688,"name":"Rock 1688","size":3.79,"time":"2024-01-07T05:03:41Z"},"geometry":{"type":"Point","coordinates":[-122.28389,37.589079]}},{"type":"Feature","properties":{"id":1689,"name":"Rock 1689","size":2.36,"time":"2024-01-02T13:37:42Z"},"geometry":{"type":"Point","coordinates":[-122.139646,37.421053]}},{"type":"Feature","properties":{"id":1690,"name":"Rock 1690","size":1.73,"time":"2024-01-18T22:01:51Z"},"geometry":{"type":"Point","coordinates":[-122.39354,37.759276]}},{"type":"Feature","properties":{"id":1691,"name":"Rock 1691","size":3.24,"time":"2024-01-02T21:43:24Z"},"geometry":{"type":"Point","coordinates":[-122.213176,37.554907]}},{"type":"Feature","properties":{"id":1692,"name":"Rock 1692","size":2.43,"time":"2024-01-13T21:55:52Z"},"geometry":{"type":"Point","coordinates":[-122.225378,37.469563]}},{"type":"Feature","properties":{"id":1693,"name":"Rock 1693","size":5.59,"time":"2024-01-07T17:21:06Z"},"geometry":{"type":"Point","coordinates":[-122.440988,37.765508]}},{"type":"Feature","properties":{"id":1694,"name":"Rock 1694","size":1.23,"time":"2024-01-16T18:21:36Z"},"geometry":{"type":"Point","coordinates":[-122.336236,37.639924]}},{"type":"Feature","properties":{"id":1695,"name":"Rock 1695","size":4.35,"time":"2024-01-03T15:08:18Z"},"geometry":{"type":"Point","coordinates":[-122.258803,37.872596]}},{"type":"Feature","properties":{"id":1696,"name":"Rock 1696","size":2.42,"time":"2024-01-16T05:32:01Z"},"geometry":{"type":"Point","coordinates":[-122.328696,37.597005]}},{"type":"Feature","properties":{"id":1697,"name":"Rock 1697","size":4.11,"time":"2024-01-15T22:58:26Z"},"geometry":{"type":"Point","coordinates":[-122.429174,37.781468]}},{"type":"Feature","properties":{"id":1698,"name":"Rock 1698","size":3.11,"time":"2024-01-15T21:03:18Z"},"geometry":{"type":"Point","coordinates":[-122.423176,37.779583]}},{"type":"Feature","properties":{"id":1699,"name":"Rock 1699","size":1.39,"time":"2024-01-11T13:26:51Z"},"geometry":{"type":"Point","coordinates":[-122.437564,37.810637]}},{"type":"Feature","properties":{"id":1700,"name":"Rock 1700","size":2.82,"time":"2024-01-09T03:11:31Z"},"geometry":{"type":"Point","coordinates":[-122.258501,37.579301]}},{"type":"Feature","properties":{"id":1701,"name":"Rock 1701","size":0.81,"time":"2024-01-01T23:19:21Z"},"geometry":{"type":"Point","coordinates":[-122.417547,37.553274]}},{"type":"Feature","properties":{"id":1702,"name":"Rock 1702","size":3.81,"time":"2024-01-04T09:14:12Z"},"geometry":{"type":"Point","coordinates":[-122.447888,37.796179]}},{"type":"Feature","properties":{"id":1703,"name":"Rock 1703","size":4.52,"time":"2024-01-03T01:07:31Z"},"geometry":{"type":"Point","coordinates":[-122.3977,37.802014]}},{"type":"Feature","properties":{"id":1704,"name":"Rock 1704","size":2.85,"time":"2024-01-12T06:13:42Z"},"geometry":{"type":"Point","coordinates":[-122.136137,37.460442]}},{"type":"Feature","properties":{"id":1705,"name":"Rock 1705","size":0.75,"time":"2024-01-04T13:46:53Z"},"geometry":{"type":"Point","coordinates":[-122.3319,37.669343]}},{"type":"Feature","properties":{"id":1706,"name":"Rock 1706","size":2.55,"time":"2024-01-08T16:08:21Z"},"geometry":{"type":"Point","coordinates":[-122.354378,37.644215]}},{"type":"Feature","properties":{"id":1707,"name":"Rock 1707","size":0.58,"time":"2024-01-13T05:50:48Z"},"geometry":{"type":"Point","coordinates":[-122.340577,37.608056]}},{"type":"Feature","properties":{"id":1708,"name":"Rock 1708","size":2.67,"time":"2024-01-06T17:15:16Z"},"geometry":{"type":"Point","coordinates":[-122.319572,37.640523]}},{"type":"Feature","properties":{"id":1709,"name":"Rock 1709","size":0.86,"time":"2024-01-13T17:41:14Z"},"geometry":{"type":"Point","coordinates":[-122.245416,37.617493]}},{"type":"Feature","properties":{"id":1710,"name":"Rock 1710","size":3.34,"time":"2024-01-10T13:00:54Z"},"geometry":{"type":"Point","coordinates":[-122.421576,37.796503]}},{"type":"Feature","properties":{"id":1711,"name":"Rock 1711","size":0.55,"time":"2024-01-01T00:24:29Z"},"geometry":{"type":"Point","coordinates":[-122.401433,37.523795]}},{"type":"Feature","properties":{"id":1712,"name":"Rock 1712","size":1.78,"time":"2024-01-17T21:26:02Z"},"geometry":{"type":"Point","coordinates":[-122.260965,37.854628]}},{"type":"Feature","properties":{"id":1713,"name":"Rock 1713","size":4.56,"time":"2024-01-16T10:20:19Z"},"geometry":{"type":"Point","coordinates":[-122.41616,37.77044]}},{"type":"Feature","properties":{"id":1714,"name":"Rock 1714","size":2.47,"time":"2024-01-14T21:37:17Z"},"geometry":{"type":"Point","coordinates":[-122.304142,37.59211]}},{"type":"Feature","properties":{"id":1715,"name":"Rock 1715","size":3.16,"time":"2024-01-11T02:35:17Z"},"geometry":{"type":"Point","coordinates":[-122.39917,37.765651]}},{"type":"Feature","properties":{"id":1716,"name":"Rock 1716","size":0.82,"time":"2024-01-09T01:09:59Z"},"geometry":{"type":"Point","coordinates":[-122.266013,37.88028]}},{"type":"Feature","properties":{"id":1717,"name":"Rock 1717","size":2.52,"time":"2024-01-15T16:02:07Z"},"geometry":{"type":"Point","coordinates":[-122.388399,37.751056]}},{"type":"Feature","properties":{"id":1718,"name":"Rock 1718","size":2.87,"time":"2024-01-02T06:48:32Z"},"geometry":{"type":"Point","coordinates":[-122.242082,37.56833]}},{"type":"Feature","properties":{"id":1719,"name":"Rock 1719","size":2.34,"time":"2024-01-08T07:08:27Z"},"geometry":{"type":"Point","coordinates":[-122.412305,37.800149]}},{"type":"Feature","properties":{"id":1720,"name":"Rock 1720","size":2.92,"time":"2024-01-18T09:12:04Z"},"geometry":{"type":"Point","coordinates":[-122.408047,37.806925]}},{"type":"Feature","properties":{"id":1721,"name":"Rock 1721","size":1.48,"time":"2024-01-04T23:50:00Z"},"geometry":{"type":"Point","coordinates":[-122.239628,37.60104]}},{"type":"Feature","properties":{"id":1722,"name":"Rock 1722","size":3.49,"time":"2024-01-16T11:58:22Z"},"geometry":{"type":"Point","coordinates":[-122.147844,37.448343]}},{"type":"Feature","properties":{"id":1723,"name":"Rock 1723","size":4.73,"time":"2024-01-04T01:07:38Z"},"geometry":{"type":"Point","coordinates":[-122.162267,37.474347]}},{"type":"Feature","properties":{"id":1724,"name":"Rock 1724","size":0.9,"time":"2024-01-08T10:35:08Z"},"geometry":{"type":"Point","coordinates":[-122.299823,37.879585]}},{"type":"Feature","properties":{"id":1725,"name":"Rock 1725","size":2.72,"time":"2024-01-08T18:57:06Z"},"geometry":{"type":"Point","coordinates":[-122.162749,37.452421]}},{"type":"Feature","properties":{"id":1726,"name":"Rock 1726","size":1.56,"time":"2024-01-06T20:23:16Z"},"geometry":{"type":"Point","coordinates":[-122.396211,37.656266]}},{"type":"Feature","properties":{"id":1727,"name":"Rock 1727","size":1.03,"time":"2024-01-15T12:06:58Z"},"geometry":{"type":"Point","coordinates":[-122.300773,37.880524]}},{"type":"Feature","properties":{"id":1728,"name":"Rock 1728","size":7.08,"time":"2024-01-05T02:21:45Z"},"geometry":{"type":"Point","coordinates":[-122.410343,37.805222]}},{"type":"Feature","properties":{"id":1729,"name":"Rock 1729","size":3.91,"time":"2024-01-13T13:40:12Z"},"geometry":{"type":"Point","coordinates":[-122.15376,37.44964]}},{"type":"Feature","properties":{"id":1730,"name":"Rock 1730","size":3.08,"time":"2024-01-02T04:19:12Z"},"geometry":{"type":"Point","coordinates":[-122.307693,37.612116]}},{"type":"Feature","properties":{"id":1731,"name":"Rock 1731","size":2.57,"time":"2024-01-19T23:04:54Z"},"geometry":{"type":"Point","coordinates":[-122.279515,37.884263]}},{"type":"Feature","properties":{"id":1732,"name":"Rock 1732","size":1.73,"time":"2024-01-03T15:38:58Z"},"geometry":{"type":"Point","coordinates":[-122.418925,37.762595]}},{"type":"Feature","properties":{"id":1733,"name":"Rock 1733","size":3.85,"time":"2024-01-02T22:37:25Z"},"geometry":{"type":"Point","coordinates":[-122.282471,37.858929]}},{"type":"Feature","properties":{"id":1734,"name":"Rock 1734","size":0.94,"time":"2024-01-12T08:54:14Z"},"geometry":{"type":"Point","coordinates":[-122.416673,37.803657]}},{"type":"Feature","properties":{"id":1735,"name":"Rock 1735","size":3.23,"time":"2024-01-17T01:54:32Z"},"geometry":{"type":"Point","coordinates":[-122.298875,37.605875]}},{"type":"Feature","properties":{"id":1736,"name":"Rock 1736","size":2.58,"time":"2024-01-04T14:41:58Z"},"geometry":{"type":"Point","coordinates":[-122.427648,37.791313]}},{"type":"Feature","properties":{"id":1737,"name":"Rock 1737","size":1.7,"time":"2024-01-03T11:00:52Z"},"geometry":{"type":"Point","coordinates":[-122.437684,37.797871]}},{"type":"Feature","properties":{"id":1738,"name":"Rock 1738","size":2,"time":"2024-01-02T02:24:17Z"},"geometry":{"type":"Point","coordinates":[-122.186774,37.463876]}},{"type":"Feature","properties":{"id":1739,"name":"Rock 1739","size":4.53,"time":"2024-01-18T18:02:01Z"},"geometry":{"type":"Point","coordinates":[-122.284296,37.621868]}},{"type":"Feature","properties":{"id":1740,"name":"Rock 1740","size":7.09,"time":"2024-01-14T04:08:48Z"},"geometry":{"type":"Point","coordinates":[-122.381615,37.604569]}},{"type":"Feature","properties":{"id":1741,"name":"Rock 1741","size":3.24,"time":"2024-01-06T19:20:06Z"},"geometry":{"type":"Point","coordinates":[-122.185572,37.429129]}},{"type":"Feature","properties":{"id":1742,"name":"Rock 1742","size":2.93,"time":"2024-01-17T20:15:31Z"},"geometry":{"type":"Point","coordinates":[-122.276776,37.520571]}},{"type":"Feature","properties":{"id":1743,"name":"Rock 1743","size":2.2,"time":"2024-01-12T09:46:19Z"},"geometry":{"type":"Point","coordinates":[-122.40074,37.769733]}},{"type":"Feature","properties":{"id":1744,"name":"Rock 1744","size":1.25,"time":"2024-01-06T02:02:39Z"},"geometry":{"type":"Point","coordinates":[-122.314633,37.595576]}},{"type":"Feature","properties":{"id":1745,"name":"Rock 1745","size":1.15,"time":"2024-01-17T02:14:51Z"},"geometry":{"type":"Point","coordinates":[-122.33579,37.588608]}},{"type":"Feature","properties":{"id":1746,"name":"Rock 1746","size":1.11,"time":"2024-01-12T02:21:02Z"},"geometry":{"type":"Point","coordinates":[-122.266002,37.873041]}},{"type":"Feature","properties":{"id":1747,"name":"Rock 1747","size":2.92,"time":"2024-01-15T18:11:27Z"},"geometry":{"type":"Point","coordinates":[-122.278776,37.621607]}},{"type":"Feature","properties":{"id":1748,"name":"Rock 1748","size":1.13,"time":"2024-01-09T10:36:41Z"},"geometry":{"type":"Point","coordinates":[-122.178292,37.465466]}},{"type":"Feature","properties":{"id":1749,"name":"Rock 1749","size":1.32,"time":"2024-01-16T12:38:50Z"},"geometry":{"type":"Point","coordinates":[-122.238915,37.875679]}},{"type":"Feature","properties":{"id":1750,"name":"Rock 1750","size":3.7,"time":"2024-01-16T19:11:42Z"},"geometry":{"type":"Point","coordinates":[-122.267345,37.876209]}},{"type":"Feature","properties":{"id":1751,"name":"Rock 1751","size":3.2,"time":"2024-01-09T14:14:35Z"},"geometry":{"type":"Point","coordinates":[-122.322513,37.659321]}},{"type":"Feature","properties":{"id":1752,"name":"Rock 1752","size":3.36,"time":"2024-01-01T17:46:39Z"},"geometry":{"type":"Point","coordinates":[-122.411712,37.784128]}},{"type":"Feature","properties":{"id":1753,"name":"Rock 1753","size":2.07,"time":"2024-01-14T16:30:17Z"},"geometry":{"type":"Point","coordinates":[-122.430004,37.799139]}},{"type":"Feature","properties":{"id":1754,"name":"Rock 1754","size":4.23,"time":"2024-01-15T06:48:08Z"},"geometry":{"type":"Point","coordinates":[-122.427045,37.787594]}},{"type":"Feature","properties":{"id":1755,"name":"Rock 1755","size":2.51,"time":"2024-01-08T04:46:09Z"},"geometry":{"type":"Point","coordinates":[-122.261615,37.846888]}},{"type":"Feature","properties":{"id":1756,"name":"Rock 1756","size":6.36,"time":"2024-01-03T03:53:04Z"},"geometry":{"type":"Point","coordinates":[-122.409325,37.784284]}},{"type":"Feature","properties":{"id":1757,"name":"Rock 1757","size":4.14,"time":"2024-01-06T20:49:39Z"},"geometry":{"type":"Point","coordinates":[-122.183158,37.469631]}},{"type":"Feature","properties":{"id":1758,"name":"Rock 1758","size":2.45,"time":"2024-01-04T23:26:49Z"},"geometry":{"type":"Point","coordinates":[-122.285226,37.882543]}},{"type":"Feature","properties":{"id":1759,"name":"Rock 1759","size":2.16,"time":"2024-01-19T00:57:18Z"},"geometry":{"type":"Point","coordinates":[-122.166928,37.453314]}},{"type":"Feature","properties":{"id":1760,"name":"Rock 1760","size":2.46,"time":"2024-01-10T09:41:23Z"},"geometry":{"type":"Point","coordinates":[-122.456886,37.753744]}},{"type":"Feature","properties":{"id":1761,"name":"Rock 1761","size":1.09,"time":"2024-01-01T07:38:43Z"},"geometry":{"type":"Point","coordinates":[-122.350088,37.622498]}},{"type":"Feature","properties":{"id":1762,"name":"Rock 1762","size":2.99,"time":"2024-01-08T15:13:09Z"},"geometry":{"type":"Point","coordinates":[-122.421453,37.762317]}},{"type":"Feature","properties":{"id":1763,"name":"Rock 1763","size":1.97,"time":"2024-01-14T20:55:31Z"},"geometry":{"type":"Point","coordinates":[-122.179465,37.511007]}},{"type":"Feature","properties":{"id":1764,"name":"Rock 1764","size":3.14,"time":"2024-01-03T14:46:57Z"},"geometry":{"type":"Point","coordinates":[-122.123956,37.435314]}},{"type":"Feature","properties":{"id":1765,"name":"Rock 1765","size":3.55,"time":"2024-01-18T13:34:42Z"},"geometry":{"type":"Point","coordinates":[-122.386442,37.766518]}},{"type":"Feature","properties":{"id":1766,"name":"Rock 1766","size":0.56,"time":"2024-01-08T22:24:36Z"},"geometry":{"type":"Point","coordinates":[-122.431522,37.778796]}},{"type":"Feature","properties":{"id":1767,"name":"Rock 1767","size":3.26,"time":"2024-01-16T18:36:03Z"},"geometry":{"type":"Point","coordinates":[-122.428699,37.772338]}},{"type":"Feature","properties":{"id":1768,"name":"Rock 1768","size":3.97,"time":"2024-01-15T01:10:14Z"},"geometry":{"type":"Point","coordinates":[-122.117239,37.46938]}},{"type":"Feature","properties":{"id":1769,"name":"Rock 1769","size":4.37,"time":"2024-01-03T16:15:15Z"},"geometry":{"type":"Point","coordinates":[-122.405927,37.768598]}},{"type":"Feature","properties":{"id":1770,"name":"Rock 1770","size":3.13,"time":"2024-01-14T14:16:15Z"},"geometry":{"type":"Point","coordinates":[-122.124718,37.474918]}},{"type":"Feature","properties":{"id":1771,"name":"Rock 1771","size":0.6,"time":"2024-01-01T18:50:04Z"},"geometry":{"type":"Point","coordinates":[-122.2505,37.652732]}},{"type":"Feature","properties":{"id":1772,"name":"Rock 1772","size":1.48,"time":"2024-01-01T21:42:57Z"},"geometry":{"type":"Point","coordinates":[-122.292345,37.889536]}},{"type":"Feature","properties":{"id":1773,"name":"Rock 1773","size":3.86,"time":"2024-01-10T12:37:11Z"},"geometry":{"type":"Point","coordinates":[-122.24075,37.653423]}},{"type":"Feature","properties":{"id":1774,"name":"Rock 1774","size":0.63,"time":"2024-01-02T14:13:44Z"},"geometry":{"type":"Point","coordinates":[-122.439394,37.811765]}},{"type":"Feature","properties":{"id":1775,"name":"Rock 1775","size":2.55,"time":"2024-01-09T17:10:15Z"},"geometry":{"type":"Point","coordinates":[-122.393823,37.826819]}},{"type":"Feature","properties":{"id":1776,"name":"Rock 1776","size":1.34,"time":"2024-01-13T05:28:58Z"},"geometry":{"type":"Point","coordinates":[-122.418777,37.77165]}},{"type":"Feature","properties":{"id":1777,"name":"Rock 1777","size":3.81,"time":"2024-01-05T07:23:52Z"},"geometry":{"type":"Point","coordinates":[-122.42547,37.772876]}},{"type":"Feature","properties":{"id":1778,"name":"Rock 1778","size":0.77,"time":"2024-01-10T08:18:38Z"},"geometry":{"type":"Point","coordinates":[-122.159192,37.456286]}},{"type":"Feature","properties":{"id":1779,"name":"Rock 1779","size":9.88,"time":"2024-01-18T10:49:19Z"},"geometry":{"type":"Point","coordinates":[-122.184251,37.43869]}},{"type":"Feature","properties":{"id":1780,"name":"Rock 1780","size":2.46,"time":"2024-01-14T06:35:36Z"},"geometry":{"type":"Point","coordinates":[-122.429623,37.738128]}},{"type":"Feature","properties":{"id":1781,"name":"Rock 1781","size":1.58,"time":"2024-01-03T14:48:37Z"},"geometry":{"type":"Point","coordinates":[-122.299225,37.65047]}},{"type":"Feature","properties":{"id":1782,"name":"Rock 1782","size":0.82,"time":"2024-01-13T06:02:57Z"},"geometry":{"type":"Point","coordinates":[-122.397131,37.758607]}},{"type":"Feature","properties":{"id":1783,"name":"Rock 1783","size":1.35,"time":"2024-01-05T19:07:36Z"},"geometry":{"type":"Point","coordinates":[-122.160959,37.391664]}},{"type":"Feature","properties":{"id":1784,"name":"Rock 1784","size":2.88,"time":"2024-01-19T16:18:16Z"},"geometry":{"type":"Point","coordinates":[-122.174899,37.440481]}},{"type":"Feature","properties":{"id":1785,"name":"Rock 1785","size":2.53,"time":"2024-01-11T02:43:10Z"},"geometry":{"type":"Point","coordinates":[-122.280294,37.848676]}},{"type":"Feature","properties":{"id":1786,"name":"Rock 1786","size":5.44,"time":"2024-01-04T03:24:58Z"},"geometry":{"type":"Point","coordinates":[-122.397,37.787981]}},{"type":"Feature","properties":{"id":1787,"name":"Rock 1787","size":0.77,"time":"2024-01-02T09:17:36Z"},"geometry":{"type":"Point","coordinates":[-122.276038,37.866524]}},{"type":"Feature","properties":{"id":1788,"name":"Rock 1788","size":1.35,"time":"2024-01-01T22:33:02Z"},"geometry":{"type":"Point","coordinates":[-122.35615,37.614742]}},{"type":"Feature","properties":{"id":1789,"name":"Rock 1789","size":2.8,"time":"2024-01-15T08:52:37Z"},"geometry":{"type":"Point","coordinates":[-122.410223,37.767047]}},{"type":"Feature","properties":{"id":1790,"name":"Rock 1790","size":3.27,"time":"2024-01-09T05:40:35Z"},"geometry":{"type":"Point","coordinates":[-122.111769,37.471955]}},{"type":"Feature","properties":{"id":1791,"name":"Rock 1791","size":4.84,"time":"2024-01-17T10:07:55Z"},"geometry":{"type":"Point","coordinates":[-122.430004,37.774345]}},{"type":"Feature","properties":{"id":1792,"name":"Rock 1792","size":3.77,"time":"2024-01-03T02:40:06Z"},"geometry":{"type":"Point","coordinates":[-122.26459,37.879029]}},{"type":"Feature","properties":{"id":1793,"name":"Rock 1793","size":7.09,"time":"2024-01-16T12:39:07Z"},"geometry":{"type":"Point","coordinates":[-122.249122,37.62213]}},{"type":"Feature","properties":{"id":1794,"name":"Rock 1794","size":2.11,"time":"2024-01-07T04:41:44Z"},"geometry":{"type":"Point","coordinates":[-122.365808,37.763237]}},{"type":"Feature","properties":{"id":1795,"name":"Rock 1795","size":1.06,"time":"2024-01-14T01:50:38Z"},"geometry":{"type":"Point","coordinates":[-122.264609,37.85401]}},{"type":"Feature","properties":{"id":1796,"name":"Rock 1796","size":3.04,"time":"2024-01-17T18:20:39Z"},"geometry":{"type":"Point","coordinates":[-122.291823,37.887378]}},{"type":"Feature","properties":{"id":1797,"name":"Rock 1797","size":1.1,"time":"2024-01-08T08:48:27Z"},"geometry":{"type":"Point","coordinates":[-122.169626,37.399348]}},{"type":"Feature","properties":{"id":1798,"name":"Rock 1798","size":1.62,"time":"2024-01-06T13:13:32Z"},"geometry":{"type":"Point","coordinates":[-122.421949,37.747585]}},{"type":"Feature","properties":{"id":1799,"name":"Rock 1799","size":1.5,"time":"2024-01-08T01:02:09Z"},"geometry":{"type":"Point","coordinates":[-122.279152,37.860218]}},{"type":"Feature","properties":{"id":1800,"name":"Rock 1800","size":1.99,"time":"2024-01-07T11:58:11Z"},"geometry":{"type":"Point","coordinates":[-122.42298,37.786013]}},{"type":"Feature","properties":{"id":1801,"name":"Rock 1801","size":3.22,"time":"2024-01-14T05:37:36Z"},"geometry":{"type":"Point","coordinates":[-122.263459,37.629741]}},{"type":"Feature","properties":{"id":1802,"name":"Rock 1802","size":2.27,"time":"2024-01-11T21:40:19Z"},"geometry":{"type":"Point","coordinates":[-122.276723,37.862871]}},{"type":"Feature","properties":{"id":1803,"name":"Rock 1803","size":7.46,"time":"2024-01-03T13:42:19Z"},"geometry":{"type":"Point","coordinates":[-122.428781,37.791193]}},{"type":"Feature","properties":{"id":1804,"name":"Rock 1804","size":4.76,"time":"2024-01-17T20:08:24Z"},"geometry":{"type":"Point","coordinates":[-122.413809,37.812539]}},{"type":"Feature","properties":{"id":1805,"name":"Rock 1805","size":1.43,"time":"2024-01-19T12:00:34Z"},"geometry":{"type":"Point","coordinates":[-122.1328,37.457264]}},{"type":"Feature","properties":{"id":1806,"name":"Rock 1806","size":2.75,"time":"2024-01-03T15:48:20Z"},"geometry":{"type":"Point","coordinates":[-122.188044,37.432892]}},{"type":"Feature","properties":{"id":1807,"name":"Rock 1807","size":3.06,"time":"2024-01-05T03:32:24Z"},"geometry":{"type":"Point","coordinates":[-122.439146,37.773063]}},{"type":"Feature","properties":{"id":1808,"name":"Rock 1808","size":2.37,"time":"2024-01-12T08:35:22Z"},"geometry":{"type":"Point","coordinates":[-122.263206,37.890147]}},{"type":"Feature","properties":{"id":1809,"name":"Rock 1809","size":3.8,"time":"2024-01-04T16:51:23Z"},"geometry":{"type":"Point","coordinates":[-122.375813,37.65365]}},{"type":"Feature","properties":{"id":1810,"name":"Rock 1810","size":1.72,"time":"2024-01-10T01:30:42Z"},"geometry":{"type":"Point","coordinates":[-122.306855,37.850088]}},{"type":"Feature","properties":{"id":1811,"name":"Rock 1811","size":2.24,"time":"2024-01-09T13:33:43Z"},"geometry":{"type":"Point","coordinates":[-122.274788,37.654466]}},{"type":"Feature","properties":{"id":1812,"name":"Rock 1812","size":1.47,"time":"2024-01-10T14:43:12Z"},"geometry":{"type":"Point","coordinates":[-122.286803,37.613074]}},{"type":"Feature","properties":{"id":1813,"name":"Rock 1813","size":2.45,"time":"2024-01-07T17:19:56Z"},"geometry":{"type":"Point","coordinates":[-122.425425,37.791746]}},{"type":"Feature","properties":{"id":1814,"name":"Rock 1814","size":0.89,"time":"2024-01-19T22:54:43Z"},"geometry":{"type":"Point","coordinates":[-122.392999,37.790256]}},{"type":"Feature","properties":{"id":1815,"name":"Rock 1815","size":0.63,"time":"2024-01-15T11:40:41Z"},"geometry":{"type":"Point","coordinates":[-122.421384,37.782964]}},{"type":"Feature","properties":{"id":1816,"name":"Rock 1816","size":1.86,"time":"2024-01-14T16:30:33Z"},"geometry":{"type":"Point","coordinates":[-122.307118,37.596065]}},{"type":"Feature","properties":{"id":1817,"name":"Rock 1817","size":1.24,"time":"2024-01-14T10:27:42Z"},"geometry":{"type":"Point","coordinates":[-122.253118,37.598489]}},{"type":"Feature","properties":{"id":1818,"name":"Rock 1818","size":2,"time":"2024-01-01T16:32:17Z"},"geometry":{"type":"Point","coordinates":[-122.281803,37.621026]}},{"type":"Feature","properties":{"id":1819,"name":"Rock 1819","size":2.29,"time":"2024-01-03T17:56:34Z"},"geometry":{"type":"Point","coordinates":[-122.123508,37.447156]}},{"type":"Feature","properties":{"id":1820,"name":"Rock 1820","size":0.98,"time":"2024-01-13T21:24:40Z"},"geometry":{"type":"Point","coordinates":[-122.414713,37.782099]}},{"type":"Feature","properties":{"id":1821,"name":"Rock 1821","size":1.2,"time":"2024-01-10T08:02:50Z"},"geometry":{"type":"Point","coordinates":[-122.271176,37.651297]}},{"type":"Feature","properties":{"id":1822,"name":"Rock 1822","size":1.16,"time":"2024-01-09T02:30:51Z"},"geometry":{"type":"Point","coordinates":[-122.441417,37.788198]}},{"type":"Feature","properties":{"id":1823,"name":"Rock 1823","size":1.65,"time":"2024-01-03T00:02:08Z"},"geometry":{"type":"Point","coordinates":[-122.290697,37.63628]}},{"type":"Feature","properties":{"id":1824,"name":"Rock 1824","size":3.87,"time":"2024-01-05T07:30:16Z"},"geometry":{"type":"Point","coordinates":[-122.45891,37.809051]}},{"type":"Feature","properties":{"id":1825,"name":"Rock 1825","size":0.52,"time":"2024-01-11T22:05:00Z"},"geometry":{"type":"Point","coordinates":[-122.134736,37.428767]}},{"type":"Feature","properties":{"id":1826,"name":"Rock 1826","size":1.88,"time":"2024-01-01T19:55:53Z"},"geometry":{"type":"Point","coordinates":[-122.109721,37.51317]}},{"type":"Feature","properties":{"id":1827,"name":"Rock 1827","size":1.97,"time":"2024-01-08T14:09:31Z"},"geometry":{"type":"Point","coordinates":[-122.437643,37.622937]}},{"type":"Feature","properties":{"id":1828,"name":"Rock 1828","size":1.26,"time":"2024-01-03T20:44:35Z"},"geometry":{"type":"Point","coordinates":[-122.453038,37.805279]}},{"type":"Feature","properties":{"id":1829,"name":"Rock 1829","size":3.67,"time":"2024-01-13T11:17:33Z"},"geometry":{"type":"Point","coordinates":[-122.264005,37.865513]}},{"type":"Feature","properties":{"id":1830,"name":"Rock 1830","size":3.33,"time":"2024-01-17T07:40:18Z"},"geometry":{"type":"Point","coordinates":[-122.214442,37.499789]}},{"type":"Feature","properties":{"id":1831,"name":"Rock 1831","size":3.69,"time":"2024-01-04T10:23:45Z"},"geometry":{"type":"Point","coordinates":[-122.154148,37.487325]}},{"type":"Feature","properties":{"id":1832,"name":"Rock 1832","size":0.84,"time":"2024-01-13T05:23:08Z"},"geometry":{"type":"Point","coordinates":[-122.421772,37.757317]}},{"type":"Feature","properties":{"id":1833,"name":"Rock 1833","size":5.81,"time":"2024-01-10T08:26:03Z"},"geometry":{"type":"Point","coordinates":[-122.40665,37.764659]}},{"type":"Feature","properties":{"id":1834,"name":"Rock 1834","size":2.42,"time":"2024-01-14T14:06:10Z"},"geometry":{"type":"Point","coordinates":[-122.240982,37.564356]}},{"type":"Feature","properties":{"id":1835,"name":"Rock 1835","size":2.17,"time":"2024-01-07T16:00:45Z"},"geometry":{"type":"Point","coordinates":[-122.401855,37.774161]}},{"type":"Feature","properties":{"id":1836,"name":"Rock 1836","size":0.76,"time":"2024-01-08T15:38:13Z"},"geometry":{"type":"Point","coordinates":[-122.273166,37.639702]}},{"type":"Feature","properties":{"id":1837,"name":"Rock 1837","size":3.28,"time":"2024-01-15T17:16:47Z"},"geometry":{"type":"Point","coordinates":[-122.183733,37.449083]}},{"type":"Feature","properties":{"id":1838,"name":"Rock 1838","size":1.03,"time":"2024-01-02T09:03:30Z"},"geometry":{"type":"Point","coordinates":[-122.256271,37.627682]}},{"type":"Feature","properties":{"id":1839,"name":"Rock 1839","size":2.34,"time":"2024-01-02T11:33:17Z"},"geometry":{"type":"Point","coordinates":[-122.399246,37.779463]}},{"type":"Feature","properties":{"id":1840,"name":"Rock 1840","size":8.42,"time":"2024-01-03T23:36:39Z"},"geometry":{"type":"Point","coordinates":[-122.241036,37.647899]}},{"type":"Feature","properties":{"id":1841,"name":"Rock 1841","size":2.36,"time":"2024-01-03T20:34:25Z"},"geometry":{"type":"Point","coordinates":[-122.29096,37.637179]}},{"type":"Feature","properties":{"id":1842,"name":"Rock 1842","size":2.62,"time":"2024-01-01T01:37:26Z"},"geometry":{"type":"Point","coordinates":[-122.272616,37.884731]}},{"type":"Feature","properties":{"id":1843,"name":"Rock 1843","size":3.75,"time":"2024-01-10T21:40:55Z"},"geometry":{"type":"Point","coordinates":[-122.212895,37.459111]}},{"type":"Feature","properties":{"id":1844,"name":"Rock 1844","size":6.3,"time":"2024-01-08T10:19:48Z"},"geometry":{"type":"Point","coordinates":[-122.271352,37.875063]}},{"type":"Feature","properties":{"id":1845,"name":"Rock 1845","size":3.26,"time":"2024-01-06T21:57:56Z"},"geometry":{"type":"Point","coordinates":[-122.420573,37.771125]}},{"type":"Feature","properties":{"id":1846,"name":"Rock 1846","size":3.25,"time":"2024-01-09T11:26:44Z"},"geometry":{"type":"Point","coordinates":[-122.330931,37.597488]}},{"type":"Feature","properties":{"id":1847,"name":"Rock 1847","size":2.1,"time":"2024-01-11T01:46:29Z"},"geometry":{"type":"Point","coordinates":[-122.426039,37.783633]}},{"type":"Feature","properties":{"id":1848,"name":"Rock 1848","size":3.14,"time":"2024-01-15T15:49:22Z"},"geometry":{"type":"Point","coordinates":[-122.161094,37.425626]}},{"type":"Feature","properties":{"id":1849,"name":"Rock 1849","size":1.62,"time":"2024-01-14T13:49:40Z"},"geometry":{"type":"Point","coordinates":[-122.427834,37.788667]}},{"type":"Feature","properties":{"id":1850,"name":"Rock 1850","size":1.42,"time":"2024-01-01T12:23:54Z"},"geometry":{"type":"Point","coordinates":[-122.219623,37.647778]}},{"type":"Feature","properties":{"id":1851,"name":"Rock 1851","size":0.74,"time":"2024-01-16T15:28:06Z"},"geometry":{"type":"Point","coordinates":[-122.109812,37.431746]}},{"type":"Feature","properties":{"id":1852,"name":"Rock 1852","size":3.23,"time":"2024-01-14T07:04:50Z"},"geometry":{"type":"Point","coordinates":[-122.295748,37.615143]}},{"type":"Feature","properties":{"id":1853,"name":"Rock 1853","size":1.82,"time":"2024-01-14T13:00:30Z"},"geometry":{"type":"Point","coordinates":[-122.250309,37.614233]}},{"type":"Feature","properties":{"id":1854,"name":"Rock 1854","size":6.93,"time":"2024-01-14T10:38:50Z"},"geometry":{"type":"Point","coordinates":[-122.250589,37.846954]}},{"type":"Feature","properties":{"id":1855,"name":"Rock 1855","size":3.34,"time":"2024-01-19T01:59:40Z"},"geometry":{"type":"Point","coordinates":[-122.405068,37.79116]}},{"type":"Feature","properties":{"id":1856,"name":"Rock 1856","size":1.84,"time":"2024-01-03T07:44:38Z"},"geometry":{"type":"Point","coordinates":[-122.39405,37.804232]}},{"type":"Feature","properties":{"id":1857,"name":"Rock 1857","size":1.27,"time":"2024-01-06T20:28:08Z"},"geometry":{"type":"Point","coordinates":[-122.306644,37.577784]}},{"type":"Feature","properties":{"id":1858,"name":"Rock 1858","size":5.89,"time":"2024-01-01T21:57:47Z"},"geometry":{"type":"Point","coordinates":[-122.432892,37.768117]}},{"type":"Feature","properties":{"id":1859,"name":"Rock 1859","size":0.69,"time":"2024-01-11T16:46:44Z"},"geometry":{"type":"Point","coordinates":[-122.398876,37.788442]}},{"type":"Feature","properties":{"id":1860,"name":"Rock 1860","size":1.89,"time":"2024-01-12T15:24:46Z"},"geometry":{"type":"Point","coordinates":[-122.162201,37.432512]}},{"type":"Feature","properties":{"id":1861,"name":"Rock 1861","size":2.78,"time":"2024-01-10T07:03:25Z"},"geometry":{"type":"Point","coordinates":[-122.429958,37.766449]}},{"type":"Feature","properties":{"id":1862,"name":"Rock 1862","size":1.67,"time":"2024-01-04T13:59:07Z"},"geometry":{"type":"Point","coordinates":[-122.441051,37.769062]}},{"type":"Feature","properties":{"id":1863,"name":"Rock 1863","size":4.72,"time":"2024-01-03T17:46:41Z"},"geometry":{"type":"Point","coordinates":[-122.456078,37.770918]}},{"type":"Feature","properties":{"id":1864,"name":"Rock 1864","size":3.63,"time":"2024-01-01T15:06:06Z"},"geometry":{"type":"Point","coordinates":[-122.180978,37.465269]}},{"type":"Feature","properties":{"id":1865,"name":"Rock 1865","size":0.77,"time":"2024-01-12T15:28:54Z"},"geometry":{"type":"Point","coordinates":[-122.392301,37.787608]}},{"type":"Feature","properties":{"id":1866,"name":"Rock 1866","size":1.49,"time":"2024-01-09T12:52:11Z"},"geometry":{"type":"Point","coordinates":[-122.395888,37.77265]}},{"type":"Feature","properties":{"id":1867,"name":"Rock 1867","size":2.54,"time":"2024-01-09T18:47:22Z"},"geometry":{"type":"Point","coordinates":[-122.13153,37.389942]}},{"type":"Feature","properties":{"id":1868,"name":"Rock 1868","size":2.57,"time":"2024-01-03T17:25:54Z"},"geometry":{"type":"Point","coordinates":[-122.442092,37.804924]}},{"type":"Feature","properties":{"id":1869,"name":"Rock 1869","size":2.94,"time":"2024-01-19T14:44:13Z"},"geometry":{"type":"Point","coordinates":[-122.303237,37.865346]}},{"type":"Feature","properties":{"id":1870,"name":"Rock 1870","size":2.31,"time":"2024-01-09T08:41:15Z"},"geometry":{"type":"Point","coordinates":[-122.409888,37.791898]}},{"type":"Feature","properties":{"id":1871,"name":"Rock 1871","size":3.24,"time":"2024-01-18T02:19:29Z"},"geometry":{"type":"Point","coordinates":[-122.343263,37.577166]}},{"type":"Feature","properties":{"id":1872,"name":"Rock 1872","size":2.43,"time":"2024-01-11T09:15:58Z"},"geometry":{"type":"Point","coordinates":[-122.26833,37.860217]}},{"type":"Feature","properties":{"id":1873,"name":"Rock 1873","size":2.78,"time":"2024-01-12T00:22:15Z"},"geometry":{"type":"Point","coordinates":[-122.43587,37.790814]}},{"type":"Feature","properties":{"id":1874,"name":"Rock 1874","size":1.1,"time":"2024-01-13T16:51:03Z"},"geometry":{"type":"Point","coordinates":[-122.437149,37.791998]}},{"type":"Feature","properties":{"id":1875,"name":"Rock 1875","size":2.56,"time":"2024-01-03T10:31:11Z"},"geometry":{"type":"Point","coordinates":[-122.462445,37.774749]}},{"type":"Feature","properties":{"id":1876,"name":"Rock 1876","size":1.27,"time":"2024-01-09T04:28:04Z"},"geometry":{"type":"Point","coordinates":[-122.200141,37.440682]}},{"type":"Feature","properties":{"id":1877,"name":"Rock 1877","size":5.73,"time":"2024-01-06T02:43:20Z"},"geometry":{"type":"Point","coordinates":[-122.421591,37.773438]}},{"type":"Feature","properties":{"id":1878,"name":"Rock 1878","size":2.5,"time":"2024-01-19T21:09:01Z"},"geometry":{"type":"Point","coordinates":[-122.261399,37.871921]}},{"type":"Feature","properties":{"id":1879,"name":"Rock 1879","size":0.66,"time":"2024-01-12T23:20:02Z"},"geometry":{"type":"Point","coordinates":[-122.295569,37.552086]}},{"type":"Feature","properties":{"id":1880,"name":"Rock 1880","size":4.88,"time":"2024-01-15T23:20:56Z"},"geometry":{"type":"Point","coordinates":[-122.425108,37.757448]}},{"type":"Feature","properties":{"id":1881,"name":"Rock 1881","size":3.37,"time":"2024-01-10T07:12:50Z"},"geometry":{"type":"Point","coordinates":[-122.342454,37.671545]}},{"type":"Feature","properties":{"id":1882,"name":"Rock 1882","size":0.99,"time":"2024-01-06T22:47:26Z"},"geometry":{"type":"Point","coordinates":[-122.353099,37.633665]}},{"type":"Feature","properties":{"id":1883,"name":"Rock 1883","size":1.25,"time":"2024-01-08T18:57:43Z"},"geometry":{"type":"Point","coordinates":[-122.171243,37.477345]}},{"type":"Feature","properties":{"id":1884,"name":"Rock 1884","size":0.85,"time":"2024-01-12T22:58:10Z"},"geometry":{"type":"Point","coordinates":[-122.159149,37.467206]}},{"type":"Feature","properties":{"id":1885,"name":"Rock 1885","size":6.57,"time":"2024-01-18T17:33:08Z"},"geometry":{"type":"Point","coordinates":[-122.432876,37.770722]}},{"type":"Feature","properties":{"id":1886,"name":"Rock 1886","size":4.15,"time":"2024-01-08T23:55:59Z"},"geometry":{"type":"Point","coordinates":[-122.41511,37.818256]}},{"type":"Feature","properties":{"id":1887,"name":"Rock 1887","size":0.65,"time":"2024-01-04T11:37:55Z"},"geometry":{"type":"Point","coordinates":[-122.283368,37.854932]}},{"type":"Feature","properties":{"id":1888,"name":"Rock 1888","size":0.59,"time":"2024-01-02T16:45:06Z"},"geometry":{"type":"Point","coordinates":[-122.134421,37.464407]}},{"type":"Feature","properties":{"id":1889,"name":"Rock 1889","size":3,"time":"2024-01-16T04:03:40Z"},"geometry":{"type":"Point","coordinates":[-122.409054,37.78377]}},{"type":"Feature","properties":{"id":1890,"name":"Rock 1890","size":2.02,"time":"2024-01-05T05:29:31Z"},"geometry":{"type":"Point","coordinates":[-122.288604,37.881346]}},{"type":"Feature","properties":{"id":1891,"name":"Rock 1891","size":5.4,"time":"2024-01-18T09:19:17Z"},"geometry":{"type":"Point","coordinates":[-122.407108,37.79455]}},{"type":"Feature","properties":{"id":1892,"name":"Rock 1892","size":3.4,"time":"2024-01-15T09:40:05Z"},"geometry":{"type":"Point","coordinates":[-122.179976,37.428226]}},{"type":"Feature","properties":{"id":1893,"name":"Rock 1893","size":1.72,"time":"2024-01-18T20:08:05Z"},"geometry":{"type":"Point","coordinates":[-122.314735,37.613352]}},{"type":"Feature","properties":{"id":1894,"name":"Rock 1894","size":4.21,"time":"2024-01-02T12:36:35Z"},"geometry":{"type":"Point","coordinates":[-122.437316,37.775227]}},{"type":"Feature","properties":{"id":1895,"name":"Rock 1895","size":12.38,"time":"2024-01-05T03:12:52Z"},"geometry":{"type":"Point","coordinates":[-122.25642,37.818521]}},{"type":"Feature","properties":{"id":1896,"name":"Rock 1896","size":3.8,"time":"2024-01-08T09:37:58Z"},"geometry":{"type":"Point","coordinates":[-122.410062,37.776418]}},{"type":"Feature","properties":{"id":1897,"name":"Rock 1897","size":2.42,"time":"2024-01-08T09:24:26Z"},"geometry":{"type":"Point","coordinates":[-122.240491,37.664239]}},{"type":"Feature","properties":{"id":1898,"name":"Rock 1898","size":2.89,"time":"2024-01-12T10:33:12Z"},"geometry":{"type":"Point","coordinates":[-122.450709,37.775171]}},{"type":"Feature","properties":{"id":1899,"name":"Rock 1899","size":2.86,"time":"2024-01-17T19:22:54Z"},"geometry":{"type":"Point","coordinates":[-122.161716,37.448289]}},{"type":"Feature","properties":{"id":1900,"name":"Rock 1900","size":3.45,"time":"2024-01-13T17:32:03Z"},"geometry":{"type":"Point","coordinates":[-122.196829,37.452257]}},{"type":"Feature","properties":{"id":1901,"name":"Rock 1901","size":0.97,"time":"2024-01-06T13:17:16Z"},"geometry":{"type":"Point","coordinates":[-122.296864,37.629337]}},{"type":"Feature","properties":{"id":1902,"name":"Rock 1902","size":3.41,"time":"2024-01-13T13:32:16Z"},"geometry":{"type":"Point","coordinates":[-122.460164,37.794587]}},{"type":"Feature","properties":{"id":1903,"name":"Rock 1903","size":3.54,"time":"2024-01-14T08:11:33Z"},"geometry":{"type":"Point","coordinates":[-122.427884,37.767644]}},{"type":"Feature","properties":{"id":1904,"name":"Rock 1904","size":1.04,"time":"2024-01-12T18:59:03Z"},"geometry":{"type":"Point","coordinates":[-122.372073,37.587325]}},{"type":"Feature","properties":{"id":1905,"name":"Rock 1905","size":1.52,"time":"2024-01-18T11:37:43Z"},"geometry":{"type":"Point","coordinates":[-122.382283,37.605766]}},{"type":"Feature","properties":{"id":1906,"name":"Rock 1906","size":2.11,"time":"2024-01-13T09:55:20Z"},"geometry":{"type":"Point","coordinates":[-122.364764,37.665664]}},{"type":"Feature","properties":{"id":1907,"name":"Rock 1907","size":4.27,"time":"2024-01-06T23:02:51Z"},"geometry":{"type":"Point","coordinates":[-122.164873,37.47186]}},{"type":"Feature","properties":{"id":1908,"name":"Rock 1908","size":5.36,"time":"2024-01-11T01:20:54Z"},"geometry":{"type":"Point","coordinates":[-122.414082,37.759777]}},{"type":"Feature","properties":{"id":1909,"name":"Rock 1909","size":2.01,"time":"2024-01-04T12:20:44Z"},"geometry":{"type":"Point","coordinates":[-122.148692,37.440319]}},{"type":"Feature","properties":{"id":1910,"name":"Rock 1910","size":2.53,"time":"2024-01-14T10:40:17Z"},"geometry":{"type":"Point","coordinates":[-122.211366,37.46215]}},{"type":"Feature","properties":{"id":1911,"name":"Rock 1911","size":1.96,"time":"2024-01-10T18:40:21Z"},"geometry":{"type":"Point","coordinates":[-122.357276,37.64068]}},{"type":"Feature","properties":{"id":1912,"name":"Rock 1912","size":4.1,"time":"2024-01-17T16:58:59Z"},"geometry":{"type":"Point","coordinates":[-122.413579,37.769155]}},{"type":"Feature","properties":{"id":1913,"name":"Rock 1913","size":4.75,"time":"2024-01-14T18:59:40Z"},"geometry":{"type":"Point","coordinates":[-122.198315,37.454791]}},{"type":"Feature","properties":{"id":1914,"name":"Rock 1914","size":4.1,"time":"2024-01-04T12:45:57Z"},"geometry":{"type":"Point","coordinates":[-122.400789,37.765772]}},{"type":"Feature","properties":{"id":1915,"name":"Rock 1915","size":0.89,"time":"2024-01-13T22:40:53Z"},"geometry":{"type":"Point","coordinates":[-122.446643,37.767137]}},{"type":"Feature","properties":{"id":1916,"name":"Rock 1916","size":1.6,"time":"2024-01-19T20:27:08Z"},"geometry":{"type":"Point","coordinates":[-122.297932,37.626506]}},{"type":"Feature","properties":{"id":1917,"name":"Rock 1917","size":2.52,"time":"2024-01-08T03:27:46Z"},"geometry":{"type":"Point","coordinates":[-122.400357,37.773314]}},{"type":"Feature","properties":{"id":1918,"name":"Rock 1918","size":4.81,"time":"2024-01-04T00:25:16Z"},"geometry":{"type":"Point","coordinates":[-122.42473,37.811392]}},{"type":"Feature","properties":{"id":1919,"name":"Rock 1919","size":4.55,"time":"2024-01-12T03:40:40Z"},"geometry":{"type":"Point","coordinates":[-122.252322,37.712836]}},{"type":"Feature","properties":{"id":1920,"name":"Rock 1920","size":2.43,"time":"2024-01-06T20:18:57Z"},"geometry":{"type":"Point","coordinates":[-122.286611,37.886119]}},{"type":"Feature","properties":{"id":1921,"name":"Rock 1921","size":1.89,"time":"2024-01-02T23:07:09Z"},"geometry":{"type":"Point","coordinates":[-122.400186,37.756246]}},{"type":"Feature","properties":{"id":1922,"name":"Rock 1922","size":5.03,"time":"2024-01-17T20:28:05Z"},"geometry":{"type":"Point","coordinates":[-122.304426,37.56811]}},{"type":"Feature","properties":{"id":1923,"name":"Rock 1923","size":2.48,"time":"2024-01-09T05:15:02Z"},"geometry":{"type":"Point","coordinates":[-122.323036,37.638443]}},{"type":"Feature","properties":{"id":1924,"name":"Rock 1924","size":1.42,"time":"2024-01-02T03:56:25Z"},"geometry":{"type":"Point","coordinates":[-122.371404,37.678353]}},{"type":"Feature","properties":{"id":1925,"name":"Rock 1925","size":0.98,"time":"2024-01-05T03:14:36Z"},"geometry":{"type":"Point","coordinates":[-122.289929,37.570868]}},{"type":"Feature","properties":{"id":1926,"name":"Rock 1926","size":4.78,"time":"2024-01-04T11:14:29Z"},"geometry":{"type":"Point","coordinates":[-122.391848,37.602082]}},{"type":"Feature","properties":{"id":1927,"name":"Rock 1927","size":0.69,"time":"2024-01-02T22:07:12Z"},"geometry":{"type":"Point","coordinates":[-122.431023,37.804375]}},{"type":"Feature","properties":{"id":1928,"name":"Rock 1928","size":2.05,"time":"2024-01-11T14:57:33Z"},"geometry":{"type":"Point","coordinates":[-122.397958,37.787339]}},{"type":"Feature","properties":{"id":1929,"name":"Rock 1929","size":2.81,"time":"2024-01-13T11:16:13Z"},"geometry":{"type":"Point","coordinates":[-122.40267,37.758894]}},{"type":"Feature","properties":{"id":1930,"name":"Rock 1930","size":5.24,"time":"2024-01-13T15:58:45Z"},"geometry":{"type":"Point","coordinates":[-122.369151,37.656033]}},{"type":"Feature","properties":{"id":1931,"name":"Rock 1931","size":3.69,"time":"2024-01-03T15:27:58Z"},"geometry":{"type":"Point","coordinates":[-122.435088,37.803406]}},{"type":"Feature","properties":{"id":1932,"name":"Rock 1932","size":1.62,"time":"2024-01-15T01:08:41Z"},"geometry":{"type":"Point","coordinates":[-122.25609,37.625783]}},{"type":"Feature","properties":{"id":1933,"name":"Rock 1933","size":0.68,"time":"2024-01-03T11:38:21Z"},"geometry":{"type":"Point","coordinates":[-122.138156,37.452591]}},{"type":"Feature","properties":{"id":1934,"name":"Rock 1934","size":3.25,"time":"2024-01-13T08:47:04Z"},"geometry":{"type":"Point","coordinates":[-122.423893,37.778443]}},{"type":"Feature","properties":{"id":1935,"name":"Rock 1935","size":3.4,"time":"2024-01-07T10:30:57Z"},"geometry":{"type":"Point","coordinates":[-122.387973,37.783987]}},{"type":"Feature","properties":{"id":1936,"name":"Rock 1936","size":1.81,"time":"2024-01-15T08:38:31Z"},"geometry":{"type":"Point","coordinates":[-122.156279,37.463879]}},{"type":"Feature","properties":{"id":1937,"name":"Rock 1937","size":5.14,"time":"2024-01-18T20:20:01Z"},"geometry":{"type":"Point","coordinates":[-122.33714,37.624896]}},{"type":"Feature","properties":{"id":1938,"name":"Rock 1938","size":5.25,"time":"2024-01-18T19:16:57Z"},"geometry":{"type":"Point","coordinates":[-122.254026,37.623724]}},{"type":"Feature","properties":{"id":1939,"name":"Rock 1939","size":2.65,"time":"2024-01-02T22:55:09Z"},"geometry":{"type":"Point","coordinates":[-122.258294,37.904198]}},{"type":"Feature","properties":{"id":1940,"name":"Rock 1940","size":5.51,"time":"2024-01-16T06:25:06Z"},"geometry":{"type":"Point","coordinates":[-122.290401,37.862501]}},{"type":"Feature","properties":{"id":1941,"name":"Rock 1941","size":5.8,"time":"2024-01-11T09:29:23Z"},"geometry":{"type":"Point","coordinates":[-122.4158,37.777617]}},{"type":"Feature","properties":{"id":1942,"name":"Rock 1942","size":3.99,"time":"2024-01-19T02:17:16Z"},"geometry":{"type":"Point","coordinates":[-122.112146,37.458286]}},{"type":"Feature","properties":{"id":1943,"name":"Rock 1943","size":2.21,"time":"2024-01-19T10:30:16Z"},"geometry":{"type":"Point","coordinates":[-122.412458,37.773255]}},{"type":"Feature","properties":{"id":1944,"name":"Rock 1944","size":2.71,"time":"2024-01-04T20:11:50Z"},"geometry":{"type":"Point","coordinates":[-122.145924,37.439149]}},{"type":"Feature","properties":{"id":1945,"name":"Rock 1945","size":2.05,"time":"2024-01-13T19:09:16Z"},"geometry":{"type":"Point","coordinates":[-122.268695,37.860798]}},{"type":"Feature","properties":{"id":1946,"name":"Rock 1946","size":2.01,"time":"2024-01-13T10:24:01Z"},"geometry":{"type":"Point","coordinates":[-122.392917,37.786281]}},{"type":"Feature","properties":{"id":1947,"name":"Rock 1947","size":0.64,"time":"2024-01-01T11:04:49Z"},"geometry":{"type":"Point","coordinates":[-122.279047,37.881524]}},{"type":"Feature","properties":{"id":1948,"name":"Rock 1948","size":3.45,"time":"2024-01-04T00:44:04Z"},"geometry":{"type":"Point","coordinates":[-122.440363,37.766224]}},{"type":"Feature","properties":{"id":1949,"name":"Rock 1949","size":2.65,"time":"2024-01-15T22:43:21Z"},"geometry":{"type":"Point","coordinates":[-122.270137,37.5838]}},{"type":"Feature","properties":{"id":1950,"name":"Rock 1950","size":2.88,"time":"2024-01-07T01:17:55Z"},"geometry":{"type":"Point","coordinates":[-122.433526,37.78517]}},{"type":"Feature","properties":{"id":1951,"name":"Rock 1951","size":0.61,"time":"2024-01-09T06:17:55Z"},"geometry":{"type":"Point","coordinates":[-122.338909,37.553918]}},{"type":"Feature","properties":{"id":1952,"name":"Rock 1952","size":6.13,"time":"2024-01-09T17:52:55Z"},"geometry":{"type":"Point","coordinates":[-122.274355,37.868675]}},{"type":"Feature","properties":{"id":1953,"name":"Rock 1953","size":1.04,"time":"2024-01-18T18:05:21Z"},"geometry":{"type":"Point","coordinates":[-122.280772,37.676796]}},{"type":"Feature","properties":{"id":1954,"name":"Rock 1954","size":3.68,"time":"2024-01-07T08:44:17Z"},"geometry":{"type":"Point","coordinates":[-122.261264,37.894911]}},{"type":"Feature","properties":{"id":1955,"name":"Rock 1955","size":2.13,"time":"2024-01-14T20:20:39Z"},"geometry":{"type":"Point","coordinates":[-122.274982,37.858482]}},{"type":"Feature","properties":{"id":1956,"name":"Rock 1956","size":3.05,"time":"2024-01-09T13:29:40Z"},"geometry":{"type":"Point","coordinates":[-122.432635,37.805101]}},{"type":"Feature","properties":{"id":1957,"name":"Rock 1957","size":3.86,"time":"2024-01-06T01:15:49Z"},"geometry":{"type":"Point","coordinates":[-122.422165,37.770645]}},{"type":"Feature","properties":{"id":1958,"name":"Rock 1958","size":4,"time":"2024-01-02T14:55:57Z"},"geometry":{"type":"Point","coordinates":[-122.133602,37.481124]}},{"type":"Feature","properties":{"id":1959,"name":"Rock 1959","size":4.92,"time":"2024-01-18T14:23:33Z"},"geometry":{"type":"Point","coordinates":[-122.371589,37.758716]}},{"type":"Feature","properties":{"id":1960,"name":"Rock 1960","size":1.3,"time":"2024-01-08T23:51:27Z"},"geometry":{"type":"Point","coordinates":[-122.121859,37.474357]}},{"type":"Feature","properties":{"id":1961,"name":"Rock 1961","size":3.98,"time":"2024-01-13T21:26:29Z"},"geometry":{"type":"Point","coordinates":[-122.133288,37.432007]}},{"type":"Feature","properties":{"id":1962,"name":"Rock 1962","size":3.54,"time":"2024-01-12T16:16:35Z"},"geometry":{"type":"Point","coordinates":[-122.44679,37.799257]}},{"type":"Feature","properties":{"id":1963,"name":"Rock 1963","size":1.78,"time":"2024-01-17T08:56:10Z"},"geometry":{"type":"Point","coordinates":[-122.432543,37.780036]}},{"type":"Feature","properties":{"id":1964,"name":"Rock 1964","size":2,"time":"2024-01-14T13:46:15Z"},"geometry":{"type":"Point","coordinates":[-122.1504,37.459563]}},{"type":"Feature","properties":{"id":1965,"name":"Rock 1965","size":3.76,"time":"2024-01-12T13:58:27Z"},"geometry":{"type":"Point","coordinates":[-122.448631,37.787454]}},{"type":"Feature","properties":{"id":1966,"name":"Rock 1966","size":1.02,"time":"2024-01-17T17:49:20Z"},"geometry":{"type":"Point","coordinates":[-122.399036,37.596096]}},{"type":"Feature","properties":{"id":1967,"name":"Rock 1967","size":2.85,"time":"2024-01-04T05:00:00Z"},"geometry":{"type":"Point","coordinates":[-122.352307,37.574198]}},{"type":"Feature","properties":{"id":1968,"name":"Rock 1968","size":2.85,"time":"2024-01-18T06:00:52Z"},"geometry":{"type":"Point","coordinates":[-122.095971,37.41389]}},{"type":"Feature","properties":{"id":1969,"name":"Rock 1969","size":1.26,"time":"2024-01-01T03:30:37Z"},"geometry":{"type":"Point","coordinates":[-122.137818,37.412844]}},{"type":"Feature","properties":{"id":1970,"name":"Rock 1970","size":4.59,"time":"2024-01-02T03:37:19Z"},"geometry":{"type":"Point","coordinates":[-122.406467,37.777253]}},{"type":"Feature","properties":{"id":1971,"name":"Rock 1971","size":3.77,"time":"2024-01-07T06:44:34Z"},"geometry":{"type":"Point","coordinates":[-122.289302,37.851521]}},{"type":"Feature","properties":{"id":1972,"name":"Rock 1972","size":3.1,"time":"2024-01-07T09:37:33Z"},"geometry":{"type":"Point","coordinates":[-122.425176,37.785713]}},{"type":"Feature","properties":{"id":1973,"name":"Rock 1973","size":2.34,"time":"2024-01-14T05:32:19Z"},"geometry":{"type":"Point","coordinates":[-122.346262,37.588502]}},{"type":"Feature","properties":{"id":1974,"name":"Rock 1974","size":3.78,"time":"2024-01-12T20:34:14Z"},"geometry":{"type":"Point","coordinates":[-122.277785,37.878278]}},{"type":"Feature","properties":{"id":1975,"name":"Rock 1975","size":1.22,"time":"2024-01-13T22:33:50Z"},"geometry":{"type":"Point","coordinates":[-122.27366,37.661922]}},{"type":"Feature","properties":{"id":1976,"name":"Rock 1976","size":2.15,"time":"2024-01-01T12:24:22Z"},"geometry":{"type":"Point","coordinates":[-122.46183,37.764284]}},{"type":"Feature","properties":{"id":1977,"name":"Rock 1977","size":5.22,"time":"2024-01-16T17:42:14Z"},"geometry":{"type":"Point","coordinates":[-122.143375,37.475312]}},{"type":"Feature","properties":{"id":1978,"name":"Rock 1978","size":0.54,"time":"2024-01-10T13:09:25Z"},"geometry":{"type":"Point","coordinates":[-122.433558,37.742743]}},{"type":"Feature","properties":{"id":1979,"name":"Rock 1979","size":5.13,"time":"2024-01-13T09:54:13Z"},"geometry":{"type":"Point","coordinates":[-122.426382,37.774142]}},{"type":"Feature","properties":{"id":1980,"name":"Rock 1980","size":1.45,"time":"2024-01-09T20:51:37Z"},"geometry":{"type":"Point","coordinates":[-122.433552,37.807181]}},{"type":"Feature","properties":{"id":1981,"name":"Rock 1981","size":0.64,"time":"2024-01-06T02:20:04Z"},"geometry":{"type":"Point","coordinates":[-122.412329,37.775244]}},{"type":"Feature","properties":{"id":1982,"name":"Rock 1982","size":1.68,"time":"2024-01-02T07:45:58Z"},"geometry":{"type":"Point","coordinates":[-122.096658,37.443046]}},{"type":"Feature","properties":{"id":1983,"name":"Rock 1983","size":4.37,"time":"2024-01-02T04:31:13Z"},"geometry":{"type":"Point","coordinates":[-122.304707,37.590931]}},{"type":"Feature","properties":{"id":1984,"name":"Rock 1984","size":0.72,"time":"2024-01-13T01:56:54Z"},"geometry":{"type":"Point","coordinates":[-122.284733,37.878033]}},{"type":"Feature","properties":{"id":1985,"name":"Rock 1985","size":3.36,"time":"2024-01-15T05:03:04Z"},"geometry":{"type":"Point","coordinates":[-122.425001,37.780501]}},{"type":"Feature","properties":{"id":1986,"name":"Rock 1986","size":1.57,"time":"2024-01-17T06:27:03Z"},"geometry":{"type":"Point","coordinates":[-122.408338,37.77586]}},{"type":"Feature","properties":{"id":1987,"name":"Rock 1987","size":2.18,"time":"2024-01-06T03:31:50Z"},"geometry":{"type":"Point","coordinates":[-122.421108,37.773574]}},{"type":"Feature","properties":{"id":1988,"name":"Rock 1988","size":2.12,"time":"2024-01-13T17:36:26Z"},"geometry":{"type":"Point","coordinates":[-122.19423,37.48337]}},{"type":"Feature","properties":{"id":1989,"name":"Rock 1989","size":3.19,"time":"2024-01-02T04:11:37Z"},"geometry":{"type":"Point","coordinates":[-122.203633,37.454682]}},{"type":"Feature","properties":{"id":1990,"name":"Rock 1990","size":1.19,"time":"2024-01-14T09:44:06Z"},"geometry":{"type":"Point","coordinates":[-122.227298,37.866985]}},{"type":"Feature","properties":{"id":1991,"name":"Rock 1991","size":3.42,"time":"2024-01-18T18:00:14Z"},"geometry":{"type":"Point","coordinates":[-122.428981,37.779026]}},{"type":"Feature","properties":{"id":1992,"name":"Rock 1992","size":2.83,"time":"2024-01-06T02:17:48Z"},"geometry":{"type":"Point","coordinates":[-122.256719,37.885026]}},{"type":"Feature","properties":{"id":1993,"name":"Rock 1993","size":0.63,"time":"2024-01-04T14:30:54Z"},"geometry":{"type":"Point","coordinates":[-122.295493,37.654699]}},{"type":"Feature","properties":{"id":1994,"name":"Rock 1994","size":0.65,"time":"2024-01-08T16:20:55Z"},"geometry":{"type":"Point","coordinates":[-122.411903,37.805364]}},{"type":"Feature","properties":{"id":1995,"name":"Rock 1995","size":3.08,"time":"2024-01-06T01:03:23Z"},"geometry":{"type":"Point","coordinates":[-122.40971,37.757208]}},{"type":"Feature","properties":{"id":1996,"name":"Rock 1996","size":4.1,"time":"2024-01-07T07:57:36Z"},"geometry":{"type":"Point","coordinates":[-122.428563,37.762604]}},{"type":"Feature","properties":{"id":1997,"name":"Rock 1997","size":0.55,"time":"2024-01-09T03:23:38Z"},"geometry":{"type":"Point","coordinates":[-122.443636,37.78087]}},{"type":"Feature","properties":{"id":1998,"name":"Rock 1998","size":2.73,"time":"2024-01-15T16:27:42Z"},"geometry":{"type":"Point","coordinates":[-122.156548,37.503505]}},{"type":"Feature","properties":{"id":1999,"name":"Rock 1999","size":2.19,"time":"2024-01-14T04:41:07Z"},"geometry":{"type":"Point","coordinates":[-122.261636,37.867903]}}]}