{"type":"FeatureCollection","features":[{"type":"Feature","properties":{"id":0,"size":2.14,"time":"2024-01-24T23:03:09.486Z","class":"rock"},"geometry":{"type":"Point","coordinates":[137.363075,-4.670189]}},{"type":"Feature","properties":{"id":1,"size":3.81,"time":"2024-01-14T14:58:40.554Z","class":"rock"},"geometry":{"type":"Point","coordinates":[137.378147,-4.65801]}},{"type":"Feature","properties":{"id":2,"size":4.39,"time":"2024-01-05T14:21:18.281Z","class":"rock"},"geometry":{"type":"Point","coordinates":[137.379891,-4.673213]}},{"type":"Feature","properties":{"id":3,"size":0.12000000000000001,"time":"2024-01-08T22:33:12.559Z","class":"rock"},"geometry":{"type":"Point","coordinates":[137.372817,-4.665414]}},{"type":"Feature","properties":{"id":4,"size":0.74,"time":"2024-01-10T01:42:30.424Z","class":"rock"},"geometry":{"type":"Point","coordinates":[137.380097,-4.669719]}},{"type":"Feature","properties":{"id":5,"size":8.16,"time":"2024-01-04T10:39:36.268Z","class":"boulder"},"geometry":{"type":"Point","coordinates":[137.362525,-4.667415]}},{"type":"Feature","properties":{"id":6,"size":3.56,"time":"2024-01-05T23:42:18.602Z","class":"rock"},"geometry":{"type":"Point","coordinates":[137.363524,-4.667439]}},{"type":"Feature","properties":{"id":7,"size":0.12000000000000001,"time":"2024-01-13T00:53:40.771Z","class":"rock"},"geometry":{"type":"Point","coordinates":[137.363463,-4.66854]}},{"type":"Feature","properties":{"id":8,"size":6.27,"time":"2024-01-09T04:24:22.723Z","class":"boulder"},"geometry":{"type":"Point","coordinates":[137.37828,-4.668699]}},{"type":"Feature","properties":{"id":9,"size":1.74,"time":"2024-01-10T17:43:27.498Z","class":"rock"},"geometry":{"type":"Point","coordinates":[137.379069,-4.658962]}},{"type":"Feature","properties":{"id":10,"size":0.12000000000000001,"time":"2024-01-16T05:52:58.010Z","class":"rock"},"geometry":{"type":"Point","coordinates":[137.372372,-4.679203]}},{"type":"Feature","properties":{"id":11,"size":6.619999999999999,"time":"2024-01-01T02:40:09.221Z","class":"boulder"},"geometry":{"type":"Point","coordinates":[137.379594,-4.655519]}},{"type":"Feature","properties":{"id":12,"size":0.11,"time":"2024-01-08T12:26:17.296Z","class":"rock"},"geometry":{"type":"Point","coordinates":[137.370544,-4.676416]}},{"type":"Feature","properties":{"id":13,"size":0.21000000000000002,"time":"2024-01-03T21:18:33.717Z","class":"rock"},"geometry":{"type":"Point","coordinates":[137.375904,-4.662164]}},{"type":"Feature","properties":{"id":14,"size":7.54,"time":"2024-01-26T20:27:52.751Z","class":"boulder"},"geometry":{"type":"Point","coordinates":[137.371885,-4.664599]}},{"type":"Feature","properties":{"id":15,"size":0.28,"time":"2024-01-28T22:18:00.103Z","class":"rock"},"geometry":{"type":"Point","coordinates":[137.362236,-4.669685]}},{"type":"Feature","properties":{"id":16,"size":0.1,"time":"2024-01-02T02:20:52.959Z","class":"rock"},"geometry":{"type":"Point","coordinates":[137.363197,-4.671407]}},{"type":"Feature","properties":{"id":17,"size":0.13,"time":"2024-01-25T15:14:58.920Z","class":"rock"},"geometry":{"type":"Point","coordinates":[137.367743,-4.673125]}},{"type":"Feature","properties":{"id":18,"size":0.25,"time":"2024-01-17T01:56:54.967Z","class":"rock"},"geometry":{"type":"Point","coordinates":[137.362313,-4.668822]}},{"type":"Feature","properties":{"id":19,"size":0.19,"time":"2024-01-19T22:50:23.546Z","class":"rock"},"geometry":{"type":"Point","coordinates":[137.375887,-4.676988]}},{"type":"Feature","properties":{"id":20,"size":0.56,"time":"2024-01-11T15:18:33.009Z","class":"rock"},"geometry":{"type":"Point","coordinates":[137.371383,-4.679683]}},{"type":"Feature","properties":{"id":21,"size":0.12000000000000001,"time":"2024-01-03T02:32:39.223Z","class":"rock"},"geometry":{"type":"Point","coordinates":[137.369369,-4.679115]}},{"type":"Feature","properties":{"id":22,"size":0.31,"time":"2024-01-20T05:51:44.134Z","class":"rock"},"geometry":{"type":"Point","coordinates":[137.362829,-4.663789]}},{"type":"Feature","properties":{"id":23,"size":3.23,"time":"2024-01-02T08:42:53.489Z","class":"rock"},"geometry":{"type":"Point","coordinates":[137.382728,-4.668585]}},{"type":"Feature","properties":{"id":24,"size":9.35,"time":"2024-01-01T10:34:25.955Z","class":"boulder"},"geometry":{"type":"Point","coordinates":[137.372075,-4.66305]}},{"type":"Feature","properties":{"id":25,"size":2.3200000000000003,"time":"2024-01-16T17:19:24.243Z","class":"rock"},"geometry":{"type":"Point","coordinates":[137.362246,-4.670171]}},{"type":"Feature","properties":{"id":26,"size":1.6700000000000002,"time":"2024-01-02T06:33:16.395Z","class":"rock"},"geometry":{"type":"Point","coordinates":[137.362664,-4.671826]}},{"type":"Feature","properties":{"id":27,"size":0.1,"time":"2024-01-03T00:29:37.842Z","class":"rock"},"geometry":{"type":"Point","coordinates":[137.380466,-4.670403]}},{"type":"Feature","properties":{"id":28,"size":3.13,"time":"2024-01-29T17:57:56.092Z","class":"rock"},"geometry":{"type":"Point","coordinates":[137.371155,-4.664993]}},{"type":"Feature","properties":{"id":29,"size":1.8800000000000001,"time":"2024-01-12T05:50:42.544Z","class":"rock"},"geometry":{"type":"Point","coordinates":[137.364657,-4.669492]}},{"type":"Feature","properties":{"id":30,"size":1.75,"time":"2024-01-21T14:03:02.966Z","class":"rock"},"geometry":{"type":"Point","coordinates":[137.370984,-4.678195]}},{"type":"Feature","properties":{"id":31,"size":0.1,"time":"2024-01-12T23:20:57.008Z","class":"rock"},"geometry":{"type":"Point","coordinates":[137.369938,-4.662659]}},{"type":"Feature","properties":{"id":32,"size":3.5300000000000002,"time":"2024-01-02T00:17:14.728Z","class":"rock"},"geometry":{"type":"Point","coordinates":[137.380032,-4.658442]}},{"type":"Feature","properties":{"id":33,"size":7.569999999999999,"time":"2024-01-26T12:03:57.871Z","class":"boulder"},"geometry":{"type":"Point","coordinates":[137.379147,-4.67127]}},{"type":"Feature","properties":{"id":34,"size":8.28,"time":"2024-01-20T09:18:12.728Z","class":"boulder"},"geometry":{"type":"Point","coordinates":[137.370664,-4.663052]}},{"type":"Feature","properties":{"id":35,"size":0.30000000000000004,"time":"2024-01-01T08:59:37.556Z","class":"rock"},"geometry":{"type":"Point","coordinates":[137.38092,-4.66813]}},{"type":"Feature","properties":{"id":36,"size":2.61,"time":"2024-01-01T23:25:22.960Z","class":"rock"},"geometry":{"type":"Point","coordinates":[137.377659,-4.657433]}},{"type":"Feature","properties":{"id":37,"size":2.79,"time":"2024-01-27T13:46:08.726Z","class":"rock"},"geometry":{"type":"Point","coordinates":[137.379453,-4.674416]}},{"type":"Feature","properties":{"id":38,"size":6.659999999999999,"time":"2024-01-12T18:20:36.859Z","class":"boulder"},"geometry":{"type":"Point","coordinates":[137.378839,-4.668509]}},{"type":"Feature","properties":{"id":39,"size":0.14,"time":"2024-01-27T18:41:12.288Z","class":"rock"},"geometry":{"type":"Point","coordinates":[137.374309,-4.673161]}},{"type":"Feature","properties":{"id":40,"size":4.47,"time":"2024-01-19T19:50:38.254Z","class":"rock"},"geometry":{"type":"Point","coordinates":[137.362563,-4.667643]}},{"type":"Feature","properties":{"id":41,"size":4.92,"time":"2024-01-24T09:51:22.370Z","class":"rock"},"geometry":{"type":"Point","coordinates":[137.362476,-4.677855]}},{"type":"Feature","properties":{"id":42,"size":0.38,"time":"2024-01-29T02:39:37.983Z","class":"rock"},"geometry":{"type":"Point","coordinates":[137.381318,-4.657908]}},{"type":"Feature","properties":{"id":43,"size":2.98,"time":"2024-01-15T02:41:54.983Z","class":"rock"},"geometry":{"type":"Point","coordinates":[137.373434,-4.663076]}},{"type":"Feature","properties":{"id":44,"size":2.3200000000000003,"time":"2024-01-06T22:17:57.260Z","class":"rock"},"geometry":{"type":"Point","coordinates":[137.369479,-4.660775]}},{"type":"Feature","properties":{"id":45,"size":0.1,"time":"2024-01-14T11:46:08.680Z","class":"rock"},"geometry":{"type":"Point","coordinates":[137.381451,-4.667762]}},{"type":"Feature","properties":{"id":46,"size":5.34,"time":"2024-01-28T04:34:25.416Z","class":"boulder"},"geometry":{"type":"Point","coordinates":[137.370886,-4.67886]}},{"type":"Feature","properties":{"id":47,"size":2.83,"time":"2024-01-16T10:58:31.042Z","class":"rock"},"geometry":{"type":"Point","coordinates":[137.378326,-4.657646]}},{"type":"Feature","properties":{"id":48,"size":1.81,"time":"2024-01-11T05:24:21.559Z","class":"rock"},"geometry":{"type":"Point","coordinates":[137.373042,-4.676169]}},{"type":"Feature","properties":{"id":49,"size":2.56,"time":"2024-01-18T13:48:54.177Z","class":"rock"},"geometry":{"type":"Point","coordinates":[137.379533,-4.658861]}},{"type":"Feature","properties":{"id":50,"size":1.23,"time":"2024-01-01T03:24:44.502Z","class":"rock"},"geometry":{"type":"Point","coordinates":[137.372411,-4.663141]}},{"type":"Feature","properties":{"id":51,"size":1.4700000000000002,"time":"2024-01-13T02:52:08.667Z","class":"rock"},"geometry":{"type":"Point","coordinates":[137.373942,-4.664552]}},{"type":"Feature","properties":{"id":52,"size":0.4,"time":"2024-01-03T12:03:47.916Z","class":"rock"},"geometry":{"type":"Point","coordinates":[137.371389,-4.676279]}},{"type":"Feature","properties":{"id":53,"size":0.1,"time":"2024-01-08T18:04:37.524Z","class":"rock"},"geometry":{"type":"Point","coordinates":[137.361516,-4.669484]}},{"type":"Feature","properties":{"id":54,"size":5.9399999999999995,"time":"2024-01-26T19:33:09.822Z","class":"boulder"},"geometry":{"type":"Point","coordinates":[137.360988,-4.671071]}},{"type":"Feature","properties":{"id":55,"size":0.16,"time":"2024-01-19T18:08:17.391Z","class":"rock"},"geometry":{"type":"Point","coordinates":[137.361464,-4.66934]}},{"type":"Feature","properties":{"id":56,"size":5.52,"time":"2024-01-03T13:19:03.796Z","class":"boulder"},"geometry":{"type":"Point","coordinates":[137.379162,-4.668587]}},{"type":"Feature","properties":{"id":57,"size":6.7299999999999995,"time":"2024-01-16T08:18:20.210Z","class":"boulder"},"geometry":{"type":"Point","coordinates":[137.370962,-4.670959]}},{"type":"Feature","properties":{"id":58,"size":7.1499999999999995,"time":"2024-01-13T10:36:23.002Z","class":"boulder"},"geometry":{"type":"Point","coordinates":[137.370062,-4.663119]}},{"type":"Feature","properties":{"id":59,"size":1.3800000000000001,"time":"2024-01-15T02:09:06.313Z","class":"rock"},"geometry":{"type":"Point","coordinates":[137.372008,-4.679441]}},{"type":"Feature","properties":{"id":60,"size":0.35,"time":"2024-01-03T22:37:20.937Z","class":"rock"},"geometry":{"type":"Point","coordinates":[137.364312,-4.669542]}},{"type":"Feature","properties":{"id":61,"size":7.699999999999999,"time":"2024-01-23T08:51:36.728Z","class":"boulder"},"geometry":{"type":"Point","coordinates":[137.378561,-4.669239]}},{"type":"Feature","properties":{"id":62,"size":0.1,"time":"2024-01-10T21:01:24.468Z","class":"rock"},"geometry":{"type":"Point","coordinates":[137.380016,-4.657412]}},{"type":"Feature","properties":{"id":63,"size":1.75,"time":"2024-01-30T07:08:29.397Z","class":"rock"},"geometry":{"type":"Point","coordinates":[137.379833,-4.658808]}},{"type":"Feature","properties":{"id":64,"size":2.07,"time":"2024-01-20T06:57:27.589Z","class":"rock"},"geometry":{"type":"Point","coordinates":[137.367759,-4.668261]}},{"type":"Feature","properties":{"id":65,"size":0.47,"time":"2024-01-23T19:06:56.645Z","class":"rock"},"geometry":{"type":"Point","coordinates":[137.379776,-4.667194]}},{"type":"Feature","properties":{"id":66,"size":5.659999999999999,"time":"2024-01-14T04:57:40.296Z","class":"boulder"},"geometry":{"type":"Point","coordinates":[137.379724,-4.661081]}},{"type":"Feature","properties":{"id":67,"size":5.9399999999999995,"time":"2024-01-19T18:21:08.417Z","class":"boulder"},"geometry":{"type":"Point","coordinates":[137.379425,-4.658631]}},{"type":"Feature","properties":{"id":68,"size":2.03,"time":"2024-01-02T10:17:11.036Z","class":"rock"},"geometry":{"type":"Point","coordinates":[137.360111,-4.665185]}},{"type":"Feature","properties":{"id":69,"size":0.66,"time":"2024-01-02T07:34:29.395Z","class":"rock"},"geometry":{"type":"Point","coordinates":[137.374617,-4.676983]}},{"type":"Feature","properties":{"id":70,"size":2.81,"time":"2024-01-19T11:41:46.709Z","class":"rock"},"geometry":{"type":"Point","coordinates":[137.36454,-4.669599]}},{"type":"Feature","properties":{"id":71,"size":0.33999999999999997,"time":"2024-01-13T03:11:29.503Z","class":"rock"},"geometry":{"type":"Point","coordinates":[137.37351,-4.676226]}},{"type":"Feature","properties":{"id":72,"size":4.739999999999999,"time":"2024-01-03T16:59:14.697Z","class":"rock"},"geometry":{"type":"Point","coordinates":[137.377466,-4.675487]}},{"type":"Feature","properties":{"id":73,"size":1.81,"time":"2024-01-05T03:15:25.883Z","class":"rock"},"geometry":{"type":"Point","coordinates":[137.372887,-4.664281]}},{"type":"Feature","properties":{"id":74,"size":0.95,"time":"2024-01-07T00:40:36.113Z","class":"rock"},"geometry":{"type":"Point","coordinates":[137.36658,-4.676991]}},{"type":"Feature","properties":{"id":75,"size":4.949999999999999,"time":"2024-01-17T15:18:16.323Z","class":"rock"},"geometry":{"type":"Point","coordinates":[137.374532,-4.677476]}},{"type":"Feature","properties":{"id":76,"size":5.71,"time":"2024-01-20T20:20:43.412Z","class":"boulder"},"geometry":{"type":"Point","coordinates":[137.363304,-4.668422]}},{"type":"Feature","properties":{"id":77,"size":4.159999999999999,"time":"2024-01-21T21:22:18.208Z","class":"rock"},"geometry":{"type":"Point","coordinates":[137.371216,-4.665279]}},{"type":"Feature","properties":{"id":78,"size":3.5500000000000003,"time":"2024-01-07T09:15:54.815Z","class":"rock"},"geometry":{"type":"Point","coordinates":[137.371168,-4.677034]}},{"type":"Feature","properties":{"id":79,"size":0.15000000000000002,"time":"2024-01-30T05:53:03.125Z","class":"rock"},"geometry":{"type":"Point","coordinates":[137.374356,-4.659803]}},{"type":"Feature","properties":{"id":80,"size":0.12000000000000001,"time":"2024-01-04T16:59:14.966Z","class":"rock"},"geometry":{"type":"Point","coordinates":[137.371721,-4.66394]}},{"type":"Feature","properties":{"id":81,"size":0.30000000000000004,"time":"2024-01-21T16:05:30.981Z","class":"rock"},"geometry":{"type":"Point","coordinates":[137.371527,-4.663226]}},{"type":"Feature","properties":{"id":82,"size":9.83,"time":"2024-01-23T17:03:20.265Z","class":"boulder"},"geometry":{"type":"Point","coordinates":[137.369595,-4.668494]}},{"type":"Feature","properties":{"id":83,"size":2.17,"time":"2024-01-04T00:38:35.537Z","class":"rock"},"geometry":{"type":"Point","coordinates":[137.363192,-4.669023]}},{"type":"Feature","properties":{"id":84,"size":8.9,"time":"2024-01-20T13:28:10.684Z","class":"boulder"},"geometry":{"type":"Point","coordinates":[137.378717,-4.669328]}},{"type":"Feature","properties":{"id":85,"size":0.44999999999999996,"time":"2024-01-27T09:16:06.186Z","class":"rock"},"geometry":{"type":"Point","coordinates":[137.375056,-4.663061]}},{"type":"Feature","properties":{"id":86,"size":5.25,"time":"2024-01-29T03:36:49.294Z","class":"boulder"},"geometry":{"type":"Point","coordinates":[137.36995,-4.671333]}},{"type":"Feature","properties":{"id":87,"size":1.23,"time":"2024-01-12T20:33:53.047Z","class":"rock"},"geometry":{"type":"Point","coordinates":[137.361279,-4.661144]}},{"type":"Feature","properties":{"id":88,"size":1.7200000000000002,"time":"2024-01-02T04:59:55.322Z","class":"rock"},"geometry":{"type":"Point","coordinates":[137.372475,-4.662071]}},{"type":"Feature","properties":{"id":89,"size":0.1,"time":"2024-01-24T09:52:51.340Z","class":"rock"},"geometry":{"type":"Point","coordinates":[137.370714,-4.66431]}},{"type":"Feature","properties":{"id":90,"size":7.31,"time":"2024-01-20T23:07:17.524Z","class":"boulder"},"geometry":{"type":"Point","coordinates":[137.375614,-4.659466]}},{"type":"Feature","properties":{"id":91,"size":0.15000000000000002,"time":"2024-01-23T09:32:07.130Z","class":"rock"},"geometry":{"type":"Point","coordinates":[137.363859,-4.670826]}},{"type":"Feature","properties":{"id":92,"size":0.1,"time":"2024-01-13T04:13:43.033Z","class":"rock"},"geometry":{"type":"Point","coordinates":[137.380226,-4.667805]}},{"type":"Feature","properties":{"id":93,"size":1.76,"time":"2024-01-29T20:18:12.611Z","class":"rock"},"geometry":{"type":"Point","coordinates":[137.379652,-4.667931]}},{"type":"Feature","properties":{"id":94,"size":0.99,"time":"2024-01-15T20:53:03.520Z","class":"rock"},"geometry":{"type":"Point","coordinates":[137.371789,-4.664676]}},{"type":"Feature","properties":{"id":95,"size":2.3400000000000003,"time":"2024-01-11T18:12:04.005Z","class":"rock"},"geometry":{"type":"Point","coordinates":[137.380931,-4.658576]}},{"type":"Feature","properties":{"id":96,"size":0.12000000000000001,"time":"2024-01-23T05:01:02.108Z","class":"rock"},"geometry":{"type":"Point","coordinates":[137.363272,-4.667639]}},{"type":"Feature","properties":{"id":97,"size":4.409999999999999,"time":"2024-01-08T05:54:30.251Z","class":"rock"},"geometry":{"type":"Point","coordinates":[137.362483,-4.669039]}},{"type":"Feature","properties":{"id":98,"size":9.879999999999999,"time":"2024-01-14T00:33:21.990Z","class":"boulder"},"geometry":{"type":"Point","coordinates":[137.379188,-4.658635]}},{"type":"Feature","properties":{"id":99,"size":3.38,"time":"2024-01-03T08:42:19.552Z","class":"rock"},"geometry":{"type":"Point","coordinates":[137.362241,-4.668378]}},{"type":"Feature","properties":{"id":100,"size":0.78,"time":"2024-01-29T12:51:31.391Z","class":"rock"},"geometry":{"type":"Point","coordinates":[137.378726,-4.661669]}},{"type":"Feature","properties":{"id":101,"size":0.28,"time":"2024-01-29T17:54:47.376Z","class":"rock"},"geometry":{"type":"Point","coordinates":[137.374465,-4.663961]}},{"type":"Feature","properties":{"id":102,"size":0.1,"time":"2024-01-11T11:01:58.719Z","class":"rock"},"geometry":{"type":"Point","coordinates":[137.373944,-4.678697]}},{"type":"Feature","properties":{"id":103,"size":0.28,"time":"2024-01-29T17:45:36.025Z","class":"rock"},"geometry":{"type":"Point","coordinates":[137.361137,-4.668341]}},{"type":"Feature","properties":{"id":104,"size":2.3400000000000003,"time":"2024-01-21T07:17:49.210Z","class":"rock"},"geometry":{"type":"Point","coordinates":[137.380263,-4.668944]}},{"type":"Feature","properties":{"id":105,"size":0.38,"time":"2024-01-23T02:42:37.828Z","class":"rock"},"geometry":{"type":"Point","coordinates":[137.365334,-4.671199]}},{"type":"Feature","properties":{"id":106,"size":9.709999999999999,"time":"2024-01-22T11:24:29.493Z","class":"boulder"},"geometry":{"type":"Point","coordinates":[137.371365,-4.663689]}},{"type":"Feature","properties":{"id":107,"size":4.63,"time":"2024-01-06T11:01:14.010Z","class":"rock"},"geometry":{"type":"Point","coordinates":[137.371187,-4.677742]}},{"type":"Feature","properties":{"id":108,"size":0.11,"time":"2024-01-14T08:14:48.581Z","class":"rock"},"geometry":{"type":"Point","coordinates":[137.372215,-4.678366]}},{"type":"Feature","properties":{"id":109,"size":7.409999999999999,"time":"2024-01-20T09:33:36.395Z","class":"boulder"},"geometry":{"type":"Point","coordinates":[137.379955,-4.657279]}},{"type":"Feature","properties":{"id":110,"size":0.12000000000000001,"time":"2024-01-12T07:53:51.877Z","class":"rock"},"geometry":{"type":"Point","coordinates":[137.366281,-4.671558]}},{"type":"Feature","properties":{"id":111,"size":2.8400000000000003,"time":"2024-01-19T00:08:49.884Z","class":"rock"},"geometry":{"type":"Point","coordinates":[137.37303,-4.673464]}},{"type":"Feature","properties":{"id":112,"size":3.38,"time":"2024-01-20T13:19:29.324Z","class":"rock"},"geometry":{"type":"Point","coordinates":[137.363272,-4.669443]}},{"type":"Feature","properties":{"id":113,"size":6.359999999999999,"time":"2024-01-21T04:01:50.141Z","class":"boulder"},"geometry":{"type":"Point","coordinates":[137.37809,-4.659702]}},{"type":"Feature","properties":{"id":114,"size":2.02,"time":"2024-01-01T12:45:24.242Z","class":"rock"},"geometry":{"type":"Point","coordinates":[137.380065,-4.65853]}},{"type":"Feature","properties":{"id":115,"size":2.11,"time":"2024-01-09T17:01:30.346Z","class":"rock"},"geometry":{"type":"Point","coordinates":[137.375209,-4.661008]}},{"type":"Feature","properties":{"id":116,"size":0.11,"time":"2024-01-22T16:19:05.955Z","class":"rock"},"geometry":{"type":"Point","coordinates":[137.363753,-4.664786]}},{"type":"Feature","properties":{"id":117,"size":0.31,"time":"2024-01-11T14:34:36.858Z","class":"rock"},"geometry":{"type":"Point","coordinates":[137.378084,-4.659015]}},{"type":"Feature","properties":{"id":118,"size":0.23,"time":"2024-01-19T00:24:25.991Z","class":"rock"},"geometry":{"type":"Point","coordinates":[137.381942,-4.667699]}},{"type":"Feature","properties":{"id":119,"size":0.28,"time":"2024-01-12T21:58:36.185Z","class":"rock"},"geometry":{"type":"Point","coordinates":[137.373595,-4.678693]}},{"type":"Feature","properties":{"id":120,"size":9.28,"time":"2024-01-13T09:01:55.484Z","class":"boulder"},"geometry":{"type":"Point","coordinates":[137.363603,-4.668986]}},{"type":"Feature","properties":{"id":121,"size":0.1,"time":"2024-01-12T05:22:10.333Z","class":"rock"},"geometry":{"type":"Point","coordinates":[137.370617,-4.66967]}},{"type":"Feature","properties":{"id":122,"size":0.1,"time":"2024-01-22T02:18:48.862Z","class":"rock"},"geometry":{"type":"Point","coordinates":[137.378664,-4.659758]}},{"type":"Feature","properties":{"id":123,"size":9.36,"time":"2024-01-01T05:56:33.299Z","class":"boulder"},"geometry":{"type":"Point","coordinates":[137.374733,-4.679323]}},{"type":"Feature","properties":{"id":124,"size":5.869999999999999,"time":"2024-01-11T18:08:36.122Z","class":"boulder"},"geometry":{"type":"Point","coordinates":[137.371699,-4.678896]}},{"type":"Feature","properties":{"id":125,"size":1.37,"time":"2024-01-20T10:39:58.981Z","class":"rock"},"geometry":{"type":"Point","coordinates":[137.362405,-4.677693]}},{"type":"Feature","properties":{"id":126,"size":1.1900000000000002,"time":"2024-01-04T07:13:08.328Z","class":"rock"},"geometry":{"type":"Point","coordinates":[137.372009,-4.662282]}},{"type":"Feature","properties":{"id":127,"size":5,"time":"2024-01-06T17:32:01.837Z","class":"rock"},"geometry":{"type":"Point","coordinates":[137.373783,-4.679742]}},{"type":"Feature","properties":{"id":128,"size":0.75,"time":"2024-01-12T16:31:00.267Z","class":"rock"},"geometry":{"type":"Point","coordinates":[137.36682,-4.667952]}},{"type":"Feature","properties":{"id":129,"size":1.1800000000000002,"time":"2024-01-25T19:58:36.280Z","class":"rock"},"geometry":{"type":"Point","coordinates":[137.367156,-4.669351]}},{"type":"Feature","properties":{"id":130,"size":0.38,"time":"2024-01-25T14:43:20.844Z","class":"rock"},"geometry":{"type":"Point","coordinates":[137.374897,-4.661665]}},{"type":"Feature","properties":{"id":131,"size":0.1,"time":"2024-01-26T00:39:33.840Z","class":"rock"},"geometry":{"type":"Point","coordinates":[137.372226,-4.675741]}},{"type":"Feature","properties":{"id":132,"size":0.52,"time":"2024-01-14T23:34:37.861Z","class":"rock"},"geometry":{"type":"Point","coordinates":[137.361177,-4.668913]}},{"type":"Feature","properties":{"id":133,"size":1.04,"time":"2024-01-28T22:04:12.664Z","class":"rock"},"geometry":{"type":"Point","coordinates":[137.370657,-4.664247]}},{"type":"Feature","properties":{"id":134,"size":1.3,"time":"2024-01-28T15:56:30.907Z","class":"rock"},"geometry":{"type":"Point","coordinates":[137.381787,-4.666938]}},{"type":"Feature","properties":{"id":135,"size":0.96,"time":"2024-01-19T01:15:29.293Z","class":"rock"},"geometry":{"type":"Point","coordinates":[137.374762,-4.663557]}},{"type":"Feature","properties":{"id":136,"size":1.54,"time":"2024-01-04T17:02:23.668Z","class":"rock"},"geometry":{"type":"Point","coordinates":[137.378794,-4.668869]}},{"type":"Feature","properties":{"id":137,"size":0.13,"time":"2024-01-07T17:34:25.434Z","class":"rock"},"geometry":{"type":"Point","coordinates":[137.374319,-4.677568]}},{"type":"Feature","properties":{"id":138,"size":0.43000000000000005,"time":"2024-01-23T14:29:48.432Z","class":"rock"},"geometry":{"type":"Point","coordinates":[137.361008,-4.663044]}},{"type":"Feature","properties":{"id":139,"size":1.04,"time":"2024-01-05T07:33:23.260Z","class":"rock"},"geometry":{"type":"Point","coordinates":[137.379233,-4.670624]}},{"type":"Feature","properties":{"id":140,"size":2.93,"time":"2024-01-05T08:20:46.403Z","class":"rock"},"geometry":{"type":"Point","coordinates":[137.363962,-4.669015]}},{"type":"Feature","properties":{"id":141,"size":0.1,"time":"2024-01-24T12:14:16.069Z","class":"rock"},"geometry":{"type":"Point","coordinates":[137.360842,-4.675601]}},{"type":"Feature","properties":{"id":142,"size":0.83,"time":"2024-01-25T12:22:53.156Z","class":"rock"},"geometry":{"type":"Point","coordinates":[137.362682,-4.668521]}},{"type":"Feature","properties":{"id":143,"size":6.01,"time":"2024-01-21T21:14:26.321Z","class":"boulder"},"geometry":{"type":"Point","coordinates":[137.376241,-4.662297]}},{"type":"Feature","properties":{"id":144,"size":3.96,"time":"2024-01-02T03:36:45.317Z","class":"rock"},"geometry":{"type":"Point","coordinates":[137.361684,-4.667515]}},{"type":"Feature","properties":{"id":145,"size":6.159999999999999,"time":"2024-01-30T19:58:02.227Z","class":"boulder"},"geometry":{"type":"Point","coordinates":[137.362698,-4.670277]}},{"type":"Feature","properties":{"id":146,"size":0.43000000000000005,"time":"2024-01-10T18:56:50.311Z","class":"rock"},"geometry":{"type":"Point","coordinates":[137.380318,-4.658322]}},{"type":"Feature","properties":{"id":147,"size":8.41,"time":"2024-01-12T21:58:28.591Z","class":"boulder"},"geometry":{"type":"Point","coordinates":[137.379903,-4.658425]}},{"type":"Feature","properties":{"id":148,"size":1.98,"time":"2024-01-28T13:47:21.533Z","class":"rock"},"geometry":{"type":"Point","coordinates":[137.363163,-4.667311]}},{"type":"Feature","properties":{"id":149,"size":9.18,"time":"2024-01-17T16:49:59.368Z","class":"boulder"},"geometry":{"type":"Point","coordinates":[137.380547,-4.667492]}},{"type":"Feature","properties":{"id":150,"size":8.36,"time":"2024-01-28T18:06:49.472Z","class":"boulder"},"geometry":{"type":"Point","coordinates":[137.38164,-4.670263]}},{"type":"Feature","properties":{"id":151,"size":3.56,"time":"2024-01-18T16:22:27.659Z","class":"rock"},"geometry":{"type":"Point","coordinates":[137.373323,-4.679998]}},{"type":"Feature","properties":{"id":152,"size":0.36,"time":"2024-01-18T07:57:05.421Z","class":"rock"},"geometry":{"type":"Point","coordinates":[137.370684,-4.665146]}},{"type":"Feature","properties":{"id":153,"size":0.12000000000000001,"time":"2024-01-27T17:25:01.834Z","class":"rock"},"geometry":{"type":"Point","coordinates":[137.36351,-4.668899]}},{"type":"Feature","properties":{"id":154,"size":1.4400000000000002,"time":"2024-01-19T04:56:22.296Z","class":"rock"},"geometry":{"type":"Point","coordinates":[137.362824,-4.669674]}},{"type":"Feature","properties":{"id":155,"size":0.97,"time":"2024-01-08T14:09:20.320Z","class":"rock"},"geometry":{"type":"Point","coordinates":[137.362139,-4.670714]}},{"type":"Feature","properties":{"id":156,"size":0.26,"time":"2024-01-04T23:49:20.949Z","class":"rock"},"geometry":{"type":"Point","coordinates":[137.372259,-4.676697]}},{"type":"Feature","properties":{"id":157,"size":0.15000000000000002,"time":"2024-01-28T08:44:01.001Z","class":"rock"},"geometry":{"type":"Point","coordinates":[137.375904,-4.669171]}},{"type":"Feature","properties":{"id":158,"size":0.53,"time":"2024-01-13T07:59:55.898Z","class":"rock"},"geometry":{"type":"Point","coordinates":[137.381841,-4.668081]}},{"type":"Feature","properties":{"id":159,"size":8.23,"time":"2024-01-11T06:05:48.979Z","class":"boulder"},"geometry":{"type":"Point","coordinates":[137.372262,-4.662946]}},{"type":"Feature","properties":{"id":160,"size":7.64,"time":"2024-01-14T09:00:44.186Z","class":"boulder"},"geometry":{"type":"Point","coordinates":[137.369186,-4.668411]}},{"type":"Feature","properties":{"id":161,"size":0.23,"time":"2024-01-19T00:05:32.387Z","class":"rock"},"geometry":{"type":"Point","coordinates":[137.371402,-4.664255]}},{"type":"Feature","properties":{"id":162,"size":0.23,"time":"2024-01-04T16:50:08.283Z","class":"rock"},"geometry":{"type":"Point","coordinates":[137.36236,-4.666092]}},{"type":"Feature","properties":{"id":163,"size":2.58,"time":"2024-01-27T19:27:02.561Z","class":"rock"},"geometry":{"type":"Point","coordinates":[137.372225,-4.663991]}},{"type":"Feature","properties":{"id":164,"size":0.16,"time":"2024-01-18T22:14:38.024Z","class":"rock"},"geometry":{"type":"Point","coordinates":[137.362433,-4.671003]}},{"type":"Feature","properties":{"id":165,"size":0.1,"time":"2024-01-28T02:54:21.224Z","class":"rock"},"geometry":{"type":"Point","coordinates":[137.362932,-4.66879]}},{"type":"Feature","properties":{"id":166,"size":0.1,"time":"2024-01-24T00:32:51.009Z","class":"rock"},"geometry":{"type":"Point","coordinates":[137.370583,-4.663967]}},{"type":"Feature","properties":{"id":167,"size":1.99,"time":"2024-01-26T10:49:55.906Z","class":"rock"},"geometry":{"type":"Point","coordinates":[137.372897,-4.676427]}},{"type":"Feature","properties":{"id":168,"size":9.959999999999999,"time":"2024-01-18T08:57:22.126Z","class":"boulder"},"geometry":{"type":"Point","coordinates":[137.373641,-4.662578]}},{"type":"Feature","properties":{"id":169,"size":4.569999999999999,"time":"2024-01-13T19:50:04.124Z","class":"rock"},"geometry":{"type":"Point","coordinates":[137.363762,-4.66922]}},{"type":"Feature","properties":{"id":170,"size":0.1,"time":"2024-01-05T09:10:32.792Z","class":"rock"},"geometry":{"type":"Point","coordinates":[137.363667,-4.669234]}},{"type":"Feature","properties":{"id":171,"size":0.1,"time":"2024-01-12T21:19:23.155Z","class":"rock"},"geometry":{"type":"Point","coordinates":[137.377586,-4.659719]}},{"type":"Feature","properties":{"id":172,"size":0.38,"time":"2024-01-22T05:19:04.148Z","class":"rock"},"geometry":{"type":"Point","coordinates":[137.366176,-4.663584]}},{"type":"Feature","properties":{"id":173,"size":4.13,"time":"2024-01-27T07:00:52.403Z","class":"rock"},"geometry":{"type":"Point","coordinates":[137.38085,-4.668496]}},{"type":"Feature","properties":{"id":174,"size":1.03,"time":"2024-01-02T15:58:57.989Z","class":"rock"},"geometry":{"type":"Point","coordinates":[137.379633,-4.675771]}},{"type":"Feature","properties":{"id":175,"size":8.57,"time":"2024-01-29T11:35:22.952Z","class":"boulder"},"geometry":{"type":"Point","coordinates":[137.369875,-4.676402]}},{"type":"Feature","properties":{"id":176,"size":1.51,"time":"2024-01-15T15:40:13.589Z","class":"rock"},"geometry":{"type":"Point","coordinates":[137.36189,-4.671026]}},{"type":"Feature","properties":{"id":177,"size":0.13,"time":"2024-01-29T21:07:51.805Z","class":"rock"},"geometry":{"type":"Point","coordinates":[137.380528,-4.670545]}},{"type":"Feature","properties":{"id":178,"size":0.76,"time":"2024-01-06T21:13:26.332Z","class":"rock"},"geometry":{"type":"Point","coordinates":[137.371516,-4.677097]}},{"type":"Feature","properties":{"id":179,"size":1.09,"time":"2024-01-24T01:48:41.536Z","class":"rock"},"geometry":{"type":"Point","coordinates":[137.378737,-4.659905]}},{"type":"Feature","properties":{"id":180,"size":5.13,"time":"2024-01-20T09:52:39.154Z","class":"boulder"},"geometry":{"type":"Point","coordinates":[137.361875,-4.668881]}},{"type":"Feature","properties":{"id":181,"size":0.38,"time":"2024-01-08T21:23:54.103Z","class":"rock"},"geometry":{"type":"Point","coordinates":[137.362537,-4.671041]}},{"type":"Feature","properties":{"id":182,"size":0.77,"time":"2024-01-14T17:58:52.027Z","class":"rock"},"geometry":{"type":"Point","coordinates":[137.363338,-4.667837]}},{"type":"Feature","properties":{"id":183,"size":0.9199999999999999,"time":"2024-01-22T06:31:57.540Z","class":"rock"},"geometry":{"type":"Point","coordinates":[137.363193,-4.668492]}},{"type":"Feature","properties":{"id":184,"size":4.909999999999999,"time":"2024-01-05T22:35:41.570Z","class":"rock"},"geometry":{"type":"Point","coordinates":[137.366403,-4.661771]}},{"type":"Feature","properties":{"id":185,"size":0.58,"time":"2024-01-09T20:06:13.767Z","class":"rock"},"geometry":{"type":"Point","coordinates":[137.365266,-4.663374]}},{"type":"Feature","properties":{"id":186,"size":0.33999999999999997,"time":"2024-01-17T23:04:01.665Z","class":"rock"},"geometry":{"type":"Point","coordinates":[137.376141,-4.673525]}},{"type":"Feature","properties":{"id":187,"size":0.12000000000000001,"time":"2024-01-08T14:50:07.682Z","class":"rock"},"geometry":{"type":"Point","coordinates":[137.371704,-4.662994]}},{"type":"Feature","properties":{"id":188,"size":0.98,"time":"2024-01-22T11:54:42.008Z","class":"rock"},"geometry":{"type":"Point","coordinates":[137.364146,-4.667806]}},{"type":"Feature","properties":{"id":189,"size":0.1,"time":"2024-01-12T00:53:55.100Z","class":"rock"},"geometry":{"type":"Point","coordinates":[137.380352,-4.658671]}},{"type":"Feature","properties":{"id":190,"size":0.14,"time":"2024-01-19T14:20:42.318Z","class":"rock"},"geometry":{"type":"Point","coordinates":[137.379062,-4.668558]}},{"type":"Feature","properties":{"id":191,"size":0.11,"time":"2024-01-06T23:37:33.544Z","class":"rock"},"geometry":{"type":"Point","coordinates":[137.361414,-4.658007]}},{"type":"Feature","properties":{"id":192,"size":6.17,"time":"2024-01-14T12:37:50.550Z","class":"boulder"},"geometry":{"type":"Point","coordinates":[137.370938,-4.664264]}},{"type":"Feature","properties":{"id":193,"size":5.08,"time":"2024-01-28T06:59:10.033Z","class":"boulder"},"geometry":{"type":"Point","coordinates":[137.36147,-4.671005]}},{"type":"Feature","properties":{"id":194,"size":4.39,"time":"2024-01-01T18:15:15.205Z","class":"rock"},"geometry":{"type":"Point","coordinates":[137.373211,-4.665801]}},{"type":"Feature","properties":{"id":195,"size":6.359999999999999,"time":"2024-01-30T08:55:38.888Z","class":"boulder"},"geometry":{"type":"Point","coordinates":[137.363956,-4.668044]}},{"type":"Feature","properties":{"id":196,"size":0.24000000000000002,"time":"2024-01-18T21:38:06.147Z","class":"rock"},"geometry":{"type":"Point","coordinates":[137.376011,-4.658853]}},{"type":"Feature","properties":{"id":197,"size":0.11,"time":"2024-01-18T12:39:45.272Z","class":"rock"},"geometry":{"type":"Point","coordinates":[137.369867,-4.664954]}},{"type":"Feature","properties":{"id":198,"size":3.0500000000000003,"time":"2024-01-22T11:06:36.706Z","class":"rock"},"geometry":{"type":"Point","coordinates":[137.362828,-4.668267]}},{"type":"Feature","properties":{"id":199,"size":2.41,"time":"2024-01-04T08:55:09.747Z","class":"rock"},"geometry":{"type":"Point","coordinates":[137.373211,-4.662577]}},{"type":"Feature","properties":{"id":200,"size":0.29000000000000004,"time":"2024-01-24T14:10:55.274Z","class":"rock"},"geometry":{"type":"Point","coordinates":[137.364027,-4.66693]}},{"type":"Feature","properties":{"id":201,"size":0.94,"time":"2024-01-13T17:59:06.243Z","class":"rock"},"geometry":{"type":"Point","coordinates":[137.379173,-4.668142]}},{"type":"Feature","properties":{"id":202,"size":1.75,"time":"2024-01-28T15:22:06.252Z","class":"rock"},"geometry":{"type":"Point","coordinates":[137.380614,-4.65816]}},{"type":"Feature","properties":{"id":203,"size":5.64,"time":"2024-01-05T15:34:11.487Z","class":"boulder"},"geometry":{"type":"Point","coordinates":[137.363697,-4.669542]}},{"type":"Feature","properties":{"id":204,"size":3.88,"time":"2024-01-21T10:31:34.678Z","class":"rock"},"geometry":{"type":"Point","coordinates":[137.378929,-4.672406]}},{"type":"Feature","properties":{"id":205,"size":0.1,"time":"2024-01-11T15:04:44.212Z","class":"rock"},"geometry":{"type":"Point","coordinates":[137.378571,-4.656433]}},{"type":"Feature","properties":{"id":206,"size":0.12000000000000001,"time":"2024-01-28T19:17:47.198Z","class":"rock"},"geometry":{"type":"Point","coordinates":[137.378046,-4.673878]}},{"type":"Feature","properties":{"id":207,"size":4.29,"time":"2024-01-03T21:41:55.619Z","class":"rock"},"geometry":{"type":"Point","coordinates":[137.371321,-4.67914]}},{"type":"Feature","properties":{"id":208,"size":4.38,"time":"2024-01-13T18:58:07.712Z","class":"rock"},"geometry":{"type":"Point","coordinates":[137.371708,-4.677625]}},{"type":"Feature","properties":{"id":209,"size":0.32,"time":"2024-01-07T12:11:36.606Z","class":"rock"},"geometry":{"type":"Point","coordinates":[137.378821,-4.657203]}},{"type":"Feature","properties":{"id":210,"size":3.36,"time":"2024-01-03T21:31:39.739Z","class":"rock"},"geometry":{"type":"Point","coordinates":[137.371766,-4.663953]}},{"type":"Feature","properties":{"id":211,"size":1.6700000000000002,"time":"2024-01-01T13:03:32.584Z","class":"rock"},"geometry":{"type":"Point","coordinates":[137.361944,-4.668636]}},{"type":"Feature","properties":{"id":212,"size":4.59,"time":"2024-01-03T23:35:55.969Z","class":"rock"},"geometry":{"type":"Point","coordinates":[137.372888,-4.678231]}},{"type":"Feature","properties":{"id":213,"size":2.99,"time":"2024-01-23T06:10:30.394Z","class":"rock"},"geometry":{"type":"Point","coordinates":[137.362004,-4.667451]}},{"type":"Feature","properties":{"id":214,"size":0.85,"time":"2024-01-09T19:30:12.565Z","class":"rock"},"geometry":{"type":"Point","coordinates":[137.370345,-4.663637]}},{"type":"Feature","properties":{"id":215,"size":0.15000000000000002,"time":"2024-01-01T11:21:23.157Z","class":"rock"},"geometry":{"type":"Point","coordinates":[137.36428,-4.667747]}},{"type":"Feature","properties":{"id":216,"size":0.16,"time":"2024-01-18T16:52:07.746Z","class":"rock"},"geometry":{"type":"Point","coordinates":[137.373329,-4.663345]}},{"type":"Feature","properties":{"id":217,"size":5.1499999999999995,"time":"2024-01-25T07:26:47.860Z","class":"boulder"},"geometry":{"type":"Point","coordinates":[137.372636,-4.673225]}},{"type":"Feature","properties":{"id":218,"size":0.76,"time":"2024-01-03T19:46:09.747Z","class":"rock"},"geometry":{"type":"Point","coordinates":[137.361758,-4.667455]}},{"type":"Feature","properties":{"id":219,"size":9.87,"time":"2024-01-13T17:00:36.779Z","class":"boulder"},"geometry":{"type":"Point","coordinates":[137.362898,-4.670276]}},{"type":"Feature","properties":{"id":220,"size":0.47,"time":"2024-01-02T07:25:52.251Z","class":"rock"},"geometry":{"type":"Point","coordinates":[137.378072,-4.669874]}},{"type":"Feature","properties":{"id":221,"size":0.17,"time":"2024-01-17T08:36:05.302Z","class":"rock"},"geometry":{"type":"Point","coordinates":[137.379992,-4.658002]}},{"type":"Feature","properties":{"id":222,"size":3.68,"time":"2024-01-28T05:46:29.387Z","class":"rock"},"geometry":{"type":"Point","coordinates":[137.361489,-4.667247]}},{"type":"Feature","properties":{"id":223,"size":2.43,"time":"2024-01-22T10:35:00.733Z","class":"rock"},"geometry":{"type":"Point","coordinates":[137.364136,-4.667612]}},{"type":"Feature","properties":{"id":224,"size":0.11,"time":"2024-01-11T00:54:38.127Z","class":"rock"},"geometry":{"type":"Point","coordinates":[137.381686,-4.669119]}},{"type":"Feature","properties":{"id":225,"size":1.1800000000000002,"time":"2024-01-12T08:11:45.691Z","class":"rock"},"geometry":{"type":"Point","coordinates":[137.373808,-4.664156]}},{"type":"Feature","properties":{"id":226,"size":4.58,"time":"2024-01-30T15:02:54.515Z","class":"rock"},"geometry":{"type":"Point","coordinates":[137.38262,-4.667151]}},{"type":"Feature","properties":{"id":227,"size":8.61,"time":"2024-01-07T23:46:01.010Z","class":"boulder"},"geometry":{"type":"Point","coordinates":[137.371887,-4.662864]}},{"type":"Feature","properties":{"id":228,"size":0.39,"time":"2024-01-04T23:31:49.113Z","class":"rock"},"geometry":{"type":"Point","coordinates":[137.363217,-4.667587]}},{"type":"Feature","properties":{"id":229,"size":1.52,"time":"2024-01-09T03:14:39.497Z","class":"rock"},"geometry":{"type":"Point","coordinates":[137.360446,-4.664224]}},{"type":"Feature","properties":{"id":230,"size":1.7000000000000002,"time":"2024-01-26T07:04:26.648Z","class":"rock"},"geometry":{"type":"Point","coordinates":[137.368445,-4.677428]}},{"type":"Feature","properties":{"id":231,"size":1.07,"time":"2024-01-12T13:08:33.148Z","class":"rock"},"geometry":{"type":"Point","coordinates":[137.382215,-4.668157]}},{"type":"Feature","properties":{"id":232,"size":0.15000000000000002,"time":"2024-01-13T03:19:56.322Z","class":"rock"},"geometry":{"type":"Point","coordinates":[137.370547,-4.66458]}},{"type":"Feature","properties":{"id":233,"size":0.1,"time":"2024-01-26T23:59:51.916Z","class":"rock"},"geometry":{"type":"Point","coordinates":[137.36503,-4.658922]}},{"type":"Feature","properties":{"id":234,"size":4.1,"time":"2024-01-21T11:35:45.628Z","class":"rock"},"geometry":{"type":"Point","coordinates":[137.37988,-4.658727]}},{"type":"Feature","properties":{"id":235,"size":0.43000000000000005,"time":"2024-01-24T16:50:53.032Z","class":"rock"},"geometry":{"type":"Point","coordinates":[137.372996,-4.676695]}},{"type":"Feature","properties":{"id":236,"size":0.51,"time":"2024-01-12T18:56:02.993Z","class":"rock"},"geometry":{"type":"Point","coordinates":[137.380173,-4.659078]}},{"type":"Feature","properties":{"id":237,"size":1.83,"time":"2024-01-15T07:28:58.627Z","class":"rock"},"geometry":{"type":"Point","coordinates":[137.379473,-4.656962]}},{"type":"Feature","properties":{"id":238,"size":0.12000000000000001,"time":"2024-01-22T21:38:29.178Z","class":"rock"},"geometry":{"type":"Point","coordinates":[137.37928,-4.659087]}},{"type":"Feature","properties":{"id":239,"size":5.31,"time":"2024-01-19T10:05:15.976Z","class":"boulder"},"geometry":{"type":"Point","coordinates":[137.362217,-4.664956]}},{"type":"Feature","properties":{"id":240,"size":0.44999999999999996,"time":"2024-01-22T01:00:27.053Z","class":"rock"},"geometry":{"type":"Point","coordinates":[137.380162,-4.668028]}},{"type":"Feature","properties":{"id":241,"size":0.12000000000000001,"time":"2024-01-29T11:36:07.780Z","class":"rock"},"geometry":{"type":"Point","coordinates":[137.373115,-4.664281]}},{"type":"Feature","properties":{"id":242,"size":0.1,"time":"2024-01-15T09:09:42.552Z","class":"rock"},"geometry":{"type":"Point","coordinates":[137.362498,-4.668529]}},{"type":"Feature","properties":{"id":243,"size":0.12000000000000001,"time":"2024-01-10T07:18:18.770Z","class":"rock"},"geometry":{"type":"Point","coordinates":[137.363174,-4.668287]}},{"type":"Feature","properties":{"id":244,"size":4.67,"time":"2024-01-02T06:05:15.545Z","class":"rock"},"geometry":{"type":"Point","coordinates":[137.380493,-4.670207]}},{"type":"Feature","properties":{"id":245,"size":3.14,"time":"2024-01-25T01:09:46.296Z","class":"rock"},"geometry":{"type":"Point","coordinates":[137.363282,-4.668601]}},{"type":"Feature","properties":{"id":246,"size":3.06,"time":"2024-01-24T15:25:58.652Z","class":"rock"},"geometry":{"type":"Point","coordinates":[137.381283,-4.657901]}},{"type":"Feature","properties":{"id":247,"size":0.1,"time":"2024-01-27T14:36:18.729Z","class":"rock"},"geometry":{"type":"Point","coordinates":[137.363118,-4.667995]}},{"type":"Feature","properties":{"id":248,"size":1.6600000000000001,"time":"2024-01-17T22:28:10.942Z","class":"rock"},"geometry":{"type":"Point","coordinates":[137.370427,-4.673884]}},{"type":"Feature","properties":{"id":249,"size":0.7999999999999999,"time":"2024-01-02T15:19:28.181Z","class":"rock"},"geometry":{"type":"Point","coordinates":[137.378125,-4.669142]}},{"type":"Feature","properties":{"id":250,"size":0.14,"time":"2024-01-25T10:46:44.915Z","class":"rock"},"geometry":{"type":"Point","coordinates":[137.371606,-4.662965]}},{"type":"Feature","properties":{"id":251,"size":0.48,"time":"2024-01-01T12:35:27.005Z","class":"rock"},"geometry":{"type":"Point","coordinates":[137.374745,-4.666952]}},{"type":"Feature","properties":{"id":252,"size":3.25,"time":"2024-01-13T02:19:41.691Z","class":"rock"},"geometry":{"type":"Point","coordinates":[137.377201,-4.672619]}},{"type":"Feature","properties":{"id":253,"size":8.99,"time":"2024-01-24T02:34:48.360Z","class":"boulder"},"geometry":{"type":"Point","coordinates":[137.364291,-4.668928]}},{"type":"Feature","properties":{"id":254,"size":3.23,"time":"2024-01-16T08:03:28.268Z","class":"rock"},"geometry":{"type":"Point","coordinates":[137.379962,-4.659983]}},{"type":"Feature","properties":{"id":255,"size":8.65,"time":"2024-01-22T06:00:38.152Z","class":"boulder"},"geometry":{"type":"Point","coordinates":[137.362746,-4.668591]}},{"type":"Feature","properties":{"id":256,"size":2.16,"time":"2024-01-13T20:04:39.613Z","class":"rock"},"geometry":{"type":"Point","coordinates":[137.372839,-4.673437]}},{"type":"Feature","properties":{"id":257,"size":3.63,"time":"2024-01-06T02:25:55.562Z","class":"rock"},"geometry":{"type":"Point","coordinates":[137.37327,-4.663793]}},{"type":"Feature","properties":{"id":258,"size":0.21000000000000002,"time":"2024-01-06T15:04:46.111Z","class":"rock"},"geometry":{"type":"Point","coordinates":[137.380681,-4.670019]}},{"type":"Feature","properties":{"id":259,"size":4.279999999999999,"time":"2024-01-09T07:29:49.536Z","class":"rock"},"geometry":{"type":"Point","coordinates":[137.371432,-4.663555]}},{"type":"Feature","properties":{"id":260,"size":2.15,"time":"2024-01-22T06:26:06.268Z","class":"rock"},"geometry":{"type":"Point","coordinates":[137.371661,-4.673041]}},{"type":"Feature","properties":{"id":261,"size":6.5,"time":"2024-01-06T01:13:26.675Z","class":"boulder"},"geometry":{"type":"Point","coordinates":[137.379517,-4.669835]}},{"type":"Feature","properties":{"id":262,"size":3.27,"time":"2024-01-19T09:09:55.817Z","class":"rock"},"geometry":{"type":"Point","coordinates":[137.373014,-4.679008]}},{"type":"Feature","properties":{"id":263,"size":0.1,"time":"2024-01-29T06:19:43.125Z","class":"rock"},"geometry":{"type":"Point","coordinates":[137.379716,-4.658717]}},{"type":"Feature","properties":{"id":264,"size":6.359999999999999,"time":"2024-01-15T06:07:15.311Z","class":"boulder"},"geometry":{"type":"Point","coordinates":[137.379582,-4.671606]}},{"type":"Feature","properties":{"id":265,"size":0.19,"time":"2024-01-22T05:30:52.254Z","class":"rock"},"geometry":{"type":"Point","coordinates":[137.36345,-4.669776]}},{"type":"Feature","properties":{"id":266,"size":6.8999999999999995,"time":"2024-01-18T01:49:43.705Z","class":"boulder"},"geometry":{"type":"Point","coordinates":[137.363236,-4.668844]}},{"type":"Feature","properties":{"id":267,"size":0.32,"time":"2024-01-11T20:14:12.608Z","class":"rock"},"geometry":{"type":"Point","coordinates":[137.363069,-4.670964]}},{"type":"Feature","properties":{"id":268,"size":0.28,"time":"2024-01-01T03:36:44.745Z","class":"rock"},"geometry":{"type":"Point","coordinates":[137.380591,-4.669273]}},{"type":"Feature","properties":{"id":269,"size":5.489999999999999,"time":"2024-01-03T04:56:52.001Z","class":"boulder"},"geometry":{"type":"Point","coordinates":[137.365388,-4.664975]}},{"type":"Feature","properties":{"id":270,"size":0.11,"time":"2024-01-06T03:58:11.572Z","class":"rock"},"geometry":{"type":"Point","coordinates":[137.363686,-4.670947]}},{"type":"Feature","properties":{"id":271,"size":5.409999999999999,"time":"2024-01-04T13:10:52.213Z","class":"boulder"},"geometry":{"type":"Point","coordinates":[137.369757,-4.669637]}},{"type":"Feature","properties":{"id":272,"size":5.08,"time":"2024-01-04T00:47:59.829Z","class":"boulder"},"geometry":{"type":"Point","coordinates":[137.368669,-4.662187]}},{"type":"Feature","properties":{"id":273,"size":6.5,"time":"2024-01-30T12:06:47.853Z","class":"boulder"},"geometry":{"type":"Point","coordinates":[137.372254,-4.678624]}},{"type":"Feature","properties":{"id":274,"size":0.14,"time":"2024-01-14T13:36:13.098Z","class":"rock"},"geometry":{"type":"Point","coordinates":[137.374468,-4.66442]}},{"type":"Feature","properties":{"id":275,"size":1.08,"time":"2024-01-14T20:27:01.146Z","class":"rock"},"geometry":{"type":"Point","coordinates":[137.377715,-4.66009]}},{"type":"Feature","properties":{"id":276,"size":3.11,"time":"2024-01-17T19:25:23.159Z","class":"rock"},"geometry":{"type":"Point","coordinates":[137.372839,-4.663491]}},{"type":"Feature","properties":{"id":277,"size":8.53,"time":"2024-01-23T20:57:11.629Z","class":"boulder"},"geometry":{"type":"Point","coordinates":[137.379188,-4.656989]}},{"type":"Feature","properties":{"id":278,"size":2.22,"time":"2024-01-14T15:15:29.466Z","class":"rock"},"geometry":{"type":"Point","coordinates":[137.379925,-4.67064]}},{"type":"Feature","properties":{"id":279,"size":0.1,"time":"2024-01-23T07:33:49.478Z","class":"rock"},"geometry":{"type":"Point","coordinates":[137.373835,-4.663934]}},{"type":"Feature","properties":{"id":280,"size":9.27,"time":"2024-01-27T10:25:19.142Z","class":"boulder"},"geometry":{"type":"Point","coordinates":[137.363514,-4.668096]}},{"type":"Feature","properties":{"id":281,"size":9.27,"time":"2024-01-16T13:54:02.870Z","class":"boulder"},"geometry":{"type":"Point","coordinates":[137.373222,-4.676983]}},{"type":"Feature","properties":{"id":282,"size":0.33999999999999997,"time":"2024-01-20T08:02:40.563Z","class":"rock"},"geometry":{"type":"Point","coordinates":[137.363134,-4.668002]}},{"type":"Feature","properties":{"id":283,"size":8.48,"time":"2024-01-26T09:31:04.765Z","class":"boulder"},"geometry":{"type":"Point","coordinates":[137.361663,-4.671416]}},{"type":"Feature","properties":{"id":284,"size":0.25,"time":"2024-01-28T04:17:25.762Z","class":"rock"},"geometry":{"type":"Point","coordinates":[137.379549,-4.658732]}},{"type":"Feature","properties":{"id":285,"size":1.32,"time":"2024-01-16T16:39:35.953Z","class":"rock"},"geometry":{"type":"Point","coordinates":[137.377937,-4.670993]}},{"type":"Feature","properties":{"id":286,"size":8.719999999999999,"time":"2024-01-21T02:24:30.307Z","class":"boulder"},"geometry":{"type":"Point","coordinates":[137.367013,-4.6641]}},{"type":"Feature","properties":{"id":287,"size":0.11,"time":"2024-01-25T03:26:09.160Z","class":"rock"},"geometry":{"type":"Point","coordinates":[137.369036,-4.669004]}},{"type":"Feature","properties":{"id":288,"size":0.11,"time":"2024-01-27T10:54:21.519Z","class":"rock"},"geometry":{"type":"Point","coordinates":[137.372978,-4.675778]}},{"type":"Feature","properties":{"id":289,"size":9.28,"time":"2024-01-22T10:30:02.671Z","class":"boulder"},"geometry":{"type":"Point","coordinates":[137.362653,-4.667355]}},{"type":"Feature","properties":{"id":290,"size":0.45999999999999996,"time":"2024-01-15T11:16:31.081Z","class":"rock"},"geometry":{"type":"Point","coordinates":[137.370671,-4.662899]}},{"type":"Feature","properties":{"id":291,"size":0.24000000000000002,"time":"2024-01-13T15:38:47.123Z","class":"rock"},"geometry":{"type":"Point","coordinates":[137.372011,-4.677773]}},{"type":"Feature","properties":{"id":292,"size":0.47,"time":"2024-01-05T22:56:02.275Z","class":"rock"},"geometry":{"type":"Point","coordinates":[137.36358,-4.669689]}},{"type":"Feature","properties":{"id":293,"size":6.1499999999999995,"time":"2024-01-17T17:24:02.571Z","class":"boulder"},"geometry":{"type":"Point","coordinates":[137.361715,-4.669726]}},{"type":"Feature","properties":{"id":294,"size":3.6,"time":"2024-01-08T06:06:30.454Z","class":"rock"},"geometry":{"type":"Point","coordinates":[137.370846,-4.662649]}},{"type":"Feature","properties":{"id":295,"size":0.16,"time":"2024-01-07T21:06:03.829Z","class":"rock"},"geometry":{"type":"Point","coordinates":[137.36605,-4.671473]}},{"type":"Feature","properties":{"id":296,"size":1.59,"time":"2024-01-08T21:21:37.126Z","class":"rock"},"geometry":{"type":"Point","coordinates":[137.363765,-4.668637]}},{"type":"Feature","properties":{"id":297,"size":0.15000000000000002,"time":"2024-01-08T16:06:53.588Z","class":"rock"},"geometry":{"type":"Point","coordinates":[137.381517,-4.669843]}},{"type":"Feature","properties":{"id":298,"size":0.13,"time":"2024-01-24T04:36:33.232Z","class":"rock"},"geometry":{"type":"Point","coordinates":[137.372753,-4.66311]}},{"type":"Feature","properties":{"id":299,"size":8.48,"time":"2024-01-27T06:41:33.747Z","class":"boulder"},"geometry":{"type":"Point","coordinates":[137.383703,-4.667772]}},{"type":"Feature","properties":{"id":300,"size":0.12000000000000001,"time":"2024-01-15T02:26:49.741Z","class":"rock"},"geometry":{"type":"Point","coordinates":[137.366898,-4.662057]}},{"type":"Feature","properties":{"id":301,"size":9.35,"time":"2024-01-01T23:18:43.966Z","class":"boulder"},"geometry":{"type":"Point","coordinates":[137.371961,-4.678964]}},{"type":"Feature","properties":{"id":302,"size":0.52,"time":"2024-01-12T06:51:05.012Z","class":"rock"},"geometry":{"type":"Point","coordinates":[137.370662,-4.663756]}},{"type":"Feature","properties":{"id":303,"size":8.92,"time":"2024-01-16T18:27:48.284Z","class":"boulder"},"geometry":{"type":"Point","coordinates":[137.362266,-4.669725]}},{"type":"Feature","properties":{"id":304,"size":3.4,"time":"2024-01-09T15:11:15.131Z","class":"rock"},"geometry":{"type":"Point","coordinates":[137.373385,-4.663856]}},{"type":"Feature","properties":{"id":305,"size":5.6,"time":"2024-01-11T16:23:34.030Z","class":"boulder"},"geometry":{"type":"Point","coordinates":[137.363516,-4.67044]}},{"type":"Feature","properties":{"id":306,"size":1.4200000000000002,"time":"2024-01-07T16:11:19.429Z","class":"rock"},"geometry":{"type":"Point","coordinates":[137.378813,-4.669864]}},{"type":"Feature","properties":{"id":307,"size":0.1,"time":"2024-01-01T14:58:19.760Z","class":"rock"},"geometry":{"type":"Point","coordinates":[137.372076,-4.676574]}},{"type":"Feature","properties":{"id":308,"size":5.71,"time":"2024-01-08T18:28:52.412Z","class":"boulder"},"geometry":{"type":"Point","coordinates":[137.375509,-4.671415]}},{"type":"Feature","properties":{"id":309,"size":1.79,"time":"2024-01-07T08:54:05.490Z","class":"rock"},"geometry":{"type":"Point","coordinates":[137.376417,-4.666326]}},{"type":"Feature","properties":{"id":310,"size":6.63,"time":"2024-01-13T04:27:25.618Z","class":"boulder"},"geometry":{"type":"Point","coordinates":[137.380297,-4.660215]}},{"type":"Feature","properties":{"id":311,"size":0.56,"time":"2024-01-04T05:15:39.278Z","class":"rock"},"geometry":{"type":"Point","coordinates":[137.377863,-4.668108]}},{"type":"Feature","properties":{"id":312,"size":0.13,"time":"2024-01-30T13:31:12.208Z","class":"rock"},"geometry":{"type":"Point","coordinates":[137.374204,-4.666961]}},{"type":"Feature","properties":{"id":313,"size":1.56,"time":"2024-01-20T21:14:45.372Z","class":"rock"},"geometry":{"type":"Point","coordinates":[137.372627,-4.675556]}},{"type":"Feature","properties":{"id":314,"size":2.25,"time":"2024-01-18T16:07:52.960Z","class":"rock"},"geometry":{"type":"Point","coordinates":[137.381171,-4.669655]}},{"type":"Feature","properties":{"id":315,"size":0.12000000000000001,"time":"2024-01-18T20:27:16.797Z","class":"rock"},"geometry":{"type":"Point","coordinates":[137.362155,-4.6675]}},{"type":"Feature","properties":{"id":316,"size":0.29000000000000004,"time":"2024-01-17T00:55:24.889Z","class":"rock"},"geometry":{"type":"Point","coordinates":[137.37643,-4.67713]}},{"type":"Feature","properties":{"id":317,"size":9.78,"time":"2024-01-16T06:46:18.758Z","class":"boulder"},"geometry":{"type":"Point","coordinates":[137.361481,-4.670485]}},{"type":"Feature","properties":{"id":318,"size":7.97,"time":"2024-01-07T18:14:58.070Z","class":"boulder"},"geometry":{"type":"Point","coordinates":[137.362864,-4.663858]}},{"type":"Feature","properties":{"id":319,"size":0.11,"time":"2024-01-15T22:44:00.691Z","class":"rock"},"geometry":{"type":"Point","coordinates":[137.369426,-4.663626]}},{"type":"Feature","properties":{"id":320,"size":1.28,"time":"2024-01-26T02:07:25.001Z","class":"rock"},"geometry":{"type":"Point","coordinates":[137.373768,-4.678635]}},{"type":"Feature","properties":{"id":321,"size":0.19,"time":"2024-01-18T07:06:58.563Z","class":"rock"},"geometry":{"type":"Point","coordinates":[137.361435,-4.668977]}},{"type":"Feature","properties":{"id":322,"size":5.109999999999999,"time":"2024-01-29T02:20:07.482Z","class":"boulder"},"geometry":{"type":"Point","coordinates":[137.369865,-4.679314]}},{"type":"Feature","properties":{"id":323,"size":0.86,"time":"2024-01-03T15:25:40.559Z","class":"rock"},"geometry":{"type":"Point","coordinates":[137.372479,-4.677611]}},{"type":"Feature","properties":{"id":324,"size":0.1,"time":"2024-01-26T19:29:55.680Z","class":"rock"},"geometry":{"type":"Point","coordinates":[137.372098,-4.661722]}},{"type":"Feature","properties":{"id":325,"size":4.609999999999999,"time":"2024-01-04T15:52:24.866Z","class":"rock"},"geometry":{"type":"Point","coordinates":[137.361831,-4.670035]}},{"type":"Feature","properties":{"id":326,"size":8.54,"time":"2024-01-21T04:59:58.990Z","class":"boulder"},"geometry":{"type":"Point","coordinates":[137.374745,-4.666939]}},{"type":"Feature","properties":{"id":327,"size":0.15000000000000002,"time":"2024-01-01T16:19:56.525Z","class":"rock"},"geometry":{"type":"Point","coordinates":[137.372386,-4.664989]}},{"type":"Feature","properties":{"id":328,"size":0.44999999999999996,"time":"2024-01-26T11:34:37.071Z","class":"rock"},"geometry":{"type":"Point","coordinates":[137.379661,-4.658589]}},{"type":"Feature","properties":{"id":329,"size":1.8800000000000001,"time":"2024-01-12T06:27:12.882Z","class":"rock"},"geometry":{"type":"Point","coordinates":[137.381002,-4.667307]}},{"type":"Feature","properties":{"id":330,"size":4.3,"time":"2024-01-24T10:35:23.312Z","class":"rock"},"geometry":{"type":"Point","coordinates":[137.362066,-4.670459]}},{"type":"Feature","properties":{"id":331,"size":0.85,"time":"2024-01-03T07:11:40.942Z","class":"rock"},"geometry":{"type":"Point","coordinates":[137.379852,-4.659002]}},{"type":"Feature","properties":{"id":332,"size":0.55,"time":"2024-01-12T05:36:27.735Z","class":"rock"},"geometry":{"type":"Point","coordinates":[137.377371,-4.668047]}},{"type":"Feature","properties":{"id":333,"size":0.61,"time":"2024-01-24T15:42:50.964Z","class":"rock"},"geometry":{"type":"Point","coordinates":[137.371765,-4.664287]}},{"type":"Feature","properties":{"id":334,"size":0.11,"time":"2024-01-18T10:58:59.442Z","class":"rock"},"geometry":{"type":"Point","coordinates":[137.361141,-4.676054]}},{"type":"Feature","properties":{"id":335,"size":0.63,"time":"2024-01-12T17:14:59.127Z","class":"rock"},"geometry":{"type":"Point","coordinates":[137.362332,-4.667191]}},{"type":"Feature","properties":{"id":336,"size":0.19,"time":"2024-01-29T10:23:57.675Z","class":"rock"},"geometry":{"type":"Point","coordinates":[137.373672,-4.675996]}},{"type":"Feature","properties":{"id":337,"size":9.79,"time":"2024-01-22T00:14:26.840Z","class":"boulder"},"geometry":{"type":"Point","coordinates":[137.373219,-4.660811]}},{"type":"Feature","properties":{"id":338,"size":0.1,"time":"2024-01-27T11:59:08.839Z","class":"rock"},"geometry":{"type":"Point","coordinates":[137.377572,-4.66835]}},{"type":"Feature","properties":{"id":339,"size":2.54,"time":"2024-01-01T09:07:33.983Z","class":"rock"},"geometry":{"type":"Point","coordinates":[137.378638,-4.659464]}},{"type":"Feature","properties":{"id":340,"size":1.7200000000000002,"time":"2024-01-14T21:15:51.412Z","class":"rock"},"geometry":{"type":"Point","coordinates":[137.362344,-4.668753]}},{"type":"Feature","properties":{"id":341,"size":0.14,"time":"2024-01-17T10:34:11.850Z","class":"rock"},"geometry":{"type":"Point","coordinates":[137.371409,-4.663454]}},{"type":"Feature","properties":{"id":342,"size":0.30000000000000004,"time":"2024-01-18T16:04:31.246Z","class":"rock"},"geometry":{"type":"Point","coordinates":[137.374445,-4.678401]}},{"type":"Feature","properties":{"id":343,"size":6.43,"time":"2024-01-20T08:51:56.552Z","class":"boulder"},"geometry":{"type":"Point","coordinates":[137.38036,-4.659448]}},{"type":"Feature","properties":{"id":344,"size":1.85,"time":"2024-01-05T16:18:29.009Z","class":"rock"},"geometry":{"type":"Point","coordinates":[137.378613,-4.668225]}},{"type":"Feature","properties":{"id":345,"size":8.09,"time":"2024-01-28T22:21:37.390Z","class":"boulder"},"geometry":{"type":"Point","coordinates":[137.375112,-4.660051]}},{"type":"Feature","properties":{"id":346,"size":0.17,"time":"2024-01-26T18:49:33.524Z","class":"rock"},"geometry":{"type":"Point","coordinates":[137.362775,-4.667509]}},{"type":"Feature","properties":{"id":347,"size":2.92,"time":"2024-01-28T03:52:40.240Z","class":"rock"},"geometry":{"type":"Point","coordinates":[137.379375,-4.658422]}},{"type":"Feature","properties":{"id":348,"size":0.24000000000000002,"time":"2024-01-16T03:38:29.048Z","class":"rock"},"geometry":{"type":"Point","coordinates":[137.37813,-4.666956]}},{"type":"Feature","properties":{"id":349,"size":2.06,"time":"2024-01-22T09:42:46.608Z","class":"rock"},"geometry":{"type":"Point","coordinates":[137.363303,-4.668321]}},{"type":"Feature","properties":{"id":350,"size":0.1,"time":"2024-01-26T02:19:44.829Z","class":"rock"},"geometry":{"type":"Point","coordinates":[137.380059,-4.659974]}},{"type":"Feature","properties":{"id":351,"size":5.51,"time":"2024-01-26T04:42:51.776Z","class":"boulder"},"geometry":{"type":"Point","coordinates":[137.381194,-4.667293]}},{"type":"Feature","properties":{"id":352,"size":0.1,"time":"2024-01-27T08:09:18.569Z","class":"rock"},"geometry":{"type":"Point","coordinates":[137.37998,-4.669509]}},{"type":"Feature","properties":{"id":353,"size":0.99,"time":"2024-01-29T12:18:04.779Z","class":"rock"},"geometry":{"type":"Point","coordinates":[137.376938,-4.659514]}},{"type":"Feature","properties":{"id":354,"size":0.43000000000000005,"time":"2024-01-15T11:49:17.541Z","class":"rock"},"geometry":{"type":"Point","coordinates":[137.380514,-4.67032]}},{"type":"Feature","properties":{"id":355,"size":0.30000000000000004,"time":"2024-01-10T12:07:39.587Z","class":"rock"},"geometry":{"type":"Point","coordinates":[137.380263,-4.666985]}},{"type":"Feature","properties":{"id":356,"size":5.5,"time":"2024-01-24T09:53:32.837Z","class":"boulder"},"geometry":{"type":"Point","coordinates":[137.380104,-4.65898]}},{"type":"Feature","properties":{"id":357,"size":0.1,"time":"2024-01-13T04:21:52.445Z","class":"rock"},"geometry":{"type":"Point","coordinates":[137.381381,-4.669141]}},{"type":"Feature","properties":{"id":358,"size":0.13,"time":"2024-01-07T16:46:21.680Z","class":"rock"},"geometry":{"type":"Point","coordinates":[137.372411,-4.680724]}},{"type":"Feature","properties":{"id":359,"size":6.88,"time":"2024-01-01T05:16:59.494Z","class":"boulder"},"geometry":{"type":"Point","coordinates":[137.373655,-4.677594]}},{"type":"Feature","properties":{"id":360,"size":0.14,"time":"2024-01-12T06:06:32.916Z","class":"rock"},"geometry":{"type":"Point","coordinates":[137.369742,-4.665326]}},{"type":"Feature","properties":{"id":361,"size":0.13,"time":"2024-01-10T14:59:34.363Z","class":"rock"},"geometry":{"type":"Point","coordinates":[137.372386,-4.677783]}},{"type":"Feature","properties":{"id":362,"size":5.51,"time":"2024-01-05T18:39:38.141Z","class":"boulder"},"geometry":{"type":"Point","coordinates":[137.379763,-4.658597]}},{"type":"Feature","properties":{"id":363,"size":7.02,"time":"2024-01-02T07:07:37.610Z","class":"boulder"},"geometry":{"type":"Point","coordinates":[137.380475,-4.658224]}},{"type":"Feature","properties":{"id":364,"size":1.08,"time":"2024-01-30T23:42:54.064Z","class":"rock"},"geometry":{"type":"Point","coordinates":[137.367251,-4.663167]}},{"type":"Feature","properties":{"id":365,"size":0.37,"time":"2024-01-19T16:35:56.394Z","class":"rock"},"geometry":{"type":"Point","coordinates":[137.362873,-4.668614]}},{"type":"Feature","properties":{"id":366,"size":3.86,"time":"2024-01-08T00:42:34.216Z","class":"rock"},"geometry":{"type":"Point","coordinates":[137.379601,-4.671437]}},{"type":"Feature","properties":{"id":367,"size":0.78,"time":"2024-01-18T20:30:11.622Z","class":"rock"},"geometry":{"type":"Point","coordinates":[137.365841,-4.664283]}},{"type":"Feature","properties":{"id":368,"size":0.44000000000000006,"time":"2024-01-24T16:00:54.006Z","class":"rock"},"geometry":{"type":"Point","coordinates":[137.377086,-4.668333]}},{"type":"Feature","properties":{"id":369,"size":0.6699999999999999,"time":"2024-01-13T00:24:34.838Z","class":"rock"},"geometry":{"type":"Point","coordinates":[137.363747,-4.669795]}},{"type":"Feature","properties":{"id":370,"size":5.779999999999999,"time":"2024-01-07T21:19:22.477Z","class":"boulder"},"geometry":{"type":"Point","coordinates":[137.37154,-4.663137]}},{"type":"Feature","properties":{"id":371,"size":0.35,"time":"2024-01-09T03:58:54.152Z","class":"rock"},"geometry":{"type":"Point","coordinates":[137.3735,-4.678058]}},{"type":"Feature","properties":{"id":372,"size":8.31,"time":"2024-01-10T16:23:01.505Z","class":"boulder"},"geometry":{"type":"Point","coordinates":[137.380356,-4.661099]}},{"type":"Feature","properties":{"id":373,"size":1.6300000000000001,"time":"2024-01-30T13:24:32.797Z","class":"rock"},"geometry":{"type":"Point","coordinates":[137.36954,-4.664262]}},{"type":"Feature","properties":{"id":374,"size":0.23,"time":"2024-01-20T08:59:02.352Z","class":"rock"},"geometry":{"type":"Point","coordinates":[137.365995,-4.661225]}},{"type":"Feature","properties":{"id":375,"size":0.1,"time":"2024-01-29T07:27:42.700Z","class":"rock"},"geometry":{"type":"Point","coordinates":[137.374727,-4.658727]}},{"type":"Feature","properties":{"id":376,"size":0.1,"time":"2024-01-23T18:08:38.650Z","class":"rock"},"geometry":{"type":"Point","coordinates":[137.36278,-4.668165]}},{"type":"Feature","properties":{"id":377,"size":0.28,"time":"2024-01-14T06:41:46.003Z","class":"rock"},"geometry":{"type":"Point","coordinates":[137.379823,-4.657057]}},{"type":"Feature","properties":{"id":378,"size":8.6,"time":"2024-01-14T06:48:55.017Z","class":"boulder"},"geometry":{"type":"Point","coordinates":[137.370031,-4.668246]}},{"type":"Feature","properties":{"id":379,"size":1.8900000000000001,"time":"2024-01-07T09:40:03.878Z","class":"rock"},"geometry":{"type":"Point","coordinates":[137.375066,-4.663924]}},{"type":"Feature","properties":{"id":380,"size":0.1,"time":"2024-01-23T18:02:01.955Z","class":"rock"},"geometry":{"type":"Point","coordinates":[137.372923,-4.679211]}},{"type":"Feature","properties":{"id":381,"size":4.51,"time":"2024-01-27T20:40:33.776Z","class":"rock"},"geometry":{"type":"Point","coordinates":[137.36284,-4.669214]}},{"type":"Feature","properties":{"id":382,"size":1.1700000000000002,"time":"2024-01-11T12:12:37.235Z","class":"rock"},"geometry":{"type":"Point","coordinates":[137.379,-4.667388]}},{"type":"Feature","properties":{"id":383,"size":2.83,"time":"2024-01-03T20:00:53.674Z","class":"rock"},"geometry":{"type":"Point","coordinates":[137.379767,-4.658945]}},{"type":"Feature","properties":{"id":384,"size":1.9000000000000001,"time":"2024-01-16T19:41:12.893Z","class":"rock"},"geometry":{"type":"Point","coordinates":[137.3731,-4.676196]}},{"type":"Feature","properties":{"id":385,"size":0.28,"time":"2024-01-08T12:38:28.890Z","class":"rock"},"geometry":{"type":"Point","coordinates":[137.361305,-4.662694]}},{"type":"Feature","properties":{"id":386,"size":1,"time":"2024-01-08T23:06:36.977Z","class":"rock"},"geometry":{"type":"Point","coordinates":[137.379238,-4.673396]}},{"type":"Feature","properties":{"id":387,"size":1.73,"time":"2024-01-17T18:15:12.926Z","class":"rock"},"geometry":{"type":"Point","coordinates":[137.366161,-4.659158]}},{"type":"Feature","properties":{"id":388,"size":6.89,"time":"2024-01-12T13:34:29.913Z","class":"boulder"},"geometry":{"type":"Point","coordinates":[137.362855,-4.669307]}},{"type":"Feature","properties":{"id":389,"size":0.1,"time":"2024-01-26T08:50:57.932Z","class":"rock"},"geometry":{"type":"Point","coordinates":[137.379392,-4.67111]}},{"type":"Feature","properties":{"id":390,"size":0.13,"time":"2024-01-25T18:56:27.382Z","class":"rock"},"geometry":{"type":"Point","coordinates":[137.370428,-4.663381]}},{"type":"Feature","properties":{"id":391,"size":1.86,"time":"2024-01-15T01:33:54.421Z","class":"rock"},"geometry":{"type":"Point","coordinates":[137.363923,-4.668733]}},{"type":"Feature","properties":{"id":392,"size":0.16,"time":"2024-01-04T05:45:43.153Z","class":"rock"},"geometry":{"type":"Point","coordinates":[137.363734,-4.669858]}},{"type":"Feature","properties":{"id":393,"size":3.74,"time":"2024-01-06T21:44:50.142Z","class":"rock"},"geometry":{"type":"Point","coordinates":[137.373336,-4.675599]}},{"type":"Feature","properties":{"id":394,"size":5.39,"time":"2024-01-17T05:39:01.137Z","class":"boulder"},"geometry":{"type":"Point","coordinates":[137.380984,-4.658212]}},{"type":"Feature","properties":{"id":395,"size":0.11,"time":"2024-01-10T01:47:42.854Z","class":"rock"},"geometry":{"type":"Point","coordinates":[137.378141,-4.667493]}},{"type":"Feature","properties":{"id":396,"size":0.1,"time":"2024-01-09T15:49:58.598Z","class":"rock"},"geometry":{"type":"Point","coordinates":[137.373289,-4.66322]}},{"type":"Feature","properties":{"id":397,"size":0.1,"time":"2024-01-27T09:58:14.851Z","class":"rock"},"geometry":{"type":"Point","coordinates":[137.38151,-4.667907]}},{"type":"Feature","properties":{"id":398,"size":1.06,"time":"2024-01-02T20:52:13.899Z","class":"rock"},"geometry":{"type":"Point","coordinates":[137.367268,-4.669334]}},{"type":"Feature","properties":{"id":399,"size":0.86,"time":"2024-01-14T16:27:10.019Z","class":"rock"},"geometry":{"type":"Point","coordinates":[137.381585,-4.667102]}},{"type":"Feature","properties":{"id":400,"size":8.37,"time":"2024-01-21T01:57:33.916Z","class":"boulder"},"geometry":{"type":"Point","coordinates":[137.363019,-4.67007]}},{"type":"Feature","properties":{"id":401,"size":0.76,"time":"2024-01-23T12:05:37.742Z","class":"rock"},"geometry":{"type":"Point","coordinates":[137.381317,-4.669861]}},{"type":"Feature","properties":{"id":402,"size":6.33,"time":"2024-01-08T04:18:04.007Z","class":"boulder"},"geometry":{"type":"Point","coordinates":[137.382355,-4.671281]}},{"type":"Feature","properties":{"id":403,"size":0.1,"time":"2024-01-16T10:56:11.975Z","class":"rock"},"geometry":{"type":"Point","coordinates":[137.381553,-4.671721]}},{"type":"Feature","properties":{"id":404,"size":1.9100000000000001,"time":"2024-01-15T18:36:05.395Z","class":"rock"},"geometry":{"type":"Point","coordinates":[137.372067,-4.664642]}},{"type":"Feature","properties":{"id":405,"size":2.06,"time":"2024-01-16T02:00:37.888Z","class":"rock"},"geometry":{"type":"Point","coordinates":[137.371335,-4.665819]}},{"type":"Feature","properties":{"id":406,"size":1,"time":"2024-01-22T09:56:35.595Z","class":"rock"},"geometry":{"type":"Point","coordinates":[137.362851,-4.672016]}},{"type":"Feature","properties":{"id":407,"size":1.87,"time":"2024-01-04T15:48:56.256Z","class":"rock"},"geometry":{"type":"Point","coordinates":[137.37105,-4.680704]}},{"type":"Feature","properties":{"id":408,"size":0.18,"time":"2024-01-12T05:05:07.746Z","class":"rock"},"geometry":{"type":"Point","coordinates":[137.369692,-4.678162]}},{"type":"Feature","properties":{"id":409,"size":0.1,"time":"2024-01-17T04:01:09.140Z","class":"rock"},"geometry":{"type":"Point","coordinates":[137.365983,-4.665316]}},{"type":"Feature","properties":{"id":410,"size":0.11,"time":"2024-01-18T05:42:19.820Z","class":"rock"},"geometry":{"type":"Point","coordinates":[137.379915,-4.667442]}},{"type":"Feature","properties":{"id":411,"size":2.16,"time":"2024-01-04T19:10:15.587Z","class":"rock"},"geometry":{"type":"Point","coordinates":[137.362034,-4.670841]}},{"type":"Feature","properties":{"id":412,"size":4.6899999999999995,"time":"2024-01-27T07:32:58.836Z","class":"rock"},"geometry":{"type":"Point","coordinates":[137.378139,-4.666927]}},{"type":"Feature","properties":{"id":413,"size":7.88,"time":"2024-01-06T17:39:56.711Z","class":"boulder"},"geometry":{"type":"Point","coordinates":[137.367557,-4.664484]}},{"type":"Feature","properties":{"id":414,"size":0.13,"time":"2024-01-28T07:15:24.214Z","class":"rock"},"geometry":{"type":"Point","coordinates":[137.379363,-4.661389]}},{"type":"Feature","properties":{"id":415,"size":0.13,"time":"2024-01-05T03:09:55.086Z","class":"rock"},"geometry":{"type":"Point","coordinates":[137.379456,-4.657999]}},{"type":"Feature","properties":{"id":416,"size":2.93,"time":"2024-01-28T06:24:34.269Z","class":"rock"},"geometry":{"type":"Point","coordinates":[137.371442,-4.674301]}},{"type":"Feature","properties":{"id":417,"size":0.14,"time":"2024-01-09T09:00:30.728Z","class":"rock"},"geometry":{"type":"Point","coordinates":[137.368942,-4.676277]}},{"type":"Feature","properties":{"id":418,"size":1.37,"time":"2024-01-27T02:25:27.737Z","class":"rock"},"geometry":{"type":"Point","coordinates":[137.372956,-4.663086]}},{"type":"Feature","properties":{"id":419,"size":0.1,"time":"2024-01-10T05:41:19.321Z","class":"rock"},"geometry":{"type":"Point","coordinates":[137.380496,-4.667729]}},{"type":"Feature","properties":{"id":420,"size":2.52,"time":"2024-01-16T22:11:42.878Z","class":"rock"},"geometry":{"type":"Point","coordinates":[137.370447,-4.677925]}},{"type":"Feature","properties":{"id":421,"size":1.58,"time":"2024-01-04T14:21:13.669Z","class":"rock"},"geometry":{"type":"Point","coordinates":[137.374344,-4.679676]}},{"type":"Feature","properties":{"id":422,"size":0.11,"time":"2024-01-27T00:19:22.252Z","class":"rock"},"geometry":{"type":"Point","coordinates":[137.371754,-4.664647]}},{"type":"Feature","properties":{"id":423,"size":0.16,"time":"2024-01-21T09:40:46.459Z","class":"rock"},"geometry":{"type":"Point","coordinates":[137.370471,-4.665112]}},{"type":"Feature","properties":{"id":424,"size":0.36,"time":"2024-01-18T07:55:55.559Z","class":"rock"},"geometry":{"type":"Point","coordinates":[137.37943,-4.66816]}},{"type":"Feature","properties":{"id":425,"size":0.16,"time":"2024-01-23T02:30:15.358Z","class":"rock"},"geometry":{"type":"Point","coordinates":[137.360099,-4.672799]}},{"type":"Feature","properties":{"id":426,"size":0.1,"time":"2024-01-19T09:57:38.134Z","class":"rock"},"geometry":{"type":"Point","coordinates":[137.378309,-4.658314]}},{"type":"Feature","properties":{"id":427,"size":2.35,"time":"2024-01-24T17:41:22.237Z","class":"rock"},"geometry":{"type":"Point","coordinates":[137.373851,-4.666213]}},{"type":"Feature","properties":{"id":428,"size":5.2299999999999995,"time":"2024-01-11T05:27:52.599Z","class":"boulder"},"geometry":{"type":"Point","coordinates":[137.360916,-4.663139]}},{"type":"Feature","properties":{"id":429,"size":5.75,"time":"2024-01-22T04:06:41.040Z","class":"boulder"},"geometry":{"type":"Point","coordinates":[137.377812,-4.659398]}},{"type":"Feature","properties":{"id":430,"size":2.05,"time":"2024-01-07T19:58:02.871Z","class":"rock"},"geometry":{"type":"Point","coordinates":[137.362634,-4.6704]}},{"type":"Feature","properties":{"id":431,"size":0.11,"time":"2024-01-04T04:23:30.320Z","class":"rock"},"geometry":{"type":"Point","coordinates":[137.379796,-4.667911]}},{"type":"Feature","properties":{"id":432,"size":2.64,"time":"2024-01-02T12:50:26.438Z","class":"rock"},"geometry":{"type":"Point","coordinates":[137.374717,-4.67756]}},{"type":"Feature","properties":{"id":433,"size":2.58,"time":"2024-01-23T03:06:37.136Z","class":"rock"},"geometry":{"type":"Point","coordinates":[137.373948,-4.679758]}},{"type":"Feature","properties":{"id":434,"size":0.11,"time":"2024-01-21T17:58:12.406Z","class":"rock"},"geometry":{"type":"Point","coordinates":[137.366832,-4.6617]}},{"type":"Feature","properties":{"id":435,"size":0.1,"time":"2024-01-28T08:08:20.020Z","class":"rock"},"geometry":{"type":"Point","coordinates":[137.381269,-4.668071]}},{"type":"Feature","properties":{"id":436,"size":3.29,"time":"2024-01-06T13:31:26.583Z","class":"rock"},"geometry":{"type":"Point","coordinates":[137.372502,-4.662533]}},{"type":"Feature","properties":{"id":437,"size":1.1300000000000001,"time":"2024-01-30T21:21:11.267Z","class":"rock"},"geometry":{"type":"Point","coordinates":[137.363068,-4.668512]}},{"type":"Feature","properties":{"id":438,"size":1.33,"time":"2024-01-05T23:28:00.071Z","class":"rock"},"geometry":{"type":"Point","coordinates":[137.364142,-4.668019]}},{"type":"Feature","properties":{"id":439,"size":0.1,"time":"2024-01-08T06:41:45.231Z","class":"rock"},"geometry":{"type":"Point","coordinates":[137.37955,-4.66041]}},{"type":"Feature","properties":{"id":440,"size":2.36,"time":"2024-01-25T20:45:34.356Z","class":"rock"},"geometry":{"type":"Point","coordinates":[137.380519,-4.671785]}},{"type":"Feature","properties":{"id":441,"size":1.7200000000000002,"time":"2024-01-28T00:31:49.772Z","class":"rock"},"geometry":{"type":"Point","coordinates":[137.364622,-4.668402]}},{"type":"Feature","properties":{"id":442,"size":0.84,"time":"2024-01-02T09:41:13.240Z","class":"rock"},"geometry":{"type":"Point","coordinates":[137.362833,-4.666977]}},{"type":"Feature","properties":{"id":443,"size":0.13,"time":"2024-01-02T13:49:34.231Z","class":"rock"},"geometry":{"type":"Point","coordinates":[137.364667,-4.667367]}},{"type":"Feature","properties":{"id":444,"size":0.1,"time":"2024-01-24T03:18:17.998Z","class":"rock"},"geometry":{"type":"Point","coordinates":[137.373907,-4.663361]}},{"type":"Feature","properties":{"id":445,"size":6.6499999999999995,"time":"2024-01-28T14:55:06.593Z","class":"boulder"},"geometry":{"type":"Point","coordinates":[137.378373,-4.668333]}},{"type":"Feature","properties":{"id":446,"size":5.75,"time":"2024-01-08T23:02:04.013Z","class":"boulder"},"geometry":{"type":"Point","coordinates":[137.363651,-4.669081]}},{"type":"Feature","properties":{"id":447,"size":6.6899999999999995,"time":"2024-01-18T07:20:41.639Z","class":"boulder"},"geometry":{"type":"Point","coordinates":[137.361736,-4.66868]}},{"type":"Feature","properties":{"id":448,"size":8.86,"time":"2024-01-29T23:48:12.348Z","class":"boulder"},"geometry":{"type":"Point","coordinates":[137.378696,-4.658953]}},{"type":"Feature","properties":{"id":449,"size":6.1,"time":"2024-01-14T17:08:28.130Z","class":"boulder"},"geometry":{"type":"Point","coordinates":[137.362675,-4.671882]}},{"type":"Feature","properties":{"id":450,"size":0.1,"time":"2024-01-09T01:32:33.976Z","class":"rock"},"geometry":{"type":"Point","coordinates":[137.362742,-4.669759]}},{"type":"Feature","properties":{"id":451,"size":0.1,"time":"2024-01-12T18:55:26.605Z","class":"rock"},"geometry":{"type":"Point","coordinates":[137.373974,-4.664698]}},{"type":"Feature","properties":{"id":452,"size":0.15000000000000002,"time":"2024-01-30T18:45:03.783Z","class":"rock"},"geometry":{"type":"Point","coordinates":[137.363346,-4.671259]}},{"type":"Feature","properties":{"id":453,"size":0.18,"time":"2024-01-01T16:58:31.168Z","class":"rock"},"geometry":{"type":"Point","coordinates":[137.380246,-4.658352]}},{"type":"Feature","properties":{"id":454,"size":5.8,"time":"2024-01-28T18:52:55.381Z","class":"boulder"},"geometry":{"type":"Point","coordinates":[137.379854,-4.661393]}},{"type":"Feature","properties":{"id":455,"size":0.58,"time":"2024-01-09T20:39:09.887Z","class":"rock"},"geometry":{"type":"Point","coordinates":[137.377933,-4.667132]}},{"type":"Feature","properties":{"id":456,"size":0.45999999999999996,"time":"2024-01-05T14:52:54.012Z","class":"rock"},"geometry":{"type":"Point","coordinates":[137.372481,-4.663039]}},{"type":"Feature","properties":{"id":457,"size":3.48,"time":"2024-01-08T18:30:39.865Z","class":"rock"},"geometry":{"type":"Point","coordinates":[137.368411,-4.661459]}},{"type":"Feature","properties":{"id":458,"size":2.5500000000000003,"time":"2024-01-05T10:09:11.830Z","class":"rock"},"geometry":{"type":"Point","coordinates":[137.378831,-4.668561]}},{"type":"Feature","properties":{"id":459,"size":0.57,"time":"2024-01-04T13:12:57.354Z","class":"rock"},"geometry":{"type":"Point","coordinates":[137.380009,-4.658152]}},{"type":"Feature","properties":{"id":460,"size":0.22,"time":"2024-01-16T23:37:47.028Z","class":"rock"},"geometry":{"type":"Point","coordinates":[137.373702,-4.665405]}},{"type":"Feature","properties":{"id":461,"size":7.83,"time":"2024-01-10T00:08:52.420Z","class":"boulder"},"geometry":{"type":"Point","coordinates":[137.380728,-4.669174]}},{"type":"Feature","properties":{"id":462,"size":1.87,"time":"2024-01-14T14:12:58.148Z","class":"rock"},"geometry":{"type":"Point","coordinates":[137.364353,-4.671577]}},{"type":"Feature","properties":{"id":463,"size":0.19,"time":"2024-01-14T07:01:04.940Z","class":"rock"},"geometry":{"type":"Point","coordinates":[137.375433,-4.665666]}},{"type":"Feature","properties":{"id":464,"size":0.1,"time":"2024-01-12T08:18:27.787Z","class":"rock"},"geometry":{"type":"Point","coordinates":[137.360071,-4.67296]}},{"type":"Feature","properties":{"id":465,"size":8.37,"time":"2024-01-10T03:08:18.983Z","class":"boulder"},"geometry":{"type":"Point","coordinates":[137.363362,-4.667781]}},{"type":"Feature","properties":{"id":466,"size":0.11,"time":"2024-01-16T00:01:45.847Z","class":"rock"},"geometry":{"type":"Point","coordinates":[137.364837,-4.670676]}},{"type":"Feature","properties":{"id":467,"size":1.61,"time":"2024-01-28T05:21:43.590Z","class":"rock"},"geometry":{"type":"Point","coordinates":[137.36011,-4.673729]}},{"type":"Feature","properties":{"id":468,"size":1.09,"time":"2024-01-12T08:42:33.825Z","class":"rock"},"geometry":{"type":"Point","coordinates":[137.372662,-4.664807]}},{"type":"Feature","properties":{"id":469,"size":2.93,"time":"2024-01-24T13:14:45.552Z","class":"rock"},"geometry":{"type":"Point","coordinates":[137.379836,-4.669552]}},{"type":"Feature","properties":{"id":470,"size":0.11,"time":"2024-01-08T21:34:46.424Z","class":"rock"},"geometry":{"type":"Point","coordinates":[137.361803,-4.672827]}},{"type":"Feature","properties":{"id":471,"size":0.11,"time":"2024-01-22T06:11:37.526Z","class":"rock"},"geometry":{"type":"Point","coordinates":[137.364619,-4.668803]}},{"type":"Feature","properties":{"id":472,"size":1.4000000000000001,"time":"2024-01-16T04:45:22.217Z","class":"rock"},"geometry":{"type":"Point","coordinates":[137.379037,-4.658665]}},{"type":"Feature","properties":{"id":473,"size":0.98,"time":"2024-01-04T23:46:02.308Z","class":"rock"},"geometry":{"type":"Point","coordinates":[137.361537,-4.669535]}},{"type":"Feature","properties":{"id":474,"size":0.22,"time":"2024-01-28T19:13:03.255Z","class":"rock"},"geometry":{"type":"Point","coordinates":[137.37782,-4.660116]}},{"type":"Feature","properties":{"id":475,"size":5.93,"time":"2024-01-21T22:58:32.878Z","class":"boulder"},"geometry":{"type":"Point","coordinates":[137.373178,-4.663724]}},{"type":"Feature","properties":{"id":476,"size":0.12000000000000001,"time":"2024-01-20T21:54:29.201Z","class":"rock"},"geometry":{"type":"Point","coordinates":[137.373693,-4.676447]}},{"type":"Feature","properties":{"id":477,"size":0.13,"time":"2024-01-04T13:58:11.539Z","class":"rock"},"geometry":{"type":"Point","coordinates":[137.381526,-4.668173]}},{"type":"Feature","properties":{"id":478,"size":2.44,"time":"2024-01-12T19:05:48.277Z","class":"rock"},"geometry":{"type":"Point","coordinates":[137.380463,-4.668376]}},{"type":"Feature","properties":{"id":479,"size":1.4700000000000002,"time":"2024-01-05T01:16:36.337Z","class":"rock"},"geometry":{"type":"Point","coordinates":[137.361726,-4.670119]}},{"type":"Feature","properties":{"id":480,"size":0.18,"time":"2024-01-24T00:56:26.321Z","class":"rock"},"geometry":{"type":"Point","coordinates":[137.368147,-4.677227]}},{"type":"Feature","properties":{"id":481,"size":0.1,"time":"2024-01-28T06:35:17.140Z","class":"rock"},"geometry":{"type":"Point","coordinates":[137.38095,-4.669443]}},{"type":"Feature","properties":{"id":482,"size":6.21,"time":"2024-01-19T06:44:50.547Z","class":"boulder"},"geometry":{"type":"Point","coordinates":[137.362851,-4.66684]}},{"type":"Feature","properties":{"id":483,"size":1.4600000000000002,"time":"2024-01-27T13:14:50.342Z","class":"rock"},"geometry":{"type":"Point","coordinates":[137.36045,-4.661722]}},{"type":"Feature","properties":{"id":484,"size":0.1,"time":"2024-01-10T21:34:56.978Z","class":"rock"},"geometry":{"type":"Point","coordinates":[137.37271,-4.661032]}},{"type":"Feature","properties":{"id":485,"size":1.51,"time":"2024-01-24T19:50:04.278Z","class":"rock"},"geometry":{"type":"Point","coordinates":[137.363575,-4.668541]}},{"type":"Feature","properties":{"id":486,"size":8.75,"time":"2024-01-16T14:57:30.912Z","class":"boulder"},"geometry":{"type":"Point","coordinates":[137.379785,-4.66912]}},{"type":"Feature","properties":{"id":487,"size":0.11,"time":"2024-01-11T21:54:20.977Z","class":"rock"},"geometry":{"type":"Point","coordinates":[137.372002,-4.66342]}},{"type":"Feature","properties":{"id":488,"size":0.1,"time":"2024-01-01T13:14:06.340Z","class":"rock"},"geometry":{"type":"Point","coordinates":[137.362814,-4.668378]}},{"type":"Feature","properties":{"id":489,"size":4.3,"time":"2024-01-20T07:28:29.155Z","class":"rock"},"geometry":{"type":"Point","coordinates":[137.381702,-4.666217]}},{"type":"Feature","properties":{"id":490,"size":1.5,"time":"2024-01-10T17:08:32.040Z","class":"rock"},"geometry":{"type":"Point","coordinates":[137.371797,-4.677802]}},{"type":"Feature","properties":{"id":491,"size":3.81,"time":"2024-01-26T13:38:03.871Z","class":"rock"},"geometry":{"type":"Point","coordinates":[137.36932,-4.66363]}},{"type":"Feature","properties":{"id":492,"size":2.44,"time":"2024-01-06T07:00:45.589Z","class":"rock"},"geometry":{"type":"Point","coordinates":[137.362324,-4.67101]}},{"type":"Feature","properties":{"id":493,"size":0.21000000000000002,"time":"2024-01-11T09:21:28.975Z","class":"rock"},"geometry":{"type":"Point","coordinates":[137.378493,-4.677888]}},{"type":"Feature","properties":{"id":494,"size":0.11,"time":"2024-01-07T11:21:29.615Z","class":"rock"},"geometry":{"type":"Point","coordinates":[137.373561,-4.675288]}},{"type":"Feature","properties":{"id":495,"size":0.6699999999999999,"time":"2024-01-14T20:53:07.077Z","class":"rock"},"geometry":{"type":"Point","coordinates":[137.363545,-4.670268]}},{"type":"Feature","properties":{"id":496,"size":0.1,"time":"2024-01-30T05:01:12.356Z","class":"rock"},"geometry":{"type":"Point","coordinates":[137.376058,-4.670379]}},{"type":"Feature","properties":{"id":497,"size":8.31,"time":"2024-01-13T04:47:15.607Z","class":"boulder"},"geometry":{"type":"Point","coordinates":[137.362448,-4.670198]}},{"type":"Feature","properties":{"id":498,"size":8.129999999999999,"time":"2024-01-27T17:45:18.068Z","class":"boulder"},"geometry":{"type":"Point","coordinates":[137.363574,-4.667998]}},{"type":"Feature","properties":{"id":499,"size":0.13,"time":"2024-01-29T08:29:39.250Z","class":"rock"},"geometry":{"type":"Point","coordinates":[137.367532,-4.660235]}},{"type":"Feature","properties":{"id":500,"size":1.1400000000000001,"time":"2024-01-29T10:01:26.387Z","class":"rock"},"geometry":{"type":"Point","coordinates":[137.38038,-4.65952]}},{"type":"Feature","properties":{"id":501,"size":5.02,"time":"2024-01-26T07:59:07.595Z","class":"boulder"},"geometry":{"type":"Point","coordinates":[137.377459,-4.668311]}},{"type":"Feature","properties":{"id":502,"size":0.44999999999999996,"time":"2024-01-22T14:25:41.095Z","class":"rock"},"geometry":{"type":"Point","coordinates":[137.372216,-4.678865]}},{"type":"Feature","properties":{"id":503,"size":5.069999999999999,"time":"2024-01-25T00:57:57.544Z","class":"boulder"},"geometry":{"type":"Point","coordinates":[137.372975,-4.664072]}},{"type":"Feature","properties":{"id":504,"size":0.53,"time":"2024-01-01T18:06:35.171Z","class":"rock"},"geometry":{"type":"Point","coordinates":[137.367876,-4.666402]}},{"type":"Feature","properties":{"id":505,"size":8.15,"time":"2024-01-05T01:13:04.612Z","class":"boulder"},"geometry":{"type":"Point","coordinates":[137.379369,-4.669566]}},{"type":"Feature","properties":{"id":506,"size":0.22,"time":"2024-01-11T16:51:08.585Z","class":"rock"},"geometry":{"type":"Point","coordinates":[137.373072,-4.665694]}},{"type":"Feature","properties":{"id":507,"size":0.1,"time":"2024-01-01T10:10:21.547Z","class":"rock"},"geometry":{"type":"Point","coordinates":[137.373607,-4.676307]}},{"type":"Feature","properties":{"id":508,"size":2.5300000000000002,"time":"2024-01-13T17:43:03.454Z","class":"rock"},"geometry":{"type":"Point","coordinates":[137.371718,-4.663041]}},{"type":"Feature","properties":{"id":509,"size":0.42000000000000004,"time":"2024-01-29T10:51:45.459Z","class":"rock"},"geometry":{"type":"Point","coordinates":[137.377409,-4.669331]}},{"type":"Feature","properties":{"id":510,"size":0.59,"time":"2024-01-10T00:55:34.870Z","class":"rock"},"geometry":{"type":"Point","coordinates":[137.360648,-4.664362]}},{"type":"Feature","properties":{"id":511,"size":3.0100000000000002,"time":"2024-01-17T14:30:49.559Z","class":"rock"},"geometry":{"type":"Point","coordinates":[137.363787,-4.669592]}},{"type":"Feature","properties":{"id":512,"size":5.34,"time":"2024-01-05T04:52:48.907Z","class":"boulder"},"geometry":{"type":"Point","coordinates":[137.370787,-4.677354]}},{"type":"Feature","properties":{"id":513,"size":0.11,"time":"2024-01-09T12:15:01.825Z","class":"rock"},"geometry":{"type":"Point","coordinates":[137.378322,-4.65959]}},{"type":"Feature","properties":{"id":514,"size":1.3,"time":"2024-01-06T16:35:17.001Z","class":"rock"},"geometry":{"type":"Point","coordinates":[137.36836,-4.667934]}},{"type":"Feature","properties":{"id":515,"size":1.07,"time":"2024-01-16T14:12:02.264Z","class":"rock"},"geometry":{"type":"Point","coordinates":[137.379831,-4.667085]}},{"type":"Feature","properties":{"id":516,"size":0.99,"time":"2024-01-08T18:37:24.655Z","class":"rock"},"geometry":{"type":"Point","coordinates":[137.371546,-4.663272]}},{"type":"Feature","properties":{"id":517,"size":0.17,"time":"2024-01-17T12:31:22.032Z","class":"rock"},"geometry":{"type":"Point","coordinates":[137.379953,-4.657508]}},{"type":"Feature","properties":{"id":518,"size":4.319999999999999,"time":"2024-01-04T13:56:51.587Z","class":"rock"},"geometry":{"type":"Point","coordinates":[137.378928,-4.672959]}},{"type":"Feature","properties":{"id":519,"size":6.489999999999999,"time":"2024-01-30T09:45:59.748Z","class":"boulder"},"geometry":{"type":"Point","coordinates":[137.380494,-4.659516]}},{"type":"Feature","properties":{"id":520,"size":1.81,"time":"2024-01-07T23:45:52.553Z","class":"rock"},"geometry":{"type":"Point","coordinates":[137.367238,-4.675692]}},{"type":"Feature","properties":{"id":521,"size":0.1,"time":"2024-01-17T06:56:08.793Z","class":"rock"},"geometry":{"type":"Point","coordinates":[137.37027,-4.662086]}},{"type":"Feature","properties":{"id":522,"size":0.6,"time":"2024-01-14T02:43:41.204Z","class":"rock"},"geometry":{"type":"Point","coordinates":[137.364583,-4.669807]}},{"type":"Feature","properties":{"id":523,"size":3.87,"time":"2024-01-03T05:41:13.080Z","class":"rock"},"geometry":{"type":"Point","coordinates":[137.370527,-4.663609]}},{"type":"Feature","properties":{"id":524,"size":2.25,"time":"2024-01-21T01:36:43.123Z","class":"rock"},"geometry":{"type":"Point","coordinates":[137.377995,-4.657765]}},{"type":"Feature","properties":{"id":525,"size":2.14,"time":"2024-01-29T08:09:46.748Z","class":"rock"},"geometry":{"type":"Point","coordinates":[137.363713,-4.669306]}},{"type":"Feature","properties":{"id":526,"size":0.11,"time":"2024-01-27T15:03:11.902Z","class":"rock"},"geometry":{"type":"Point","coordinates":[137.379832,-4.661127]}},{"type":"Feature","properties":{"id":527,"size":0.11,"time":"2024-01-21T00:47:28.154Z","class":"rock"},"geometry":{"type":"Point","coordinates":[137.363389,-4.667657]}},{"type":"Feature","properties":{"id":528,"size":8.03,"time":"2024-01-20T21:10:01.597Z","class":"boulder"},"geometry":{"type":"Point","coordinates":[137.379782,-4.669151]}},{"type":"Feature","properties":{"id":529,"size":0.87,"time":"2024-01-09T23:43:18.753Z","class":"rock"},"geometry":{"type":"Point","coordinates":[137.379278,-4.657403]}},{"type":"Feature","properties":{"id":530,"size":1.54,"time":"2024-01-18T02:25:44.239Z","class":"rock"},"geometry":{"type":"Point","coordinates":[137.361767,-4.669097]}},{"type":"Feature","properties":{"id":531,"size":7.68,"time":"2024-01-08T02:42:43.483Z","class":"boulder"},"geometry":{"type":"Point","coordinates":[137.365131,-4.677364]}},{"type":"Feature","properties":{"id":532,"size":0.18,"time":"2024-01-07T02:59:48.016Z","class":"rock"},"geometry":{"type":"Point","coordinates":[137.370715,-4.659521]}},{"type":"Feature","properties":{"id":533,"size":1.83,"time":"2024-01-09T04:08:36.536Z","class":"rock"},"geometry":{"type":"Point","coordinates":[137.365173,-4.668661]}},{"type":"Feature","properties":{"id":534,"size":0.12000000000000001,"time":"2024-01-22T01:12:10.888Z","class":"rock"},"geometry":{"type":"Point","coordinates":[137.373402,-4.661214]}},{"type":"Feature","properties":{"id":535,"size":2.95,"time":"2024-01-25T13:53:12.820Z","class":"rock"},"geometry":{"type":"Point","coordinates":[137.369449,-4.66452]}},{"type":"Feature","properties":{"id":536,"size":2.58,"time":"2024-01-29T09:24:19.483Z","class":"rock"},"geometry":{"type":"Point","coordinates":[137.363729,-4.669987]}},{"type":"Feature","properties":{"id":537,"size":0.41000000000000003,"time":"2024-01-10T03:44:19.975Z","class":"rock"},"geometry":{"type":"Point","coordinates":[137.370502,-4.658619]}},{"type":"Feature","properties":{"id":538,"size":0.19,"time":"2024-01-11T19:18:19.818Z","class":"rock"},"geometry":{"type":"Point","coordinates":[137.370172,-4.661476]}},{"type":"Feature","properties":{"id":539,"size":0.12000000000000001,"time":"2024-01-30T23:05:09.582Z","class":"rock"},"geometry":{"type":"Point","coordinates":[137.380008,-4.657747]}},{"type":"Feature","properties":{"id":540,"size":0.43000000000000005,"time":"2024-01-21T05:16:24.783Z","class":"rock"},"geometry":{"type":"Point","coordinates":[137.3626,-4.667621]}},{"type":"Feature","properties":{"id":541,"size":0.11,"time":"2024-01-25T18:41:46.997Z","class":"rock"},"geometry":{"type":"Point","coordinates":[137.363329,-4.667263]}},{"type":"Feature","properties":{"id":542,"size":8.879999999999999,"time":"2024-01-17T19:09:21.803Z","class":"boulder"},"geometry":{"type":"Point","coordinates":[137.370007,-4.662054]}},{"type":"Feature","properties":{"id":543,"size":1.6300000000000001,"time":"2024-01-24T15:26:50.809Z","class":"rock"},"geometry":{"type":"Point","coordinates":[137.380781,-4.657399]}},{"type":"Feature","properties":{"id":544,"size":2.11,"time":"2024-01-26T06:37:43.135Z","class":"rock"},"geometry":{"type":"Point","coordinates":[137.363346,-4.668754]}},{"type":"Feature","properties":{"id":545,"size":0.12000000000000001,"time":"2024-01-19T10:06:48.631Z","class":"rock"},"geometry":{"type":"Point","coordinates":[137.362831,-4.673892]}},{"type":"Feature","properties":{"id":546,"size":8.44,"time":"2024-01-25T07:33:58.062Z","class":"boulder"},"geometry":{"type":"Point","coordinates":[137.369763,-4.664744]}},{"type":"Feature","properties":{"id":547,"size":0.11,"time":"2024-01-20T12:15:58.474Z","class":"rock"},"geometry":{"type":"Point","coordinates":[137.37278,-4.681186]}},{"type":"Feature","properties":{"id":548,"size":9.969999999999999,"time":"2024-01-24T00:26:29.888Z","class":"boulder"},"geometry":{"type":"Point","coordinates":[137.379775,-4.669934]}},{"type":"Feature","properties":{"id":549,"size":3.73,"time":"2024-01-11T03:06:07.068Z","class":"rock"},"geometry":{"type":"Point","coordinates":[137.372909,-4.675001]}},{"type":"Feature","properties":{"id":550,"size":0.43000000000000005,"time":"2024-01-29T07:00:55.504Z","class":"rock"},"geometry":{"type":"Point","coordinates":[137.380211,-4.669962]}},{"type":"Feature","properties":{"id":551,"size":0.49,"time":"2024-01-09T18:25:35.571Z","class":"rock"},"geometry":{"type":"Point","coordinates":[137.379125,-4.667107]}},{"type":"Feature","properties":{"id":552,"size":1.35,"time":"2024-01-20T08:11:26.980Z","class":"rock"},"geometry":{"type":"Point","coordinates":[137.365387,-4.668842]}},{"type":"Feature","properties":{"id":553,"size":8.040000000000001,"time":"2024-01-23T03:00:24.258Z","class":"boulder"},"geometry":{"type":"Point","coordinates":[137.362996,-4.66838]}},{"type":"Feature","properties":{"id":554,"size":2.7600000000000002,"time":"2024-01-24T05:42:06.490Z","class":"rock"},"geometry":{"type":"Point","coordinates":[137.379981,-4.668423]}},{"type":"Feature","properties":{"id":555,"size":1.6600000000000001,"time":"2024-01-04T23:01:26.527Z","class":"rock"},"geometry":{"type":"Point","coordinates":[137.371055,-4.677666]}},{"type":"Feature","properties":{"id":556,"size":0.13,"time":"2024-01-12T08:55:36.739Z","class":"rock"},"geometry":{"type":"Point","coordinates":[137.371434,-4.664112]}},{"type":"Feature","properties":{"id":557,"size":0.83,"time":"2024-01-29T06:07:27.150Z","class":"rock"},"geometry":{"type":"Point","coordinates":[137.36928,-4.665537]}},{"type":"Feature","properties":{"id":558,"size":0.1,"time":"2024-01-01T13:44:40.531Z","class":"rock"},"geometry":{"type":"Point","coordinates":[137.381001,-4.668707]}},{"type":"Feature","properties":{"id":559,"size":4.17,"time":"2024-01-06T07:25:30.873Z","class":"rock"},"geometry":{"type":"Point","coordinates":[137.373782,-4.677497]}},{"type":"Feature","properties":{"id":560,"size":1.1700000000000002,"time":"2024-01-21T13:21:43.838Z","class":"rock"},"geometry":{"type":"Point","coordinates":[137.370825,-4.664448]}},{"type":"Feature","properties":{"id":561,"size":0.13,"time":"2024-01-17T09:37:56.111Z","class":"rock"},"geometry":{"type":"Point","coordinates":[137.371285,-4.677002]}},{"type":"Feature","properties":{"id":562,"size":0.14,"time":"2024-01-17T14:04:45.091Z","class":"rock"},"geometry":{"type":"Point","coordinates":[137.370694,-4.662072]}},{"type":"Feature","properties":{"id":563,"size":1.33,"time":"2024-01-16T02:54:09.566Z","class":"rock"},"geometry":{"type":"Point","coordinates":[137.370858,-4.66483]}},{"type":"Feature","properties":{"id":564,"size":6.43,"time":"2024-01-23T00:53:58.484Z","class":"boulder"},"geometry":{"type":"Point","coordinates":[137.380087,-4.65915]}},{"type":"Feature","properties":{"id":565,"size":2.44,"time":"2024-01-26T05:24:49.202Z","class":"rock"},"geometry":{"type":"Point","coordinates":[137.363387,-4.667937]}},{"type":"Feature","properties":{"id":566,"size":4.1899999999999995,"time":"2024-01-04T04:36:45.374Z","class":"rock"},"geometry":{"type":"Point","coordinates":[137.362262,-4.668323]}},{"type":"Feature","properties":{"id":567,"size":3.27,"time":"2024-01-28T02:20:53.023Z","class":"rock"},"geometry":{"type":"Point","coordinates":[137.380424,-4.659701]}},{"type":"Feature","properties":{"id":568,"size":0.1,"time":"2024-01-14T02:49:17.409Z","class":"rock"},"geometry":{"type":"Point","coordinates":[137.381606,-4.66806]}},{"type":"Feature","properties":{"id":569,"size":0.2,"time":"2024-01-05T14:23:06.291Z","class":"rock"},"geometry":{"type":"Point","coordinates":[137.363135,-4.670247]}},{"type":"Feature","properties":{"id":570,"size":0.1,"time":"2024-01-02T18:51:40.695Z","class":"rock"},"geometry":{"type":"Point","coordinates":[137.378785,-4.658568]}},{"type":"Feature","properties":{"id":571,"size":3.52,"time":"2024-01-26T18:09:08.341Z","class":"rock"},"geometry":{"type":"Point","coordinates":[137.379717,-4.670557]}},{"type":"Feature","properties":{"id":572,"size":0.12000000000000001,"time":"2024-01-15T16:26:59.167Z","class":"rock"},"geometry":{"type":"Point","coordinates":[137.366205,-4.674647]}},{"type":"Feature","properties":{"id":573,"size":3.21,"time":"2024-01-16T13:00:43.614Z","class":"rock"},"geometry":{"type":"Point","coordinates":[137.380478,-4.670488]}},{"type":"Feature","properties":{"id":574,"size":0.26,"time":"2024-01-25T18:51:59.667Z","class":"rock"},"geometry":{"type":"Point","coordinates":[137.373588,-4.678372]}},{"type":"Feature","properties":{"id":575,"size":5.93,"time":"2024-01-02T05:47:09.452Z","class":"boulder"},"geometry":{"type":"Point","coordinates":[137.363125,-4.667379]}},{"type":"Feature","properties":{"id":576,"size":0.32,"time":"2024-01-08T19:06:18.401Z","class":"rock"},"geometry":{"type":"Point","coordinates":[137.37295,-4.665084]}},{"type":"Feature","properties":{"id":577,"size":1.4000000000000001,"time":"2024-01-17T12:23:02.539Z","class":"rock"},"geometry":{"type":"Point","coordinates":[137.379318,-4.668661]}},{"type":"Feature","properties":{"id":578,"size":1.27,"time":"2024-01-16T08:37:18.456Z","class":"rock"},"geometry":{"type":"Point","coordinates":[137.380186,-4.669337]}},{"type":"Feature","properties":{"id":579,"size":0.7,"time":"2024-01-01T07:46:53.292Z","class":"rock"},"geometry":{"type":"Point","coordinates":[137.363321,-4.668489]}},{"type":"Feature","properties":{"id":580,"size":1.9400000000000002,"time":"2024-01-11T18:37:56.243Z","class":"rock"},"geometry":{"type":"Point","coordinates":[137.369355,-4.663249]}},{"type":"Feature","properties":{"id":581,"size":9.67,"time":"2024-01-11T18:43:13.811Z","class":"boulder"},"geometry":{"type":"Point","coordinates":[137.379561,-4.657037]}},{"type":"Feature","properties":{"id":582,"size":7.279999999999999,"time":"2024-01-27T03:33:53.405Z","class":"boulder"},"geometry":{"type":"Point","coordinates":[137.379645,-4.658915]}},{"type":"Feature","properties":{"id":583,"size":0.17,"time":"2024-01-28T12:17:09.415Z","class":"rock"},"geometry":{"type":"Point","coordinates":[137.372989,-4.680003]}},{"type":"Feature","properties":{"id":584,"size":3.45,"time":"2024-01-30T20:14:47.953Z","class":"rock"},"geometry":{"type":"Point","coordinates":[137.370755,-4.665009]}},{"type":"Feature","properties":{"id":585,"size":0.1,"time":"2024-01-21T08:27:55.373Z","class":"rock"},"geometry":{"type":"Point","coordinates":[137.369211,-4.670638]}},{"type":"Feature","properties":{"id":586,"size":0.4,"time":"2024-01-28T14:20:56.077Z","class":"rock"},"geometry":{"type":"Point","coordinates":[137.362767,-4.669296]}},{"type":"Feature","properties":{"id":587,"size":0.17,"time":"2024-01-12T23:16:33.328Z","class":"rock"},"geometry":{"type":"Point","coordinates":[137.370521,-4.6775]}},{"type":"Feature","properties":{"id":588,"size":0.14,"time":"2024-01-11T03:56:51.348Z","class":"rock"},"geometry":{"type":"Point","coordinates":[137.366723,-4.664267]}},{"type":"Feature","properties":{"id":589,"size":0.11,"time":"2024-01-03T00:33:23.325Z","class":"rock"},"geometry":{"type":"Point","coordinates":[137.378823,-4.657453]}},{"type":"Feature","properties":{"id":590,"size":9.68,"time":"2024-01-04T07:28:31.903Z","class":"boulder"},"geometry":{"type":"Point","coordinates":[137.373259,-4.677876]}},{"type":"Feature","properties":{"id":591,"size":0.12000000000000001,"time":"2024-01-28T23:10:08.773Z","class":"rock"},"geometry":{"type":"Point","coordinates":[137.36697,-4.675659]}},{"type":"Feature","properties":{"id":592,"size":0.18,"time":"2024-01-10T08:04:30.279Z","class":"rock"},"geometry":{"type":"Point","coordinates":[137.376926,-4.658859]}},{"type":"Feature","properties":{"id":593,"size":3.62,"time":"2024-01-13T14:21:27.488Z","class":"rock"},"geometry":{"type":"Point","coordinates":[137.366627,-4.658542]}},{"type":"Feature","properties":{"id":594,"size":7.13,"time":"2024-01-17T04:52:01.041Z","class":"boulder"},"geometry":{"type":"Point","coordinates":[137.372919,-4.678944]}},{"type":"Feature","properties":{"id":595,"size":5.52,"time":"2024-01-16T01:28:45.970Z","class":"boulder"},"geometry":{"type":"Point","coordinates":[137.378851,-4.668713]}},{"type":"Feature","properties":{"id":596,"size":0.95,"time":"2024-01-18T09:27:05.745Z","class":"rock"},"geometry":{"type":"Point","coordinates":[137.374069,-4.681807]}},{"type":"Feature","properties":{"id":597,"size":1.6300000000000001,"time":"2024-01-06T00:50:36.670Z","class":"rock"},"geometry":{"type":"Point","coordinates":[137.380172,-4.668099]}},{"type":"Feature","properties":{"id":598,"size":2.56,"time":"2024-01-25T00:41:08.021Z","class":"rock"},"geometry":{"type":"Point","coordinates":[137.372911,-4.66529]}},{"type":"Feature","properties":{"id":599,"size":9.42,"time":"2024-01-13T06:48:00.451Z","class":"boulder"},"geometry":{"type":"Point","coordinates":[137.378573,-4.668764]}},{"type":"Feature","properties":{"id":600,"size":5,"time":"2024-01-07T00:36:07.627Z","class":"rock"},"geometry":{"type":"Point","coordinates":[137.372126,-4.664686]}},{"type":"Feature","properties":{"id":601,"size":6.8,"time":"2024-01-26T13:08:56.419Z","class":"boulder"},"geometry":{"type":"Point","coordinates":[137.381652,-4.658468]}},{"type":"Feature","properties":{"id":602,"size":4.659999999999999,"time":"2024-01-27T00:10:43.016Z","class":"rock"},"geometry":{"type":"Point","coordinates":[137.363419,-4.668996]}},{"type":"Feature","properties":{"id":603,"size":0.12000000000000001,"time":"2024-01-18T02:45:53.191Z","class":"rock"},"geometry":{"type":"Point","coordinates":[137.371234,-4.661006]}},{"type":"Feature","properties":{"id":604,"size":2.16,"time":"2024-01-07T16:08:43.953Z","class":"rock"},"geometry":{"type":"Point","coordinates":[137.363419,-4.667929]}},{"type":"Feature","properties":{"id":605,"size":0.11,"time":"2024-01-21T07:27:55.395Z","class":"rock"},"geometry":{"type":"Point","coordinates":[137.370924,-4.662304]}},{"type":"Feature","properties":{"id":606,"size":1.4500000000000002,"time":"2024-01-16T14:40:22.954Z","class":"rock"},"geometry":{"type":"Point","coordinates":[137.36332,-4.664611]}},{"type":"Feature","properties":{"id":607,"size":2.46,"time":"2024-01-07T03:28:05.550Z","class":"rock"},"geometry":{"type":"Point","coordinates":[137.378943,-4.659471]}},{"type":"Feature","properties":{"id":608,"size":1.54,"time":"2024-01-03T04:00:22.992Z","class":"rock"},"geometry":{"type":"Point","coordinates":[137.362204,-4.670629]}},{"type":"Feature","properties":{"id":609,"size":0.1,"time":"2024-01-25T11:21:12.581Z","class":"rock"},"geometry":{"type":"Point","coordinates":[137.362072,-4.667974]}},{"type":"Feature","properties":{"id":610,"size":3.0500000000000003,"time":"2024-01-17T19:25:58.218Z","class":"rock"},"geometry":{"type":"Point","coordinates":[137.380714,-4.671281]}},{"type":"Feature","properties":{"id":611,"size":0.1,"time":"2024-01-25T10:28:50.239Z","class":"rock"},"geometry":{"type":"Point","coordinates":[137.369898,-4.674805]}},{"type":"Feature","properties":{"id":612,"size":1.7100000000000002,"time":"2024-01-01T14:54:31.448Z","class":"rock"},"geometry":{"type":"Point","coordinates":[137.3727,-4.664229]}},{"type":"Feature","properties":{"id":613,"size":7.75,"time":"2024-01-10T05:20:49.980Z","class":"boulder"},"geometry":{"type":"Point","coordinates":[137.373889,-4.663089]}},{"type":"Feature","properties":{"id":614,"size":0.11,"time":"2024-01-13T19:31:26.158Z","class":"rock"},"geometry":{"type":"Point","coordinates":[137.360151,-4.677081]}},{"type":"Feature","properties":{"id":615,"size":2.09,"time":"2024-01-04T18:55:32.467Z","class":"rock"},"geometry":{"type":"Point","coordinates":[137.366501,-4.667896]}},{"type":"Feature","properties":{"id":616,"size":4.14,"time":"2024-01-30T14:26:18.149Z","class":"rock"},"geometry":{"type":"Point","coordinates":[137.375032,-4.676625]}},{"type":"Feature","properties":{"id":617,"size":3.19,"time":"2024-01-02T00:19:44.074Z","class":"rock"},"geometry":{"type":"Point","coordinates":[137.381148,-4.668784]}},{"type":"Feature","properties":{"id":618,"size":1.49,"time":"2024-01-12T00:07:35.579Z","class":"rock"},"geometry":{"type":"Point","coordinates":[137.372423,-4.671773]}},{"type":"Feature","properties":{"id":619,"size":0.97,"time":"2024-01-02T12:32:51.671Z","class":"rock"},"geometry":{"type":"Point","coordinates":[137.372471,-4.678908]}},{"type":"Feature","properties":{"id":620,"size":8.34,"time":"2024-01-11T08:40:42.585Z","class":"boulder"},"geometry":{"type":"Point","coordinates":[137.37237,-4.673505]}},{"type":"Feature","properties":{"id":621,"size":0.22,"time":"2024-01-13T02:23:34.674Z","class":"rock"},"geometry":{"type":"Point","coordinates":[137.362739,-4.66735]}},{"type":"Feature","properties":{"id":622,"size":5.029999999999999,"time":"2024-01-02T07:19:01.597Z","class":"boulder"},"geometry":{"type":"Point","coordinates":[137.371125,-4.67926]}},{"type":"Feature","properties":{"id":623,"size":5.449999999999999,"time":"2024-01-03T08:52:33.464Z","class":"boulder"},"geometry":{"type":"Point","coordinates":[137.36296,-4.668191]}},{"type":"Feature","properties":{"id":624,"size":4.8,"time":"2024-01-05T16:26:12.376Z","class":"rock"},"geometry":{"type":"Point","coordinates":[137.370357,-4.678143]}},{"type":"Feature","properties":{"id":625,"size":0.33999999999999997,"time":"2024-01-18T08:27:11.938Z","class":"rock"},"geometry":{"type":"Point","coordinates":[137.37936,-4.67758]}},{"type":"Feature","properties":{"id":626,"size":0.1,"time":"2024-01-27T15:01:07.825Z","class":"rock"},"geometry":{"type":"Point","coordinates":[137.378591,-4.660938]}},{"type":"Feature","properties":{"id":627,"size":0.12000000000000001,"time":"2024-01-23T16:36:08.819Z","class":"rock"},"geometry":{"type":"Point","coordinates":[137.364086,-4.674728]}},{"type":"Feature","properties":{"id":628,"size":0.11,"time":"2024-01-07T02:54:24.969Z","class":"rock"},"geometry":{"type":"Point","coordinates":[137.36335,-4.66976]}},{"type":"Feature","properties":{"id":629,"size":0.63,"time":"2024-01-07T06:42:20.016Z","class":"rock"},"geometry":{"type":"Point","coordinates":[137.379636,-4.659911]}},{"type":"Feature","properties":{"id":630,"size":0.7899999999999999,"time":"2024-01-22T00:09:34.018Z","class":"rock"},"geometry":{"type":"Point","coordinates":[137.37666,-4.669635]}},{"type":"Feature","properties":{"id":631,"size":3.29,"time":"2024-01-19T00:21:17.150Z","class":"rock"},"geometry":{"type":"Point","coordinates":[137.374807,-4.671639]}},{"type":"Feature","properties":{"id":632,"size":7.42,"time":"2024-01-28T05:37:15.753Z","class":"boulder"},"geometry":{"type":"Point","coordinates":[137.362184,-4.668732]}},{"type":"Feature","properties":{"id":633,"size":1.82,"time":"2024-01-28T23:16:15.874Z","class":"rock"},"geometry":{"type":"Point","coordinates":[137.378802,-4.66782]}},{"type":"Feature","properties":{"id":634,"size":0.1,"time":"2024-01-30T14:06:26.606Z","class":"rock"},"geometry":{"type":"Point","coordinates":[137.363204,-4.668243]}},{"type":"Feature","properties":{"id":635,"size":8.94,"time":"2024-01-15T21:53:13.505Z","class":"boulder"},"geometry":{"type":"Point","coordinates":[137.379034,-4.671546]}},{"type":"Feature","properties":{"id":636,"size":4.14,"time":"2024-01-07T00:09:37.913Z","class":"rock"},"geometry":{"type":"Point","coordinates":[137.378192,-4.675716]}},{"type":"Feature","properties":{"id":637,"size":0.1,"time":"2024-01-01T04:30:49.910Z","class":"rock"},"geometry":{"type":"Point","coordinates":[137.378095,-4.660588]}},{"type":"Feature","properties":{"id":638,"size":7.09,"time":"2024-01-13T19:52:22.239Z","class":"boulder"},"geometry":{"type":"Point","coordinates":[137.364876,-4.658131]}},{"type":"Feature","properties":{"id":639,"size":0.12000000000000001,"time":"2024-01-01T16:09:07.650Z","class":"rock"},"geometry":{"type":"Point","coordinates":[137.381623,-4.667409]}},{"type":"Feature","properties":{"id":640,"size":1.3800000000000001,"time":"2024-01-23T12:28:44.905Z","class":"rock"},"geometry":{"type":"Point","coordinates":[137.362661,-4.666635]}},{"type":"Feature","properties":{"id":641,"size":7.6899999999999995,"time":"2024-01-22T17:15:10.325Z","class":"boulder"},"geometry":{"type":"Point","coordinates":[137.364983,-4.663981]}},{"type":"Feature","properties":{"id":642,"size":2.8400000000000003,"time":"2024-01-12T01:26:13.159Z","class":"rock"},"geometry":{"type":"Point","coordinates":[137.371044,-4.679648]}},{"type":"Feature","properties":{"id":643,"size":0.38,"time":"2024-01-24T16:15:43.034Z","class":"rock"},"geometry":{"type":"Point","coordinates":[137.37356,-4.665823]}},{"type":"Feature","properties":{"id":644,"size":0.1,"time":"2024-01-15T06:28:09.528Z","class":"rock"},"geometry":{"type":"Point","coordinates":[137.364456,-4.669797]}},{"type":"Feature","properties":{"id":645,"size":0.15000000000000002,"time":"2024-01-09T21:24:17.836Z","class":"rock"},"geometry":{"type":"Point","coordinates":[137.373711,-4.677818]}},{"type":"Feature","properties":{"id":646,"size":8.1,"time":"2024-01-11T08:39:40.913Z","class":"boulder"},"geometry":{"type":"Point","coordinates":[137.36199,-4.670504]}},{"type":"Feature","properties":{"id":647,"size":2.38,"time":"2024-01-06T23:12:16.586Z","class":"rock"},"geometry":{"type":"Point","coordinates":[137.378564,-4.664292]}},{"type":"Feature","properties":{"id":648,"size":9.77,"time":"2024-01-05T01:31:28.897Z","class":"boulder"},"geometry":{"type":"Point","coordinates":[137.371017,-4.661251]}},{"type":"Feature","properties":{"id":649,"size":7.4799999999999995,"time":"2024-01-19T07:24:51.066Z","class":"boulder"},"geometry":{"type":"Point","coordinates":[137.363422,-4.667474]}},{"type":"Feature","properties":{"id":650,"size":0.1,"time":"2024-01-25T02:03:25.720Z","class":"rock"},"geometry":{"type":"Point","coordinates":[137.364505,-4.66832]}},{"type":"Feature","properties":{"id":651,"size":2.07,"time":"2024-01-14T22:19:14.339Z","class":"rock"},"geometry":{"type":"Point","coordinates":[137.379122,-4.659054]}},{"type":"Feature","properties":{"id":652,"size":3.98,"time":"2024-01-25T20:09:34.295Z","class":"rock"},"geometry":{"type":"Point","coordinates":[137.365781,-4.672742]}},{"type":"Feature","properties":{"id":653,"size":0.97,"time":"2024-01-06T23:15:17.888Z","class":"rock"},"geometry":{"type":"Point","coordinates":[137.37162,-4.664501]}},{"type":"Feature","properties":{"id":654,"size":0.1,"time":"2024-01-24T07:13:07.061Z","class":"rock"},"geometry":{"type":"Point","coordinates":[137.370647,-4.676532]}},{"type":"Feature","properties":{"id":655,"size":6.89,"time":"2024-01-28T07:04:35.938Z","class":"boulder"},"geometry":{"type":"Point","coordinates":[137.377369,-4.668639]}},{"type":"Feature","properties":{"id":656,"size":1.54,"time":"2024-01-29T09:31:45.328Z","class":"rock"},"geometry":{"type":"Point","coordinates":[137.373811,-4.66479]}},{"type":"Feature","properties":{"id":657,"size":0.63,"time":"2024-01-20T06:25:09.243Z","class":"rock"},"geometry":{"type":"Point","coordinates":[137.374359,-4.662527]}},{"type":"Feature","properties":{"id":658,"size":5.159999999999999,"time":"2024-01-23T01:46:21.869Z","class":"boulder"},"geometry":{"type":"Point","coordinates":[137.379163,-4.658465]}},{"type":"Feature","properties":{"id":659,"size":0.1,"time":"2024-01-20T22:16:12.568Z","class":"rock"},"geometry":{"type":"Point","coordinates":[137.360764,-4.660497]}},{"type":"Feature","properties":{"id":660,"size":5.26,"time":"2024-01-26T12:43:03.053Z","class":"boulder"},"geometry":{"type":"Point","coordinates":[137.371158,-4.663543]}},{"type":"Feature","properties":{"id":661,"size":4.22,"time":"2024-01-01T06:18:56.092Z","class":"rock"},"geometry":{"type":"Point","coordinates":[137.369934,-4.663556]}},{"type":"Feature","properties":{"id":662,"size":0.39,"time":"2024-01-02T05:50:32.825Z","class":"rock"},"geometry":{"type":"Point","coordinates":[137.379134,-4.669169]}},{"type":"Feature","properties":{"id":663,"size":0.1,"time":"2024-01-19T10:23:15.641Z","class":"rock"},"geometry":{"type":"Point","coordinates":[137.380281,-4.658875]}},{"type":"Feature","properties":{"id":664,"size":1.9600000000000002,"time":"2024-01-21T01:36:58.435Z","class":"rock"},"geometry":{"type":"Point","coordinates":[137.36252,-4.670253]}},{"type":"Feature","properties":{"id":665,"size":0.14,"time":"2024-01-14T20:59:29.203Z","class":"rock"},"geometry":{"type":"Point","coordinates":[137.37013,-4.677123]}},{"type":"Feature","properties":{"id":666,"size":0.35,"time":"2024-01-04T03:23:19.094Z","class":"rock"},"geometry":{"type":"Point","coordinates":[137.367499,-4.659379]}},{"type":"Feature","properties":{"id":667,"size":0.59,"time":"2024-01-06T09:31:04.671Z","class":"rock"},"geometry":{"type":"Point","coordinates":[137.380548,-4.668521]}},{"type":"Feature","properties":{"id":668,"size":5.319999999999999,"time":"2024-01-15T22:20:16.513Z","class":"boulder"},"geometry":{"type":"Point","coordinates":[137.376463,-4.664963]}},{"type":"Feature","properties":{"id":669,"size":7.83,"time":"2024-01-04T13:03:15.297Z","class":"boulder"},"geometry":{"type":"Point","coordinates":[137.362675,-4.669142]}},{"type":"Feature","properties":{"id":670,"size":0.24000000000000002,"time":"2024-01-09T10:49:11.261Z","class":"rock"},"geometry":{"type":"Point","coordinates":[137.36201,-4.670521]}},{"type":"Feature","properties":{"id":671,"size":8.15,"time":"2024-01-30T13:47:24.659Z","class":"boulder"},"geometry":{"type":"Point","coordinates":[137.377479,-4.670279]}},{"type":"Feature","properties":{"id":672,"size":2.5500000000000003,"time":"2024-01-11T03:15:20.070Z","class":"rock"},"geometry":{"type":"Point","coordinates":[137.370242,-4.676017]}},{"type":"Feature","properties":{"id":673,"size":0.18,"time":"2024-01-30T22:26:01.119Z","class":"rock"},"geometry":{"type":"Point","coordinates":[137.373264,-4.676461]}},{"type":"Feature","properties":{"id":674,"size":0.1,"time":"2024-01-23T02:59:03.701Z","class":"rock"},"geometry":{"type":"Point","coordinates":[137.373561,-4.675763]}},{"type":"Feature","properties":{"id":675,"size":0.15000000000000002,"time":"2024-01-22T08:18:12.832Z","class":"rock"},"geometry":{"type":"Point","coordinates":[137.368448,-4.661551]}},{"type":"Feature","properties":{"id":676,"size":3.79,"time":"2024-01-20T19:42:18.995Z","class":"rock"},"geometry":{"type":"Point","coordinates":[137.372268,-4.662738]}},{"type":"Feature","properties":{"id":677,"size":0.1,"time":"2024-01-06T08:45:36.493Z","class":"rock"},"geometry":{"type":"Point","coordinates":[137.368797,-4.666377]}},{"type":"Feature","properties":{"id":678,"size":0.1,"time":"2024-01-06T04:22:17.314Z","class":"rock"},"geometry":{"type":"Point","coordinates":[137.379045,-4.66213]}},{"type":"Feature","properties":{"id":679,"size":1.34,"time":"2024-01-09T10:01:23.348Z","class":"rock"},"geometry":{"type":"Point","coordinates":[137.3636,-4.667726]}},{"type":"Feature","properties":{"id":680,"size":2.18,"time":"2024-01-19T08:55:09.322Z","class":"rock"},"geometry":{"type":"Point","coordinates":[137.372325,-4.676575]}},{"type":"Feature","properties":{"id":681,"size":0.58,"time":"2024-01-05T22:32:31.463Z","class":"rock"},"geometry":{"type":"Point","coordinates":[137.378842,-4.671428]}},{"type":"Feature","properties":{"id":682,"size":0.15000000000000002,"time":"2024-01-01T22:46:23.789Z","class":"rock"},"geometry":{"type":"Point","coordinates":[137.380416,-4.658248]}},{"type":"Feature","properties":{"id":683,"size":6.97,"time":"2024-01-20T17:22:00.844Z","class":"boulder"},"geometry":{"type":"Point","coordinates":[137.371877,-4.67874]}},{"type":"Feature","properties":{"id":684,"size":0.48,"time":"2024-01-23T05:05:02.219Z","class":"rock"},"geometry":{"type":"Point","coordinates":[137.363048,-4.668442]}},{"type":"Feature","properties":{"id":685,"size":4.159999999999999,"time":"2024-01-03T19:25:28.868Z","class":"rock"},"geometry":{"type":"Point","coordinates":[137.3747,-4.680258]}},{"type":"Feature","properties":{"id":686,"size":6.279999999999999,"time":"2024-01-11T15:43:24.831Z","class":"boulder"},"geometry":{"type":"Point","coordinates":[137.380368,-4.657874]}},{"type":"Feature","properties":{"id":687,"size":2.77,"time":"2024-01-04T04:22:11.660Z","class":"rock"},"geometry":{"type":"Point","coordinates":[137.362703,-4.660738]}},{"type":"Feature","properties":{"id":688,"size":2.73,"time":"2024-01-30T20:55:37.878Z","class":"rock"},"geometry":{"type":"Point","coordinates":[137.363187,-4.667381]}},{"type":"Feature","properties":{"id":689,"size":0.56,"time":"2024-01-07T02:34:50.272Z","class":"rock"},"geometry":{"type":"Point","coordinates":[137.381738,-4.660674]}},{"type":"Feature","properties":{"id":690,"size":0.84,"time":"2024-01-02T15:27:29.055Z","class":"rock"},"geometry":{"type":"Point","coordinates":[137.380055,-4.658322]}},{"type":"Feature","properties":{"id":691,"size":0.29000000000000004,"time":"2024-01-16T07:52:28.505Z","class":"rock"},"geometry":{"type":"Point","coordinates":[137.362793,-4.669995]}},{"type":"Feature","properties":{"id":692,"size":2.24,"time":"2024-01-30T12:25:29.390Z","class":"rock"},"geometry":{"type":"Point","coordinates":[137.360994,-4.67162]}},{"type":"Feature","properties":{"id":693,"size":4.52,"time":"2024-01-04T09:08:53.173Z","class":"rock"},"geometry":{"type":"Point","coordinates":[137.380852,-4.659881]}},{"type":"Feature","properties":{"id":694,"size":6.619999999999999,"time":"2024-01-30T07:21:57.101Z","class":"boulder"},"geometry":{"type":"Point","coordinates":[137.370231,-4.665115]}},{"type":"Feature","properties":{"id":695,"size":0.11,"time":"2024-01-13T10:26:31.007Z","class":"rock"},"geometry":{"type":"Point","coordinates":[137.380137,-4.669959]}},{"type":"Feature","properties":{"id":696,"size":7.02,"time":"2024-01-10T12:01:43.843Z","class":"boulder"},"geometry":{"type":"Point","coordinates":[137.380423,-4.669572]}},{"type":"Feature","properties":{"id":697,"size":1.3900000000000001,"time":"2024-01-15T14:25:30.963Z","class":"rock"},"geometry":{"type":"Point","coordinates":[137.380231,-4.659075]}},{"type":"Feature","properties":{"id":698,"size":1.84,"time":"2024-01-28T03:15:23.829Z","class":"rock"},"geometry":{"type":"Point","coordinates":[137.363188,-4.666799]}},{"type":"Feature","properties":{"id":699,"size":0.13,"time":"2024-01-19T07:24:02.812Z","class":"rock"},"geometry":{"type":"Point","coordinates":[137.380671,-4.668216]}},{"type":"Feature","properties":{"id":700,"size":0.17,"time":"2024-01-28T23:50:54.907Z","class":"rock"},"geometry":{"type":"Point","coordinates":[137.377128,-4.663442]}},{"type":"Feature","properties":{"id":701,"size":8.51,"time":"2024-01-29T20:56:23.773Z","class":"boulder"},"geometry":{"type":"Point","coordinates":[137.380759,-4.669412]}},{"type":"Feature","properties":{"id":702,"size":1.77,"time":"2024-01-16T16:20:24.842Z","class":"rock"},"geometry":{"type":"Point","coordinates":[137.371807,-4.66125]}},{"type":"Feature","properties":{"id":703,"size":0.63,"time":"2024-01-20T17:30:06.110Z","class":"rock"},"geometry":{"type":"Point","coordinates":[137.377865,-4.659044]}},{"type":"Feature","properties":{"id":704,"size":6.46,"time":"2024-01-30T07:11:44.151Z","class":"boulder"},"geometry":{"type":"Point","coordinates":[137.381251,-4.669482]}},{"type":"Feature","properties":{"id":705,"size":6.93,"time":"2024-01-01T11:54:15.165Z","class":"boulder"},"geometry":{"type":"Point","coordinates":[137.378111,-4.658548]}},{"type":"Feature","properties":{"id":706,"size":2.22,"time":"2024-01-27T22:38:37.139Z","class":"rock"},"geometry":{"type":"Point","coordinates":[137.380437,-4.658729]}},{"type":"Feature","properties":{"id":707,"size":0.17,"time":"2024-01-04T11:04:32.165Z","class":"rock"},"geometry":{"type":"Point","coordinates":[137.381303,-4.65725]}},{"type":"Feature","properties":{"id":708,"size":2.74,"time":"2024-01-28T22:18:32.033Z","class":"rock"},"geometry":{"type":"Point","coordinates":[137.363862,-4.668703]}},{"type":"Feature","properties":{"id":709,"size":0.13,"time":"2024-01-07T21:30:12.813Z","class":"rock"},"geometry":{"type":"Point","coordinates":[137.373959,-4.665093]}},{"type":"Feature","properties":{"id":710,"size":2.73,"time":"2024-01-15T16:12:03.040Z","class":"rock"},"geometry":{"type":"Point","coordinates":[137.363233,-4.669298]}},{"type":"Feature","properties":{"id":711,"size":0.63,"time":"2024-01-19T04:25:56.951Z","class":"rock"},"geometry":{"type":"Point","coordinates":[137.373268,-4.662368]}},{"type":"Feature","properties":{"id":712,"size":0.11,"time":"2024-01-27T04:17:18.394Z","class":"rock"},"geometry":{"type":"Point","coordinates":[137.361255,-4.66866]}},{"type":"Feature","properties":{"id":713,"size":6.04,"time":"2024-01-24T23:48:16.224Z","class":"boulder"},"geometry":{"type":"Point","coordinates":[137.362931,-4.671849]}},{"type":"Feature","properties":{"id":714,"size":0.52,"time":"2024-01-19T09:44:14.346Z","class":"rock"},"geometry":{"type":"Point","coordinates":[137.363614,-4.669981]}},{"type":"Feature","properties":{"id":715,"size":1.49,"time":"2024-01-28T16:51:38.565Z","class":"rock"},"geometry":{"type":"Point","coordinates":[137.375948,-4.673691]}},{"type":"Feature","properties":{"id":716,"size":0.53,"time":"2024-01-08T02:32:26.104Z","class":"rock"},"geometry":{"type":"Point","coordinates":[137.361615,-4.659657]}},{"type":"Feature","properties":{"id":717,"size":0.84,"time":"2024-01-26T20:38:44.540Z","class":"rock"},"geometry":{"type":"Point","coordinates":[137.374108,-4.677434]}},{"type":"Feature","properties":{"id":718,"size":9.889999999999999,"time":"2024-01-21T12:25:28.119Z","class":"boulder"},"geometry":{"type":"Point","coordinates":[137.362659,-4.668806]}},{"type":"Feature","properties":{"id":719,"size":0.39,"time":"2024-01-23T09:58:42.404Z","class":"rock"},"geometry":{"type":"Point","coordinates":[137.371851,-4.666926]}},{"type":"Feature","properties":{"id":720,"size":6.26,"time":"2024-01-07T00:37:46.008Z","class":"boulder"},"geometry":{"type":"Point","coordinates":[137.364223,-4.668046]}},{"type":"Feature","properties":{"id":721,"size":0.1,"time":"2024-01-14T20:11:44.606Z","class":"rock"},"geometry":{"type":"Point","coordinates":[137.362885,-4.668776]}},{"type":"Feature","properties":{"id":722,"size":0.14,"time":"2024-01-06T15:35:08.060Z","class":"rock"},"geometry":{"type":"Point","coordinates":[137.380601,-4.667686]}},{"type":"Feature","properties":{"id":723,"size":8.83,"time":"2024-01-24T06:39:34.063Z","class":"boulder"},"geometry":{"type":"Point","coordinates":[137.364334,-4.660982]}},{"type":"Feature","properties":{"id":724,"size":1.32,"time":"2024-01-20T21:37:19.176Z","class":"rock"},"geometry":{"type":"Point","coordinates":[137.36257,-4.668652]}},{"type":"Feature","properties":{"id":725,"size":7.38,"time":"2024-01-18T22:46:33.698Z","class":"boulder"},"geometry":{"type":"Point","coordinates":[137.37208,-4.664249]}},{"type":"Feature","properties":{"id":726,"size":0.15000000000000002,"time":"2024-01-14T04:05:47.279Z","class":"rock"},"geometry":{"type":"Point","coordinates":[137.370869,-4.659215]}},{"type":"Feature","properties":{"id":727,"size":0.24000000000000002,"time":"2024-01-21T00:38:47.583Z","class":"rock"},"geometry":{"type":"Point","coordinates":[137.370154,-4.678391]}},{"type":"Feature","properties":{"id":728,"size":5.779999999999999,"time":"2024-01-05T09:34:22.438Z","class":"boulder"},"geometry":{"type":"Point","coordinates":[137.369227,-4.668801]}},{"type":"Feature","properties":{"id":729,"size":1.99,"time":"2024-01-27T20:51:51.009Z","class":"rock"},"geometry":{"type":"Point","coordinates":[137.372243,-4.677851]}},{"type":"Feature","properties":{"id":730,"size":8.709999999999999,"time":"2024-01-18T12:11:42.891Z","class":"boulder"},"geometry":{"type":"Point","coordinates":[137.366235,-4.67295]}},{"type":"Feature","properties":{"id":731,"size":1.28,"time":"2024-01-13T09:51:24.832Z","class":"rock"},"geometry":{"type":"Point","coordinates":[137.379247,-4.660623]}},{"type":"Feature","properties":{"id":732,"size":7.22,"time":"2024-01-15T21:02:38.233Z","class":"boulder"},"geometry":{"type":"Point","coordinates":[137.363556,-4.668851]}},{"type":"Feature","properties":{"id":733,"size":0.63,"time":"2024-01-23T18:32:28.512Z","class":"rock"},"geometry":{"type":"Point","coordinates":[137.376563,-4.673306]}},{"type":"Feature","properties":{"id":734,"size":1.3800000000000001,"time":"2024-01-22T00:54:05.585Z","class":"rock"},"geometry":{"type":"Point","coordinates":[137.36226,-4.671289]}},{"type":"Feature","properties":{"id":735,"size":0.73,"time":"2024-01-05T22:17:32.789Z","class":"rock"},"geometry":{"type":"Point","coordinates":[137.380898,-4.67104]}},{"type":"Feature","properties":{"id":736,"size":9.719999999999999,"time":"2024-01-14T02:52:52.972Z","class":"boulder"},"geometry":{"type":"Point","coordinates":[137.37262,-4.662486]}},{"type":"Feature","properties":{"id":737,"size":0.1,"time":"2024-01-21T11:57:01.525Z","class":"rock"},"geometry":{"type":"Point","coordinates":[137.363664,-4.669067]}},{"type":"Feature","properties":{"id":738,"size":2.65,"time":"2024-01-22T05:33:38.259Z","class":"rock"},"geometry":{"type":"Point","coordinates":[137.37223,-4.659066]}},{"type":"Feature","properties":{"id":739,"size":1.52,"time":"2024-01-12T13:11:49.089Z","class":"rock"},"geometry":{"type":"Point","coordinates":[137.363362,-4.670007]}},{"type":"Feature","properties":{"id":740,"size":0.13,"time":"2024-01-17T19:54:51.816Z","class":"rock"},"geometry":{"type":"Point","coordinates":[137.373587,-4.660597]}},{"type":"Feature","properties":{"id":741,"size":0.1,"time":"2024-01-11T10:54:17.785Z","class":"rock"},"geometry":{"type":"Point","coordinates":[137.363037,-4.669587]}},{"type":"Feature","properties":{"id":742,"size":9.36,"time":"2024-01-21T20:03:32.945Z","class":"boulder"},"geometry":{"type":"Point","coordinates":[137.379335,-4.668221]}},{"type":"Feature","properties":{"id":743,"size":4.05,"time":"2024-01-06T20:40:55.663Z","class":"rock"},"geometry":{"type":"Point","coordinates":[137.380539,-4.669648]}},{"type":"Feature","properties":{"id":744,"size":0.1,"time":"2024-01-15T12:15:03.223Z","class":"rock"},"geometry":{"type":"Point","coordinates":[137.369864,-4.660321]}},{"type":"Feature","properties":{"id":745,"size":2.19,"time":"2024-01-03T03:49:36.095Z","class":"rock"},"geometry":{"type":"Point","coordinates":[137.364794,-4.677174]}},{"type":"Feature","properties":{"id":746,"size":0.1,"time":"2024-01-21T14:12:47.962Z","class":"rock"},"geometry":{"type":"Point","coordinates":[137.379902,-4.659281]}},{"type":"Feature","properties":{"id":747,"size":0.1,"time":"2024-01-30T05:27:42.928Z","class":"rock"},"geometry":{"type":"Point","coordinates":[137.36368,-4.669827]}},{"type":"Feature","properties":{"id":748,"size":5.02,"time":"2024-01-25T16:34:17.856Z","class":"boulder"},"geometry":{"type":"Point","coordinates":[137.380146,-4.657124]}},{"type":"Feature","properties":{"id":749,"size":0.14,"time":"2024-01-13T00:43:17.562Z","class":"rock"},"geometry":{"type":"Point","coordinates":[137.374152,-4.679682]}},{"type":"Feature","properties":{"id":750,"size":0.1,"time":"2024-01-07T21:10:44.778Z","class":"rock"},"geometry":{"type":"Point","coordinates":[137.380226,-4.660628]}},{"type":"Feature","properties":{"id":751,"size":9.26,"time":"2024-01-13T18:58:32.497Z","class":"boulder"},"geometry":{"type":"Point","coordinates":[137.362125,-4.668378]}},{"type":"Feature","properties":{"id":752,"size":6.4399999999999995,"time":"2024-01-18T04:21:55.048Z","class":"boulder"},"geometry":{"type":"Point","coordinates":[137.372113,-4.66428]}},{"type":"Feature","properties":{"id":753,"size":5.369999999999999,"time":"2024-01-04T15:00:21.252Z","class":"boulder"},"geometry":{"type":"Point","coordinates":[137.380565,-4.667102]}},{"type":"Feature","properties":{"id":754,"size":6.409999999999999,"time":"2024-01-19T02:46:28.055Z","class":"boulder"},"geometry":{"type":"Point","coordinates":[137.370666,-4.672885]}},{"type":"Feature","properties":{"id":755,"size":6.67,"time":"2024-01-23T04:36:18.295Z","class":"boulder"},"geometry":{"type":"Point","coordinates":[137.380417,-4.671472]}},{"type":"Feature","properties":{"id":756,"size":2.3200000000000003,"time":"2024-01-11T16:25:17.024Z","class":"rock"},"geometry":{"type":"Point","coordinates":[137.365865,-4.677056]}},{"type":"Feature","properties":{"id":757,"size":0.59,"time":"2024-01-27T16:44:44.848Z","class":"rock"},"geometry":{"type":"Point","coordinates":[137.362886,-4.669687]}},{"type":"Feature","properties":{"id":758,"size":0.11,"time":"2024-01-15T19:19:07.111Z","class":"rock"},"geometry":{"type":"Point","coordinates":[137.371816,-4.676452]}},{"type":"Feature","properties":{"id":759,"size":0.11,"time":"2024-01-30T05:24:12.213Z","class":"rock"},"geometry":{"type":"Point","coordinates":[137.37342,-4.677877]}},{"type":"Feature","properties":{"id":760,"size":0.29000000000000004,"time":"2024-01-14T16:48:44.779Z","class":"rock"},"geometry":{"type":"Point","coordinates":[137.360746,-4.672464]}},{"type":"Feature","properties":{"id":761,"size":1.25,"time":"2024-01-16T21:12:43.416Z","class":"rock"},"geometry":{"type":"Point","coordinates":[137.37977,-4.668839]}},{"type":"Feature","properties":{"id":762,"size":1.33,"time":"2024-01-19T16:10:00.844Z","class":"rock"},"geometry":{"type":"Point","coordinates":[137.363297,-4.672402]}},{"type":"Feature","properties":{"id":763,"size":1.4400000000000002,"time":"2024-01-01T03:18:57.802Z","class":"rock"},"geometry":{"type":"Point","coordinates":[137.373951,-4.662677]}},{"type":"Feature","properties":{"id":764,"size":0.53,"time":"2024-01-17T01:28:19.352Z","class":"rock"},"geometry":{"type":"Point","coordinates":[137.377186,-4.671017]}},{"type":"Feature","properties":{"id":765,"size":3.23,"time":"2024-01-07T17:41:51.510Z","class":"rock"},"geometry":{"type":"Point","coordinates":[137.371376,-4.678501]}},{"type":"Feature","properties":{"id":766,"size":0.83,"time":"2024-01-02T11:30:40.517Z","class":"rock"},"geometry":{"type":"Point","coordinates":[137.361888,-4.669542]}},{"type":"Feature","properties":{"id":767,"size":9.69,"time":"2024-01-22T20:59:39.818Z","class":"boulder"},"geometry":{"type":"Point","coordinates":[137.361552,-4.669117]}},{"type":"Feature","properties":{"id":768,"size":0.26,"time":"2024-01-10T06:46:16.035Z","class":"rock"},"geometry":{"type":"Point","coordinates":[137.362906,-4.669085]}},{"type":"Feature","properties":{"id":769,"size":9.19,"time":"2024-01-08T10:48:54.807Z","class":"boulder"},"geometry":{"type":"Point","coordinates":[137.372207,-4.662824]}},{"type":"Feature","properties":{"id":770,"size":0.17,"time":"2024-01-17T22:27:22.378Z","class":"rock"},"geometry":{"type":"Point","coordinates":[137.36196,-4.669621]}},{"type":"Feature","properties":{"id":771,"size":0.47,"time":"2024-01-17T20:51:00.582Z","class":"rock"},"geometry":{"type":"Point","coordinates":[137.363014,-4.67015]}},{"type":"Feature","properties":{"id":772,"size":2.12,"time":"2024-01-28T08:34:33.165Z","class":"rock"},"geometry":{"type":"Point","coordinates":[137.380637,-4.667107]}},{"type":"Feature","properties":{"id":773,"size":0.1,"time":"2024-01-22T05:58:03.970Z","class":"rock"},"geometry":{"type":"Point","coordinates":[137.373173,-4.675555]}},{"type":"Feature","properties":{"id":774,"size":1.3900000000000001,"time":"2024-01-16T13:08:38.863Z","class":"rock"},"geometry":{"type":"Point","coordinates":[137.362314,-4.67106]}},{"type":"Feature","properties":{"id":775,"size":4.369999999999999,"time":"2024-01-16T03:10:54.966Z","class":"rock"},"geometry":{"type":"Point","coordinates":[137.363925,-4.668471]}},{"type":"Feature","properties":{"id":776,"size":3.3400000000000003,"time":"2024-01-15T10:05:43.686Z","class":"rock"},"geometry":{"type":"Point","coordinates":[137.38064,-4.668939]}},{"type":"Feature","properties":{"id":777,"size":3.58,"time":"2024-01-26T07:35:47.291Z","class":"rock"},"geometry":{"type":"Point","coordinates":[137.369033,-4.67699]}},{"type":"Feature","properties":{"id":778,"size":0.30000000000000004,"time":"2024-01-11T06:44:03.186Z","class":"rock"},"geometry":{"type":"Point","coordinates":[137.369867,-4.676721]}},{"type":"Feature","properties":{"id":779,"size":0.54,"time":"2024-01-11T20:49:56.139Z","class":"rock"},"geometry":{"type":"Point","coordinates":[137.371066,-4.677857]}},{"type":"Feature","properties":{"id":780,"size":2.7,"time":"2024-01-01T17:25:27.621Z","class":"rock"},"geometry":{"type":"Point","coordinates":[137.379862,-4.658854]}},{"type":"Feature","properties":{"id":781,"size":0.41000000000000003,"time":"2024-01-30T19:44:39.957Z","class":"rock"},"geometry":{"type":"Point","coordinates":[137.363387,-4.6675]}},{"type":"Feature","properties":{"id":782,"size":1.31,"time":"2024-01-26T10:01:19.603Z","class":"rock"},"geometry":{"type":"Point","coordinates":[137.372285,-4.662991]}},{"type":"Feature","properties":{"id":783,"size":6.779999999999999,"time":"2024-01-30T09:25:18.597Z","class":"boulder"},"geometry":{"type":"Point","coordinates":[137.379633,-4.658634]}},{"type":"Feature","properties":{"id":784,"size":2.56,"time":"2024-01-27T10:16:10.709Z","class":"rock"},"geometry":{"type":"Point","coordinates":[137.364546,-4.672921]}},{"type":"Feature","properties":{"id":785,"size":3.17,"time":"2024-01-06T22:54:57.194Z","class":"rock"},"geometry":{"type":"Point","coordinates":[137.37252,-4.665008]}},{"type":"Feature","properties":{"id":786,"size":1.1800000000000002,"time":"2024-01-02T20:57:27.246Z","class":"rock"},"geometry":{"type":"Point","coordinates":[137.361827,-4.668228]}},{"type":"Feature","properties":{"id":787,"size":0.14,"time":"2024-01-12T14:26:35.040Z","class":"rock"},"geometry":{"type":"Point","coordinates":[137.372073,-4.677237]}},{"type":"Feature","properties":{"id":788,"size":0.1,"time":"2024-01-16T17:08:39.714Z","class":"rock"},"geometry":{"type":"Point","coordinates":[137.372456,-4.662475]}},{"type":"Feature","properties":{"id":789,"size":7.97,"time":"2024-01-09T19:54:53.192Z","class":"boulder"},"geometry":{"type":"Point","coordinates":[137.376654,-4.6779]}},{"type":"Feature","properties":{"id":790,"size":1.9700000000000002,"time":"2024-01-01T05:20:56.406Z","class":"rock"},"geometry":{"type":"Point","coordinates":[137.371305,-4.678914]}},{"type":"Feature","properties":{"id":791,"size":1.1900000000000002,"time":"2024-01-27T11:03:32.298Z","class":"rock"},"geometry":{"type":"Point","coordinates":[137.37361,-4.676739]}},{"type":"Feature","properties":{"id":792,"size":1.77,"time":"2024-01-29T20:48:39.539Z","class":"rock"},"geometry":{"type":"Point","coordinates":[137.379581,-4.669282]}},{"type":"Feature","properties":{"id":793,"size":0.1,"time":"2024-01-01T00:53:31.336Z","class":"rock"},"geometry":{"type":"Point","coordinates":[137.371604,-4.679986]}},{"type":"Feature","properties":{"id":794,"size":0.44999999999999996,"time":"2024-01-25T03:04:47.411Z","class":"rock"},"geometry":{"type":"Point","coordinates":[137.373038,-4.664537]}},{"type":"Feature","properties":{"id":795,"size":6.96,"time":"2024-01-20T01:17:31.393Z","class":"boulder"},"geometry":{"type":"Point","coordinates":[137.374354,-4.664083]}},{"type":"Feature","properties":{"id":796,"size":0.62,"time":"2024-01-02T20:33:12.647Z","class":"rock"},"geometry":{"type":"Point","coordinates":[137.36334,-4.668667]}},{"type":"Feature","properties":{"id":797,"size":0.39,"time":"2024-01-12T21:03:37.014Z","class":"rock"},"geometry":{"type":"Point","coordinates":[137.371361,-4.663291]}},{"type":"Feature","properties":{"id":798,"size":1.7200000000000002,"time":"2024-01-18T16:14:16.200Z","class":"rock"},"geometry":{"type":"Point","coordinates":[137.371416,-4.66325]}},{"type":"Feature","properties":{"id":799,"size":0.14,"time":"2024-01-06T10:11:21.592Z","class":"rock"},"geometry":{"type":"Point","coordinates":[137.369304,-4.678569]}},{"type":"Feature","properties":{"id":800,"size":9.52,"time":"2024-01-29T08:16:55.605Z","class":"boulder"},"geometry":{"type":"Point","coordinates":[137.369916,-4.676984]}},{"type":"Feature","properties":{"id":801,"size":0.11,"time":"2024-01-04T08:22:42.398Z","class":"rock"},"geometry":{"type":"Point","coordinates":[137.363679,-4.667355]}},{"type":"Feature","properties":{"id":802,"size":2.16,"time":"2024-01-11T14:17:34.561Z","class":"rock"},"geometry":{"type":"Point","coordinates":[137.365628,-4.676811]}},{"type":"Feature","properties":{"id":803,"size":1.7200000000000002,"time":"2024-01-15T20:36:45.994Z","class":"rock"},"geometry":{"type":"Point","coordinates":[137.36181,-4.66822]}},{"type":"Feature","properties":{"id":804,"size":0.18,"time":"2024-01-25T17:50:22.229Z","class":"rock"},"geometry":{"type":"Point","coordinates":[137.36196,-4.669176]}},{"type":"Feature","properties":{"id":805,"size":5.9799999999999995,"time":"2024-01-17T20:20:14.986Z","class":"boulder"},"geometry":{"type":"Point","coordinates":[137.371372,-4.659225]}},{"type":"Feature","properties":{"id":806,"size":0.1,"time":"2024-01-18T07:57:09.499Z","class":"rock"},"geometry":{"type":"Point","coordinates":[137.363251,-4.668669]}},{"type":"Feature","properties":{"id":807,"size":0.28,"time":"2024-01-08T14:22:45.688Z","class":"rock"},"geometry":{"type":"Point","coordinates":[137.372475,-4.663003]}},{"type":"Feature","properties":{"id":808,"size":7.569999999999999,"time":"2024-01-30T05:54:11.337Z","class":"boulder"},"geometry":{"type":"Point","coordinates":[137.364164,-4.66959]}},{"type":"Feature","properties":{"id":809,"size":0.28,"time":"2024-01-14T02:58:36.548Z","class":"rock"},"geometry":{"type":"Point","coordinates":[137.367256,-4.667217]}},{"type":"Feature","properties":{"id":810,"size":0.11,"time":"2024-01-20T07:21:32.870Z","class":"rock"},"geometry":{"type":"Point","coordinates":[137.380409,-4.658008]}},{"type":"Feature","properties":{"id":811,"size":9.59,"time":"2024-01-21T05:53:15.692Z","class":"boulder"},"geometry":{"type":"Point","coordinates":[137.377007,-4.668045]}},{"type":"Feature","properties":{"id":812,"size":6.369999999999999,"time":"2024-01-23T16:38:10.545Z","class":"boulder"},"geometry":{"type":"Point","coordinates":[137.371962,-4.677973]}},{"type":"Feature","properties":{"id":813,"size":1.85,"time":"2024-01-15T13:39:31.944Z","class":"rock"},"geometry":{"type":"Point","coordinates":[137.36327,-4.6678]}},{"type":"Feature","properties":{"id":814,"size":4.88,"time":"2024-01-06T18:10:21.209Z","class":"rock"},"geometry":{"type":"Point","coordinates":[137.378782,-4.666627]}},{"type":"Feature","properties":{"id":815,"size":0.1,"time":"2024-01-06T12:54:57.646Z","class":"rock"},"geometry":{"type":"Point","coordinates":[137.366648,-4.676929]}},{"type":"Feature","properties":{"id":816,"size":1.6300000000000001,"time":"2024-01-23T19:15:50.852Z","class":"rock"},"geometry":{"type":"Point","coordinates":[137.379703,-4.659216]}},{"type":"Feature","properties":{"id":817,"size":0.22,"time":"2024-01-25T08:57:20.207Z","class":"rock"},"geometry":{"type":"Point","coordinates":[137.364279,-4.669027]}},{"type":"Feature","properties":{"id":818,"size":6.819999999999999,"time":"2024-01-09T06:58:38.948Z","class":"boulder"},"geometry":{"type":"Point","coordinates":[137.373485,-4.664823]}},{"type":"Feature","properties":{"id":819,"size":2.23,"time":"2024-01-13T14:12:17.388Z","class":"rock"},"geometry":{"type":"Point","coordinates":[137.373871,-4.660908]}},{"type":"Feature","properties":{"id":820,"size":5.79,"time":"2024-01-16T20:37:44.113Z","class":"boulder"},"geometry":{"type":"Point","coordinates":[137.378012,-4.658477]}},{"type":"Feature","properties":{"id":821,"size":6.359999999999999,"time":"2024-01-12T14:31:19.597Z","class":"boulder"},"geometry":{"type":"Point","coordinates":[137.38148,-4.668503]}},{"type":"Feature","properties":{"id":822,"size":0.1,"time":"2024-01-30T02:45:33.887Z","class":"rock"},"geometry":{"type":"Point","coordinates":[137.361364,-4.670777]}},{"type":"Feature","properties":{"id":823,"size":0.15000000000000002,"time":"2024-01-04T05:01:26.798Z","class":"rock"},"geometry":{"type":"Point","coordinates":[137.381038,-4.658939]}},{"type":"Feature","properties":{"id":824,"size":0.33,"time":"2024-01-07T17:54:16.081Z","class":"rock"},"geometry":{"type":"Point","coordinates":[137.377875,-4.662508]}},{"type":"Feature","properties":{"id":825,"size":0.45999999999999996,"time":"2024-01-18T09:32:49.108Z","class":"rock"},"geometry":{"type":"Point","coordinates":[137.363069,-4.668396]}},{"type":"Feature","properties":{"id":826,"size":5.39,"time":"2024-01-05T21:59:00.125Z","class":"boulder"},"geometry":{"type":"Point","coordinates":[137.373864,-4.67835]}},{"type":"Feature","properties":{"id":827,"size":7.17,"time":"2024-01-29T18:12:42.424Z","class":"boulder"},"geometry":{"type":"Point","coordinates":[137.378335,-4.677441]}},{"type":"Feature","properties":{"id":828,"size":0.14,"time":"2024-01-11T23:52:39.624Z","class":"rock"},"geometry":{"type":"Point","coordinates":[137.378423,-4.658975]}},{"type":"Feature","properties":{"id":829,"size":9.65,"time":"2024-01-04T03:50:16.412Z","class":"boulder"},"geometry":{"type":"Point","coordinates":[137.382932,-4.66818]}},{"type":"Feature","properties":{"id":830,"size":0.12000000000000001,"time":"2024-01-03T02:44:00.472Z","class":"rock"},"geometry":{"type":"Point","coordinates":[137.363662,-4.66872]}},{"type":"Feature","properties":{"id":831,"size":2.27,"time":"2024-01-10T01:46:08.778Z","class":"rock"},"geometry":{"type":"Point","coordinates":[137.380154,-4.659413]}},{"type":"Feature","properties":{"id":832,"size":6.2299999999999995,"time":"2024-01-28T02:03:03.525Z","class":"boulder"},"geometry":{"type":"Point","coordinates":[137.380695,-4.660235]}},{"type":"Feature","properties":{"id":833,"size":5.619999999999999,"time":"2024-01-30T23:47:33.396Z","class":"boulder"},"geometry":{"type":"Point","coordinates":[137.378743,-4.658387]}},{"type":"Feature","properties":{"id":834,"size":0.39,"time":"2024-01-07T01:23:25.002Z","class":"rock"},"geometry":{"type":"Point","coordinates":[137.363026,-4.668998]}},{"type":"Feature","properties":{"id":835,"size":0.13,"time":"2024-01-11T11:24:40.186Z","class":"rock"},"geometry":{"type":"Point","coordinates":[137.378267,-4.670817]}},{"type":"Feature","properties":{"id":836,"size":0.36,"time":"2024-01-10T20:33:01.324Z","class":"rock"},"geometry":{"type":"Point","coordinates":[137.364364,-4.66816]}},{"type":"Feature","properties":{"id":837,"size":0.18,"time":"2024-01-13T07:05:44.951Z","class":"rock"},"geometry":{"type":"Point","coordinates":[137.366475,-4.66908]}},{"type":"Feature","properties":{"id":838,"size":7.34,"time":"2024-01-30T17:19:00.386Z","class":"boulder"},"geometry":{"type":"Point","coordinates":[137.379632,-4.667899]}},{"type":"Feature","properties":{"id":839,"size":2.3000000000000003,"time":"2024-01-04T17:53:55.328Z","class":"rock"},"geometry":{"type":"Point","coordinates":[137.378611,-4.675187]}},{"type":"Feature","properties":{"id":840,"size":0.24000000000000002,"time":"2024-01-16T14:38:42.755Z","class":"rock"},"geometry":{"type":"Point","coordinates":[137.371692,-4.677425]}},{"type":"Feature","properties":{"id":841,"size":0.32,"time":"2024-01-09T19:59:51.913Z","class":"rock"},"geometry":{"type":"Point","coordinates":[137.372124,-4.664438]}},{"type":"Feature","properties":{"id":842,"size":7.05,"time":"2024-01-01T03:37:44.193Z","class":"boulder"},"geometry":{"type":"Point","coordinates":[137.367482,-4.673903]}},{"type":"Feature","properties":{"id":843,"size":1.1300000000000001,"time":"2024-01-26T12:47:16.826Z","class":"rock"},"geometry":{"type":"Point","coordinates":[137.378952,-4.66857]}},{"type":"Feature","properties":{"id":844,"size":6,"time":"2024-01-11T22:29:00.154Z","class":"boulder"},"geometry":{"type":"Point","coordinates":[137.361951,-4.675083]}},{"type":"Feature","properties":{"id":845,"size":2.35,"time":"2024-01-09T23:20:24.507Z","class":"rock"},"geometry":{"type":"Point","coordinates":[137.379433,-4.659491]}},{"type":"Feature","properties":{"id":846,"size":0.99,"time":"2024-01-07T06:42:59.742Z","class":"rock"},"geometry":{"type":"Point","coordinates":[137.36009,-4.660038]}},{"type":"Feature","properties":{"id":847,"size":0.1,"time":"2024-01-09T15:49:36.853Z","class":"rock"},"geometry":{"type":"Point","coordinates":[137.38056,-4.657747]}},{"type":"Feature","properties":{"id":848,"size":0.45999999999999996,"time":"2024-01-21T10:34:32.612Z","class":"rock"},"geometry":{"type":"Point","coordinates":[137.363295,-4.668209]}},{"type":"Feature","properties":{"id":849,"size":0.12000000000000001,"time":"2024-01-19T13:29:52.578Z","class":"rock"},"geometry":{"type":"Point","coordinates":[137.369553,-4.666009]}},{"type":"Feature","properties":{"id":850,"size":6.6499999999999995,"time":"2024-01-28T17:27:09.316Z","class":"boulder"},"geometry":{"type":"Point","coordinates":[137.380972,-4.659212]}},{"type":"Feature","properties":{"id":851,"size":7.369999999999999,"time":"2024-01-04T11:13:17.296Z","class":"boulder"},"geometry":{"type":"Point","coordinates":[137.372982,-4.664527]}},{"type":"Feature","properties":{"id":852,"size":2.43,"time":"2024-01-29T08:57:13.167Z","class":"rock"},"geometry":{"type":"Point","coordinates":[137.372212,-4.678202]}},{"type":"Feature","properties":{"id":853,"size":7.77,"time":"2024-01-14T08:08:30.197Z","class":"boulder"},"geometry":{"type":"Point","coordinates":[137.375423,-4.675711]}},{"type":"Feature","properties":{"id":854,"size":0.11,"time":"2024-01-24T09:15:44.734Z","class":"rock"},"geometry":{"type":"Point","coordinates":[137.372397,-4.662955]}},{"type":"Feature","properties":{"id":855,"size":9.18,"time":"2024-01-18T08:19:08.005Z","class":"boulder"},"geometry":{"type":"Point","coordinates":[137.378868,-4.66882]}},{"type":"Feature","properties":{"id":856,"size":1.82,"time":"2024-01-09T01:48:22.590Z","class":"rock"},"geometry":{"type":"Point","coordinates":[137.380422,-4.658511]}},{"type":"Feature","properties":{"id":857,"size":0.13,"time":"2024-01-23T08:12:00.601Z","class":"rock"},"geometry":{"type":"Point","coordinates":[137.381398,-4.669269]}},{"type":"Feature","properties":{"id":858,"size":4.26,"time":"2024-01-02T21:50:59.581Z","class":"rock"},"geometry":{"type":"Point","coordinates":[137.380994,-4.656731]}},{"type":"Feature","properties":{"id":859,"size":4.119999999999999,"time":"2024-01-11T19:32:26.120Z","class":"rock"},"geometry":{"type":"Point","coordinates":[137.375454,-4.670136]}},{"type":"Feature","properties":{"id":860,"size":0.76,"time":"2024-01-18T12:36:28.882Z","class":"rock"},"geometry":{"type":"Point","coordinates":[137.362685,-4.670639]}},{"type":"Feature","properties":{"id":861,"size":2.77,"time":"2024-01-02T21:02:13.282Z","class":"rock"},"geometry":{"type":"Point","coordinates":[137.373666,-4.67626]}},{"type":"Feature","properties":{"id":862,"size":9.48,"time":"2024-01-12T03:08:38.547Z","class":"boulder"},"geometry":{"type":"Point","coordinates":[137.363118,-4.668933]}},{"type":"Feature","properties":{"id":863,"size":6.8,"time":"2024-01-23T14:59:37.926Z","class":"boulder"},"geometry":{"type":"Point","coordinates":[137.376415,-4.670004]}},{"type":"Feature","properties":{"id":864,"size":0.29000000000000004,"time":"2024-01-30T14:06:46.407Z","class":"rock"},"geometry":{"type":"Point","coordinates":[137.379948,-4.666584]}},{"type":"Feature","properties":{"id":865,"size":3.5900000000000003,"time":"2024-01-16T01:39:17.760Z","class":"rock"},"geometry":{"type":"Point","coordinates":[137.381335,-4.668918]}},{"type":"Feature","properties":{"id":866,"size":2.36,"time":"2024-01-20T07:05:50.825Z","class":"rock"},"geometry":{"type":"Point","coordinates":[137.362151,-4.669997]}},{"type":"Feature","properties":{"id":867,"size":0.12000000000000001,"time":"2024-01-12T21:06:22.766Z","class":"rock"},"geometry":{"type":"Point","coordinates":[137.363118,-4.668939]}},{"type":"Feature","properties":{"id":868,"size":2.7,"time":"2024-01-13T20:44:02.641Z","class":"rock"},"geometry":{"type":"Point","coordinates":[137.361735,-4.670424]}},{"type":"Feature","properties":{"id":869,"size":0.1,"time":"2024-01-17T00:51:54.442Z","class":"rock"},"geometry":{"type":"Point","coordinates":[137.364309,-4.673119]}},{"type":"Feature","properties":{"id":870,"size":6.43,"time":"2024-01-12T04:59:27.373Z","class":"boulder"},"geometry":{"type":"Point","coordinates":[137.379024,-4.671389]}},{"type":"Feature","properties":{"id":871,"size":0.84,"time":"2024-01-26T08:51:58.348Z","class":"rock"},"geometry":{"type":"Point","coordinates":[137.36163,-4.673528]}},{"type":"Feature","properties":{"id":872,"size":0.33,"time":"2024-01-08T15:51:07.702Z","class":"rock"},"geometry":{"type":"Point","coordinates":[137.374101,-4.666539]}},{"type":"Feature","properties":{"id":873,"size":6.58,"time":"2024-01-06T23:06:39.260Z","class":"boulder"},"geometry":{"type":"Point","coordinates":[137.378774,-4.658451]}},{"type":"Feature","properties":{"id":874,"size":0.63,"time":"2024-01-23T14:35:23.050Z","class":"rock"},"geometry":{"type":"Point","coordinates":[137.376934,-4.677086]}},{"type":"Feature","properties":{"id":875,"size":0.74,"time":"2024-01-28T02:31:00.673Z","class":"rock"},"geometry":{"type":"Point","coordinates":[137.378198,-4.669354]}},{"type":"Feature","properties":{"id":876,"size":1.2100000000000002,"time":"2024-01-18T10:26:27.343Z","class":"rock"},"geometry":{"type":"Point","coordinates":[137.36265,-4.668902]}},{"type":"Feature","properties":{"id":877,"size":0.26,"time":"2024-01-19T22:32:49.664Z","class":"rock"},"geometry":{"type":"Point","coordinates":[137.363261,-4.669568]}},{"type":"Feature","properties":{"id":878,"size":0.33,"time":"2024-01-03T04:35:39.566Z","class":"rock"},"geometry":{"type":"Point","coordinates":[137.372126,-4.677234]}},{"type":"Feature","properties":{"id":879,"size":3.31,"time":"2024-01-10T05:40:49.354Z","class":"rock"},"geometry":{"type":"Point","coordinates":[137.380036,-4.668584]}},{"type":"Feature","properties":{"id":880,"size":0.11,"time":"2024-01-17T15:39:01.479Z","class":"rock"},"geometry":{"type":"Point","coordinates":[137.362532,-4.670285]}},{"type":"Feature","properties":{"id":881,"size":0.23,"time":"2024-01-14T15:35:10.740Z","class":"rock"},"geometry":{"type":"Point","coordinates":[137.374116,-4.674476]}},{"type":"Feature","properties":{"id":882,"size":7.819999999999999,"time":"2024-01-23T01:26:31.644Z","class":"boulder"},"geometry":{"type":"Point","coordinates":[137.377584,-4.667011]}},{"type":"Feature","properties":{"id":883,"size":9.83,"time":"2024-01-22T23:14:12.514Z","class":"boulder"},"geometry":{"type":"Point","coordinates":[137.361289,-4.67032]}},{"type":"Feature","properties":{"id":884,"size":0.64,"time":"2024-01-03T14:30:08.859Z","class":"rock"},"geometry":{"type":"Point","coordinates":[137.369224,-4.674786]}},{"type":"Feature","properties":{"id":885,"size":2.81,"time":"2024-01-25T20:38:45.094Z","class":"rock"},"geometry":{"type":"Point","coordinates":[137.37484,-4.680511]}},{"type":"Feature","properties":{"id":886,"size":0.1,"time":"2024-01-22T01:13:01.729Z","class":"rock"},"geometry":{"type":"Point","coordinates":[137.370169,-4.663164]}},{"type":"Feature","properties":{"id":887,"size":0.41000000000000003,"time":"2024-01-18T12:25:45.474Z","class":"rock"},"geometry":{"type":"Point","coordinates":[137.368086,-4.659017]}},{"type":"Feature","properties":{"id":888,"size":0.1,"time":"2024-01-27T00:25:35.667Z","class":"rock"},"geometry":{"type":"Point","coordinates":[137.373977,-4.676697]}},{"type":"Feature","properties":{"id":889,"size":0.14,"time":"2024-01-29T06:34:59.952Z","class":"rock"},"geometry":{"type":"Point","coordinates":[137.374239,-4.678216]}},{"type":"Feature","properties":{"id":890,"size":2.71,"time":"2024-01-15T07:49:08.551Z","class":"rock"},"geometry":{"type":"Point","coordinates":[137.372117,-4.662271]}},{"type":"Feature","properties":{"id":891,"size":0.53,"time":"2024-01-23T11:22:44.491Z","class":"rock"},"geometry":{"type":"Point","coordinates":[137.363066,-4.669007]}},{"type":"Feature","properties":{"id":892,"size":0.62,"time":"2024-01-24T18:25:40.167Z","class":"rock"},"geometry":{"type":"Point","coordinates":[137.362272,-4.669746]}},{"type":"Feature","properties":{"id":893,"size":0.2,"time":"2024-01-13T13:17:48.476Z","class":"rock"},"geometry":{"type":"Point","coordinates":[137.379102,-4.668681]}},{"type":"Feature","properties":{"id":894,"size":8.95,"time":"2024-01-06T09:36:32.744Z","class":"boulder"},"geometry":{"type":"Point","coordinates":[137.37028,-4.664368]}},{"type":"Feature","properties":{"id":895,"size":8.1,"time":"2024-01-20T19:21:44.055Z","class":"boulder"},"geometry":{"type":"Point","coordinates":[137.372029,-4.665379]}},{"type":"Feature","properties":{"id":896,"size":0.11,"time":"2024-01-20T14:01:20.510Z","class":"rock"},"geometry":{"type":"Point","coordinates":[137.362576,-4.671034]}},{"type":"Feature","properties":{"id":897,"size":0.21000000000000002,"time":"2024-01-28T20:41:33.876Z","class":"rock"},"geometry":{"type":"Point","coordinates":[137.362786,-4.669182]}},{"type":"Feature","properties":{"id":898,"size":0.63,"time":"2024-01-22T06:29:39.503Z","class":"rock"},"geometry":{"type":"Point","coordinates":[137.372151,-4.677764]}},{"type":"Feature","properties":{"id":899,"size":4.35,"time":"2024-01-21T21:39:44.210Z","class":"rock"},"geometry":{"type":"Point","coordinates":[137.378134,-4.657341]}},{"type":"Feature","properties":{"id":900,"size":8.12,"time":"2024-01-26T06:23:31.169Z","class":"boulder"},"geometry":{"type":"Point","coordinates":[137.371141,-4.676863]}},{"type":"Feature","properties":{"id":901,"size":0.28,"time":"2024-01-20T06:38:18.931Z","class":"rock"},"geometry":{"type":"Point","coordinates":[137.362049,-4.668803]}},{"type":"Feature","properties":{"id":902,"size":0.1,"time":"2024-01-03T19:17:18.984Z","class":"rock"},"geometry":{"type":"Point","coordinates":[137.377504,-4.675955]}},{"type":"Feature","properties":{"id":903,"size":0.1,"time":"2024-01-11T03:20:27.400Z","class":"rock"},"geometry":{"type":"Point","coordinates":[137.363314,-4.67327]}},{"type":"Feature","properties":{"id":904,"size":0.54,"time":"2024-01-23T19:03:29.736Z","class":"rock"},"geometry":{"type":"Point","coordinates":[137.362634,-4.669167]}},{"type":"Feature","properties":{"id":905,"size":1.75,"time":"2024-01-04T04:53:16.930Z","class":"rock"},"geometry":{"type":"Point","coordinates":[137.363348,-4.669109]}},{"type":"Feature","properties":{"id":906,"size":9.07,"time":"2024-01-12T23:00:30.196Z","class":"boulder"},"geometry":{"type":"Point","coordinates":[137.378239,-4.659759]}},{"type":"Feature","properties":{"id":907,"size":4.5,"time":"2024-01-03T03:23:14.100Z","class":"rock"},"geometry":{"type":"Point","coordinates":[137.364893,-4.671554]}},{"type":"Feature","properties":{"id":908,"size":2.56,"time":"2024-01-07T05:40:10.315Z","class":"rock"},"geometry":{"type":"Point","coordinates":[137.37374,-4.676411]}},{"type":"Feature","properties":{"id":909,"size":0.1,"time":"2024-01-20T23:32:49.374Z","class":"rock"},"geometry":{"type":"Point","coordinates":[137.372467,-4.676619]}},{"type":"Feature","properties":{"id":910,"size":8.17,"time":"2024-01-03T06:25:58.201Z","class":"boulder"},"geometry":{"type":"Point","coordinates":[137.376286,-4.662472]}},{"type":"Feature","properties":{"id":911,"size":6.239999999999999,"time":"2024-01-28T06:13:53.856Z","class":"boulder"},"geometry":{"type":"Point","coordinates":[137.370634,-4.661626]}},{"type":"Feature","properties":{"id":912,"size":0.54,"time":"2024-01-15T01:21:53.471Z","class":"rock"},"geometry":{"type":"Point","coordinates":[137.379836,-4.659267]}},{"type":"Feature","properties":{"id":913,"size":6.21,"time":"2024-01-27T20:28:23.993Z","class":"boulder"},"geometry":{"type":"Point","coordinates":[137.373388,-4.663844]}},{"type":"Feature","properties":{"id":914,"size":7.13,"time":"2024-01-29T02:47:29.072Z","class":"boulder"},"geometry":{"type":"Point","coordinates":[137.369814,-4.666331]}},{"type":"Feature","properties":{"id":915,"size":0.29000000000000004,"time":"2024-01-17T02:16:08.101Z","class":"rock"},"geometry":{"type":"Point","coordinates":[137.379951,-4.65769]}},{"type":"Feature","properties":{"id":916,"size":0.96,"time":"2024-01-15T03:45:52.465Z","class":"rock"},"geometry":{"type":"Point","coordinates":[137.363726,-4.670626]}},{"type":"Feature","properties":{"id":917,"size":0.28,"time":"2024-01-06T20:29:51.441Z","class":"rock"},"geometry":{"type":"Point","coordinates":[137.362867,-4.669657]}},{"type":"Feature","properties":{"id":918,"size":0.15000000000000002,"time":"2024-01-01T12:12:14.693Z","class":"rock"},"geometry":{"type":"Point","coordinates":[137.379778,-4.660047]}},{"type":"Feature","properties":{"id":919,"size":2.07,"time":"2024-01-13T10:38:45.172Z","class":"rock"},"geometry":{"type":"Point","coordinates":[137.371018,-4.674531]}},{"type":"Feature","properties":{"id":920,"size":0.12000000000000001,"time":"2024-01-16T13:43:17.920Z","class":"rock"},"geometry":{"type":"Point","coordinates":[137.372889,-4.677478]}},{"type":"Feature","properties":{"id":921,"size":3.9,"time":"2024-01-16T17:02:54.134Z","class":"rock"},"geometry":{"type":"Point","coordinates":[137.380566,-4.669298]}},{"type":"Feature","properties":{"id":922,"size":4.03,"time":"2024-01-12T06:42:01.697Z","class":"rock"},"geometry":{"type":"Point","coordinates":[137.36451,-4.669243]}},{"type":"Feature","properties":{"id":923,"size":0.12000000000000001,"time":"2024-01-04T23:42:52.886Z","class":"rock"},"geometry":{"type":"Point","coordinates":[137.362651,-4.66998]}},{"type":"Feature","properties":{"id":924,"size":0.23,"time":"2024-01-19T10:06:33.671Z","class":"rock"},"geometry":{"type":"Point","coordinates":[137.371177,-4.663633]}},{"type":"Feature","properties":{"id":925,"size":9.11,"time":"2024-01-18T19:06:38.980Z","class":"boulder"},"geometry":{"type":"Point","coordinates":[137.380364,-4.669089]}},{"type":"Feature","properties":{"id":926,"size":0.11,"time":"2024-01-10T08:38:22.658Z","class":"rock"},"geometry":{"type":"Point","coordinates":[137.360789,-4.666615]}},{"type":"Feature","properties":{"id":927,"size":0.53,"time":"2024-01-29T12:50:03.197Z","class":"rock"},"geometry":{"type":"Point","coordinates":[137.373129,-4.675016]}},{"type":"Feature","properties":{"id":928,"size":0.1,"time":"2024-01-22T18:29:46.697Z","class":"rock"},"geometry":{"type":"Point","coordinates":[137.361263,-4.668672]}},{"type":"Feature","properties":{"id":929,"size":0.11,"time":"2024-01-18T09:56:14.820Z","class":"rock"},"geometry":{"type":"Point","coordinates":[137.379968,-4.670087]}},{"type":"Feature","properties":{"id":930,"size":1.01,"time":"2024-01-28T21:59:57.403Z","class":"rock"},"geometry":{"type":"Point","coordinates":[137.360316,-4.677301]}},{"type":"Feature","properties":{"id":931,"size":0.91,"time":"2024-01-16T16:12:22.422Z","class":"rock"},"geometry":{"type":"Point","coordinates":[137.375446,-4.67539]}},{"type":"Feature","properties":{"id":932,"size":0.28,"time":"2024-01-12T22:34:31.464Z","class":"rock"},"geometry":{"type":"Point","coordinates":[137.369427,-4.658209]}},{"type":"Feature","properties":{"id":933,"size":0.12000000000000001,"time":"2024-01-24T22:19:54.647Z","class":"rock"},"geometry":{"type":"Point","coordinates":[137.370585,-4.663444]}},{"type":"Feature","properties":{"id":934,"size":3.52,"time":"2024-01-11T13:17:14.031Z","class":"rock"},"geometry":{"type":"Point","coordinates":[137.371518,-4.663346]}},{"type":"Feature","properties":{"id":935,"size":0.2,"time":"2024-01-10T22:32:30.681Z","class":"rock"},"geometry":{"type":"Point","coordinates":[137.373109,-4.664422]}},{"type":"Feature","properties":{"id":936,"size":0.25,"time":"2024-01-24T07:58:16.602Z","class":"rock"},"geometry":{"type":"Point","coordinates":[137.368885,-4.659058]}},{"type":"Feature","properties":{"id":937,"size":1,"time":"2024-01-04T02:39:54.048Z","class":"rock"},"geometry":{"type":"Point","coordinates":[137.367216,-4.670604]}},{"type":"Feature","properties":{"id":938,"size":1.9700000000000002,"time":"2024-01-20T08:46:16.193Z","class":"rock"},"geometry":{"type":"Point","coordinates":[137.380641,-4.669833]}},{"type":"Feature","properties":{"id":939,"size":4.02,"time":"2024-01-05T18:22:12.671Z","class":"rock"},"geometry":{"type":"Point","coordinates":[137.37302,-4.663399]}},{"type":"Feature","properties":{"id":940,"size":1.8800000000000001,"time":"2024-01-05T06:01:25.371Z","class":"rock"},"geometry":{"type":"Point","coordinates":[137.377537,-4.668436]}},{"type":"Feature","properties":{"id":941,"size":0.1,"time":"2024-01-04T21:38:09.691Z","class":"rock"},"geometry":{"type":"Point","coordinates":[137.371184,-4.664157]}},{"type":"Feature","properties":{"id":942,"size":3.5700000000000003,"time":"2024-01-19T09:08:00.575Z","class":"rock"},"geometry":{"type":"Point","coordinates":[137.364809,-4.671149]}},{"type":"Feature","properties":{"id":943,"size":0.1,"time":"2024-01-14T14:17:17.860Z","class":"rock"},"geometry":{"type":"Point","coordinates":[137.383315,-4.668996]}},{"type":"Feature","properties":{"id":944,"size":0.1,"time":"2024-01-18T06:00:54.902Z","class":"rock"},"geometry":{"type":"Point","coordinates":[137.365149,-4.674665]}},{"type":"Feature","properties":{"id":945,"size":0.1,"time":"2024-01-11T16:38:21.776Z","class":"rock"},"geometry":{"type":"Point","coordinates":[137.363147,-4.667643]}},{"type":"Feature","properties":{"id":946,"size":4.3999999999999995,"time":"2024-01-12T10:24:35.759Z","class":"rock"},"geometry":{"type":"Point","coordinates":[137.370678,-4.679914]}},{"type":"Feature","properties":{"id":947,"size":0.53,"time":"2024-01-07T10:33:14.131Z","class":"rock"},"geometry":{"type":"Point","coordinates":[137.370917,-4.678598]}},{"type":"Feature","properties":{"id":948,"size":0.26,"time":"2024-01-09T02:37:26.960Z","class":"rock"},"geometry":{"type":"Point","coordinates":[137.36325,-4.671824]}},{"type":"Feature","properties":{"id":949,"size":3.47,"time":"2024-01-24T04:22:31.175Z","class":"rock"},"geometry":{"type":"Point","coordinates":[137.362959,-4.676583]}},{"type":"Feature","properties":{"id":950,"size":4.1899999999999995,"time":"2024-01-06T15:35:37.293Z","class":"rock"},"geometry":{"type":"Point","coordinates":[137.378201,-4.67399]}},{"type":"Feature","properties":{"id":951,"size":0.12000000000000001,"time":"2024-01-24T03:14:33.812Z","class":"rock"},"geometry":{"type":"Point","coordinates":[137.373608,-4.675559]}},{"type":"Feature","properties":{"id":952,"size":2.94,"time":"2024-01-09T07:24:53.557Z","class":"rock"},"geometry":{"type":"Point","coordinates":[137.368223,-4.677321]}},{"type":"Feature","properties":{"id":953,"size":0.1,"time":"2024-01-26T06:29:14.835Z","class":"rock"},"geometry":{"type":"Point","coordinates":[137.364109,-4.666791]}},{"type":"Feature","properties":{"id":954,"size":0.1,"time":"2024-01-09T09:21:35.671Z","class":"rock"},"geometry":{"type":"Point","coordinates":[137.365056,-4.661965]}},{"type":"Feature","properties":{"id":955,"size":0.23,"time":"2024-01-14T06:30:16.375Z","class":"rock"},"geometry":{"type":"Point","coordinates":[137.374509,-4.66218]}},{"type":"Feature","properties":{"id":956,"size":0.44999999999999996,"time":"2024-01-02T05:13:37.363Z","class":"rock"},"geometry":{"type":"Point","coordinates":[137.361928,-4.670277]}},{"type":"Feature","properties":{"id":957,"size":0.32,"time":"2024-01-22T13:49:15.483Z","class":"rock"},"geometry":{"type":"Point","coordinates":[137.366521,-4.658849]}},{"type":"Feature","properties":{"id":958,"size":3.46,"time":"2024-01-30T08:33:02.670Z","class":"rock"},"geometry":{"type":"Point","coordinates":[137.372262,-4.672841]}},{"type":"Feature","properties":{"id":959,"size":0.18,"time":"2024-01-21T04:20:57.230Z","class":"rock"},"geometry":{"type":"Point","coordinates":[137.379618,-4.667449]}},{"type":"Feature","properties":{"id":960,"size":5.96,"time":"2024-01-25T07:06:12.767Z","class":"boulder"},"geometry":{"type":"Point","coordinates":[137.37083,-4.678925]}},{"type":"Feature","properties":{"id":961,"size":0.11,"time":"2024-01-11T05:18:13.076Z","class":"rock"},"geometry":{"type":"Point","coordinates":[137.36183,-4.660476]}},{"type":"Feature","properties":{"id":962,"size":1.6500000000000001,"time":"2024-01-08T10:28:48.060Z","class":"rock"},"geometry":{"type":"Point","coordinates":[137.361675,-4.669903]}},{"type":"Feature","properties":{"id":963,"size":0.1,"time":"2024-01-18T16:05:08.244Z","class":"rock"},"geometry":{"type":"Point","coordinates":[137.378981,-4.670334]}},{"type":"Feature","properties":{"id":964,"size":0.58,"time":"2024-01-25T00:07:36.430Z","class":"rock"},"geometry":{"type":"Point","coordinates":[137.372899,-4.678765]}},{"type":"Feature","properties":{"id":965,"size":0.1,"time":"2024-01-15T04:39:12.758Z","class":"rock"},"geometry":{"type":"Point","coordinates":[137.361154,-4.659512]}},{"type":"Feature","properties":{"id":966,"size":3.1,"time":"2024-01-16T23:28:57.233Z","class":"rock"},"geometry":{"type":"Point","coordinates":[137.36657,-4.665596]}},{"type":"Feature","properties":{"id":967,"size":0.1,"time":"2024-01-12T15:59:30.634Z","class":"rock"},"geometry":{"type":"Point","coordinates":[137.372203,-4.676103]}},{"type":"Feature","properties":{"id":968,"size":0.94,"time":"2024-01-16T12:18:57.456Z","class":"rock"},"geometry":{"type":"Point","coordinates":[137.363898,-4.670253]}},{"type":"Feature","properties":{"id":969,"size":0.12000000000000001,"time":"2024-01-24T12:57:05.291Z","class":"rock"},"geometry":{"type":"Point","coordinates":[137.379781,-4.664895]}},{"type":"Feature","properties":{"id":970,"size":4.1499999999999995,"time":"2024-01-08T14:56:38.901Z","class":"rock"},"geometry":{"type":"Point","coordinates":[137.379935,-4.659041]}},{"type":"Feature","properties":{"id":971,"size":1.25,"time":"2024-01-05T18:49:16.087Z","class":"rock"},"geometry":{"type":"Point","coordinates":[137.375991,-4.672744]}},{"type":"Feature","properties":{"id":972,"size":0.43000000000000005,"time":"2024-01-02T00:14:36.851Z","class":"rock"},"geometry":{"type":"Point","coordinates":[137.379856,-4.667888]}},{"type":"Feature","properties":{"id":973,"size":0.26,"time":"2024-01-16T04:13:56.065Z","class":"rock"},"geometry":{"type":"Point","coordinates":[137.372661,-4.665176]}},{"type":"Feature","properties":{"id":974,"size":0.89,"time":"2024-01-12T17:02:10.250Z","class":"rock"},"geometry":{"type":"Point","coordinates":[137.382322,-4.670251]}},{"type":"Feature","properties":{"id":975,"size":1.3800000000000001,"time":"2024-01-18T16:18:02.061Z","class":"rock"},"geometry":{"type":"Point","coordinates":[137.373525,-4.678958]}},{"type":"Feature","properties":{"id":976,"size":0.11,"time":"2024-01-07T22:06:02.287Z","class":"rock"},"geometry":{"type":"Point","coordinates":[137.362913,-4.671068]}},{"type":"Feature","properties":{"id":977,"size":0.11,"time":"2024-01-03T19:02:56.151Z","class":"rock"},"geometry":{"type":"Point","coordinates":[137.373963,-4.663439]}},{"type":"Feature","properties":{"id":978,"size":9.95,"time":"2024-01-21T05:48:13.781Z","class":"boulder"},"geometry":{"type":"Point","coordinates":[137.366752,-4.674081]}},{"type":"Feature","properties":{"id":979,"size":3.24,"time":"2024-01-16T16:24:12.034Z","class":"rock"},"geometry":{"type":"Point","coordinates":[137.361205,-4.67306]}},{"type":"Feature","properties":{"id":980,"size":8.07,"time":"2024-01-27T03:21:50.157Z","class":"boulder"},"geometry":{"type":"Point","coordinates":[137.378767,-4.667798]}},{"type":"Feature","properties":{"id":981,"size":5.739999999999999,"time":"2024-01-03T03:11:17.909Z","class":"boulder"},"geometry":{"type":"Point","coordinates":[137.375067,-4.670395]}},{"type":"Feature","properties":{"id":982,"size":1.4200000000000002,"time":"2024-01-22T12:13:30.845Z","class":"rock"},"geometry":{"type":"Point","coordinates":[137.371515,-4.680034]}},{"type":"Feature","properties":{"id":983,"size":0.1,"time":"2024-01-07T23:33:30.538Z","class":"rock"},"geometry":{"type":"Point","coordinates":[137.366085,-4.668516]}},{"type":"Feature","properties":{"id":984,"size":0.11,"time":"2024-01-11T02:58:00.854Z","class":"rock"},"geometry":{"type":"Point","coordinates":[137.379921,-4.658821]}},{"type":"Feature","properties":{"id":985,"size":1.76,"time":"2024-01-23T23:09:43.398Z","class":"rock"},"geometry":{"type":"Point","coordinates":[137.373301,-4.675871]}},{"type":"Feature","properties":{"id":986,"size":4.449999999999999,"time":"2024-01-20T15:19:38.343Z","class":"rock"},"geometry":{"type":"Point","coordinates":[137.371229,-4.6796]}},{"type":"Feature","properties":{"id":987,"size":0.77,"time":"2024-01-01T05:50:08.153Z","class":"rock"},"geometry":{"type":"Point","coordinates":[137.374698,-4.677559]}},{"type":"Feature","properties":{"id":988,"size":2.96,"time":"2024-01-28T12:21:05.790Z","class":"rock"},"geometry":{"type":"Point","coordinates":[137.365258,-4.674145]}},{"type":"Feature","properties":{"id":989,"size":0.1,"time":"2024-01-06T02:52:08.525Z","class":"rock"},"geometry":{"type":"Point","coordinates":[137.374057,-4.67715]}},{"type":"Feature","properties":{"id":990,"size":1.58,"time":"2024-01-20T16:45:16.127Z","class":"rock"},"geometry":{"type":"Point","coordinates":[137.371554,-4.659125]}},{"type":"Feature","properties":{"id":991,"size":0.25,"time":"2024-01-21T05:33:34.321Z","class":"rock"},"geometry":{"type":"Point","coordinates":[137.360753,-4.662532]}},{"type":"Feature","properties":{"id":992,"size":0.83,"time":"2024-01-30T23:05:23.230Z","class":"rock"},"geometry":{"type":"Point","coordinates":[137.363576,-4.667927]}},{"type":"Feature","properties":{"id":993,"size":0.11,"time":"2024-01-12T15:02:50.378Z","class":"rock"},"geometry":{"type":"Point","coordinates":[137.372365,-4.678722]}},{"type":"Feature","properties":{"id":994,"size":0.11,"time":"2024-01-02T00:17:39.966Z","class":"rock"},"geometry":{"type":"Point","coordinates":[137.380096,-4.67153]}},{"type":"Feature","properties":{"id":995,"size":0.11,"time":"2024-01-02T00:14:15.364Z","class":"rock"},"geometry":{"type":"Point","coordinates":[137.363543,-4.671776]}},{"type":"Feature","properties":{"id":996,"size":1.53,"time":"2024-01-01T15:37:04.098Z","class":"rock"},"geometry":{"type":"Point","coordinates":[137.379635,-4.659058]}},{"type":"Feature","properties":{"id":997,"size":1.84,"time":"2024-01-16T17:19:05.405Z","class":"rock"},"geometry":{"type":"Point","coordinates":[137.381086,-4.667651]}},{"type":"Feature","properties":{"id":998,"size":1.3,"time":"2024-01-29T04:15:01.518Z","class":"rock"},"geometry":{"type":"Point","coordinates":[137.378747,-4.669936]}},{"type":"Feature","properties":{"id":999,"size":0.17,"time":"2024-01-05T18:59:34.543Z","class":"rock"},"geometry":{"type":"Point","coordinates":[137.379476,-4.661048]}},{"type":"Feature","properties":{"id":1000,"size":0.6699999999999999,"time":"2024-01-09T14:46:13.498Z","class":"rock"},"geometry":{"type":"Point","coordinates":[137.3785,-4.669435]}},{"type":"Feature","properties":{"id":1001,"size":0.86,"time":"2024-01-01T22:15:27.290Z","class":"rock"},"geometry":{"type":"Point","coordinates":[137.371442,-4.664394]}},{"type":"Feature","properties":{"id":1002,"size":3.62,"time":"2024-01-14T19:33:53.665Z","class":"rock"},"geometry":{"type":"Point","coordinates":[137.371546,-4.665151]}},{"type":"Feature","properties":{"id":1003,"size":4.56,"time":"2024-01-23T08:29:46.236Z","class":"rock"},"geometry":{"type":"Point","coordinates":[137.363343,-4.668369]}},{"type":"Feature","properties":{"id":1004,"size":0.51,"time":"2024-01-20T05:29:03.044Z","class":"rock"},"geometry":{"type":"Point","coordinates":[137.361747,-4.66866]}},{"type":"Feature","properties":{"id":1005,"size":2.54,"time":"2024-01-16T00:29:44.138Z","class":"rock"},"geometry":{"type":"Point","coordinates":[137.362463,-4.67068]}},{"type":"Feature","properties":{"id":1006,"size":0.5,"time":"2024-01-08T19:17:47.004Z","class":"rock"},"geometry":{"type":"Point","coordinates":[137.375975,-4.65864]}},{"type":"Feature","properties":{"id":1007,"size":0.19,"time":"2024-01-25T05:55:44.434Z","class":"rock"},"geometry":{"type":"Point","coordinates":[137.362282,-4.669382]}},{"type":"Feature","properties":{"id":1008,"size":0.75,"time":"2024-01-11T17:15:50.578Z","class":"rock"},"geometry":{"type":"Point","coordinates":[137.361524,-4.669861]}},{"type":"Feature","properties":{"id":1009,"size":1.9400000000000002,"time":"2024-01-04T14:17:18.501Z","class":"rock"},"geometry":{"type":"Point","coordinates":[137.376153,-4.671954]}},{"type":"Feature","properties":{"id":1010,"size":4.04,"time":"2024-01-09T11:50:30.991Z","class":"rock"},"geometry":{"type":"Point","coordinates":[137.363654,-4.669963]}},{"type":"Feature","properties":{"id":1011,"size":0.19,"time":"2024-01-04T15:02:22.322Z","class":"rock"},"geometry":{"type":"Point","coordinates":[137.381353,-4.66816]}},{"type":"Feature","properties":{"id":1012,"size":3.4,"time":"2024-01-21T16:56:16.720Z","class":"rock"},"geometry":{"type":"Point","coordinates":[137.363166,-4.667219]}},{"type":"Feature","properties":{"id":1013,"size":4.619999999999999,"time":"2024-01-29T19:11:34.389Z","class":"rock"},"geometry":{"type":"Point","coordinates":[137.368338,-4.66099]}},{"type":"Feature","properties":{"id":1014,"size":1.03,"time":"2024-01-10T21:52:59.761Z","class":"rock"},"geometry":{"type":"Point","coordinates":[137.362126,-4.669315]}},{"type":"Feature","properties":{"id":1015,"size":0.1,"time":"2024-01-30T15:12:23.691Z","class":"rock"},"geometry":{"type":"Point","coordinates":[137.363884,-4.669169]}},{"type":"Feature","properties":{"id":1016,"size":2.68,"time":"2024-01-04T13:51:45.949Z","class":"rock"},"geometry":{"type":"Point","coordinates":[137.371889,-4.66355]}},{"type":"Feature","properties":{"id":1017,"size":6.109999999999999,"time":"2024-01-30T18:44:13.625Z","class":"boulder"},"geometry":{"type":"Point","coordinates":[137.363551,-4.668934]}},{"type":"Feature","properties":{"id":1018,"size":9.68,"time":"2024-01-07T12:31:09.203Z","class":"boulder"},"geometry":{"type":"Point","coordinates":[137.381877,-4.658908]}},{"type":"Feature","properties":{"id":1019,"size":4.819999999999999,"time":"2024-01-22T05:58:49.411Z","class":"rock"},"geometry":{"type":"Point","coordinates":[137.364903,-4.675441]}},{"type":"Feature","properties":{"id":1020,"size":6.4799999999999995,"time":"2024-01-30T08:49:57.853Z","class":"boulder"},"geometry":{"type":"Point","coordinates":[137.381442,-4.670195]}},{"type":"Feature","properties":{"id":1021,"size":9.15,"time":"2024-01-19T01:42:26.048Z","class":"boulder"},"geometry":{"type":"Point","coordinates":[137.373203,-4.665632]}},{"type":"Feature","properties":{"id":1022,"size":0.21000000000000002,"time":"2024-01-10T19:37:33.899Z","class":"rock"},"geometry":{"type":"Point","coordinates":[137.380629,-4.658472]}},{"type":"Feature","properties":{"id":1023,"size":8.08,"time":"2024-01-18T12:52:54.310Z","class":"boulder"},"geometry":{"type":"Point","coordinates":[137.362058,-4.663877]}},{"type":"Feature","properties":{"id":1024,"size":0.16,"time":"2024-01-25T11:46:15.879Z","class":"rock"},"geometry":{"type":"Point","coordinates":[137.370909,-4.679178]}},{"type":"Feature","properties":{"id":1025,"size":5.97,"time":"2024-01-10T05:26:05.210Z","class":"boulder"},"geometry":{"type":"Point","coordinates":[137.37991,-4.668858]}},{"type":"Feature","properties":{"id":1026,"size":3.83,"time":"2024-01-29T19:09:51.468Z","class":"rock"},"geometry":{"type":"Point","coordinates":[137.379639,-4.658541]}},{"type":"Feature","properties":{"id":1027,"size":0.1,"time":"2024-01-09T18:48:00.513Z","class":"rock"},"geometry":{"type":"Point","coordinates":[137.372398,-4.677657]}},{"type":"Feature","properties":{"id":1028,"size":0.97,"time":"2024-01-29T21:50:00.045Z","class":"rock"},"geometry":{"type":"Point","coordinates":[137.369175,-4.666401]}},{"type":"Feature","properties":{"id":1029,"size":0.12000000000000001,"time":"2024-01-03T00:45:39.735Z","class":"rock"},"geometry":{"type":"Point","coordinates":[137.371621,-4.66436]}},{"type":"Feature","properties":{"id":1030,"size":0.11,"time":"2024-01-24T22:47:38.072Z","class":"rock"},"geometry":{"type":"Point","coordinates":[137.363408,-4.668355]}},{"type":"Feature","properties":{"id":1031,"size":5.22,"time":"2024-01-05T08:13:58.730Z","class":"boulder"},"geometry":{"type":"Point","coordinates":[137.380351,-4.656193]}},{"type":"Feature","properties":{"id":1032,"size":0.1,"time":"2024-01-29T19:11:07.225Z","class":"rock"},"geometry":{"type":"Point","coordinates":[137.374434,-4.676528]}},{"type":"Feature","properties":{"id":1033,"size":5.02,"time":"2024-01-24T09:48:40.033Z","class":"boulder"},"geometry":{"type":"Point","coordinates":[137.378311,-4.666803]}},{"type":"Feature","properties":{"id":1034,"size":0.53,"time":"2024-01-15T07:41:24.589Z","class":"rock"},"geometry":{"type":"Point","coordinates":[137.363312,-4.66073]}},{"type":"Feature","properties":{"id":1035,"size":1.52,"time":"2024-01-05T22:55:24.482Z","class":"rock"},"geometry":{"type":"Point","coordinates":[137.372517,-4.665138]}},{"type":"Feature","properties":{"id":1036,"size":2.7,"time":"2024-01-14T09:01:15.710Z","class":"rock"},"geometry":{"type":"Point","coordinates":[137.363415,-4.668077]}},{"type":"Feature","properties":{"id":1037,"size":7.6499999999999995,"time":"2024-01-23T01:08:16.843Z","class":"boulder"},"geometry":{"type":"Point","coordinates":[137.367742,-4.676823]}},{"type":"Feature","properties":{"id":1038,"size":0.16,"time":"2024-01-03T17:43:59.331Z","class":"rock"},"geometry":{"type":"Point","coordinates":[137.377005,-4.667486]}},{"type":"Feature","properties":{"id":1039,"size":5.75,"time":"2024-01-21T22:02:23.963Z","class":"boulder"},"geometry":{"type":"Point","coordinates":[137.379848,-4.658682]}},{"type":"Feature","properties":{"id":1040,"size":4.75,"time":"2024-01-14T12:57:53.588Z","class":"rock"},"geometry":{"type":"Point","coordinates":[137.373589,-4.661915]}},{"type":"Feature","properties":{"id":1041,"size":5.1899999999999995,"time":"2024-01-16T16:55:35.575Z","class":"boulder"},"geometry":{"type":"Point","coordinates":[137.370042,-4.668604]}},{"type":"Feature","properties":{"id":1042,"size":6.489999999999999,"time":"2024-01-25T08:47:07.302Z","class":"boulder"},"geometry":{"type":"Point","coordinates":[137.371726,-4.681297]}},{"type":"Feature","properties":{"id":1043,"size":0.4,"time":"2024-01-24T11:34:58.246Z","class":"rock"},"geometry":{"type":"Point","coordinates":[137.373338,-4.676107]}},{"type":"Feature","properties":{"id":1044,"size":9.42,"time":"2024-01-08T04:19:07.064Z","class":"boulder"},"geometry":{"type":"Point","coordinates":[137.36999,-4.662696]}},{"type":"Feature","properties":{"id":1045,"size":3.33,"time":"2024-01-10T07:47:14.770Z","class":"rock"},"geometry":{"type":"Point","coordinates":[137.363469,-4.667316]}},{"type":"Feature","properties":{"id":1046,"size":0.58,"time":"2024-01-24T15:32:09.901Z","class":"rock"},"geometry":{"type":"Point","coordinates":[137.36822,-4.663862]}},{"type":"Feature","properties":{"id":1047,"size":0.12000000000000001,"time":"2024-01-07T05:13:27.792Z","class":"rock"},"geometry":{"type":"Point","coordinates":[137.363674,-4.668576]}},{"type":"Feature","properties":{"id":1048,"size":0.61,"time":"2024-01-11T08:43:52.902Z","class":"rock"},"geometry":{"type":"Point","coordinates":[137.36138,-4.670349]}},{"type":"Feature","properties":{"id":1049,"size":3.25,"time":"2024-01-28T09:39:32.552Z","class":"rock"},"geometry":{"type":"Point","coordinates":[137.372906,-4.679092]}},{"type":"Feature","properties":{"id":1050,"size":0.12000000000000001,"time":"2024-01-24T17:08:42.529Z","class":"rock"},"geometry":{"type":"Point","coordinates":[137.377156,-4.660926]}},{"type":"Feature","properties":{"id":1051,"size":2.02,"time":"2024-01-09T05:49:20.139Z","class":"rock"},"geometry":{"type":"Point","coordinates":[137.362557,-4.669466]}},{"type":"Feature","properties":{"id":1052,"size":1.8900000000000001,"time":"2024-01-02T19:59:56.180Z","class":"rock"},"geometry":{"type":"Point","coordinates":[137.363377,-4.667869]}},{"type":"Feature","properties":{"id":1053,"size":0.84,"time":"2024-01-20T15:32:30.920Z","class":"rock"},"geometry":{"type":"Point","coordinates":[137.364349,-4.6755]}},{"type":"Feature","properties":{"id":1054,"size":9.43,"time":"2024-01-09T10:02:08.794Z","class":"boulder"},"geometry":{"type":"Point","coordinates":[137.372816,-4.67701]}},{"type":"Feature","properties":{"id":1055,"size":4.609999999999999,"time":"2024-01-26T18:21:24.547Z","class":"rock"},"geometry":{"type":"Point","coordinates":[137.378559,-4.658318]}},{"type":"Feature","properties":{"id":1056,"size":0.1,"time":"2024-01-10T21:56:05.340Z","class":"rock"},"geometry":{"type":"Point","coordinates":[137.381221,-4.668551]}},{"type":"Feature","properties":{"id":1057,"size":0.18,"time":"2024-01-01T15:51:43.425Z","class":"rock"},"geometry":{"type":"Point","coordinates":[137.362559,-4.670518]}},{"type":"Feature","properties":{"id":1058,"size":0.12000000000000001,"time":"2024-01-28T21:27:22.422Z","class":"rock"},"geometry":{"type":"Point","coordinates":[137.377127,-4.66754]}},{"type":"Feature","properties":{"id":1059,"size":0.83,"time":"2024-01-09T07:49:13.783Z","class":"rock"},"geometry":{"type":"Point","coordinates":[137.372148,-4.677689]}},{"type":"Feature","properties":{"id":1060,"size":0.14,"time":"2024-01-10T22:11:00.613Z","class":"rock"},"geometry":{"type":"Point","coordinates":[137.371225,-4.666908]}},{"type":"Feature","properties":{"id":1061,"size":0.65,"time":"2024-01-28T06:51:01.245Z","class":"rock"},"geometry":{"type":"Point","coordinates":[137.361934,-4.670084]}},{"type":"Feature","properties":{"id":1062,"size":0.29000000000000004,"time":"2024-01-18T22:55:40.500Z","class":"rock"},"geometry":{"type":"Point","coordinates":[137.362909,-4.667974]}},{"type":"Feature","properties":{"id":1063,"size":0.19,"time":"2024-01-06T20:12:52.250Z","class":"rock"},"geometry":{"type":"Point","coordinates":[137.372477,-4.676291]}},{"type":"Feature","properties":{"id":1064,"size":1.6,"time":"2024-01-05T16:28:56.801Z","class":"rock"},"geometry":{"type":"Point","coordinates":[137.360778,-4.667886]}},{"type":"Feature","properties":{"id":1065,"size":1.1600000000000001,"time":"2024-01-28T02:46:42.549Z","class":"rock"},"geometry":{"type":"Point","coordinates":[137.378367,-4.658496]}},{"type":"Feature","properties":{"id":1066,"size":0.1,"time":"2024-01-29T02:51:30.373Z","class":"rock"},"geometry":{"type":"Point","coordinates":[137.362227,-4.667326]}},{"type":"Feature","properties":{"id":1067,"size":0.1,"time":"2024-01-25T02:49:56.398Z","class":"rock"},"geometry":{"type":"Point","coordinates":[137.380797,-4.658972]}},{"type":"Feature","properties":{"id":1068,"size":0.1,"time":"2024-01-01T15:56:15.703Z","class":"rock"},"geometry":{"type":"Point","coordinates":[137.378277,-4.66042]}},{"type":"Feature","properties":{"id":1069,"size":7.63,"time":"2024-01-24T20:53:06.205Z","class":"boulder"},"geometry":{"type":"Point","coordinates":[137.362771,-4.668321]}},{"type":"Feature","properties":{"id":1070,"size":0.61,"time":"2024-01-07T14:50:57.315Z","class":"rock"},"geometry":{"type":"Point","coordinates":[137.378056,-4.657612]}},{"type":"Feature","properties":{"id":1071,"size":2.49,"time":"2024-01-29T13:44:31.974Z","class":"rock"},"geometry":{"type":"Point","coordinates":[137.378336,-4.65962]}},{"type":"Feature","properties":{"id":1072,"size":7.81,"time":"2024-01-18T19:16:32.627Z","class":"boulder"},"geometry":{"type":"Point","coordinates":[137.381503,-4.669932]}},{"type":"Feature","properties":{"id":1073,"size":2.45,"time":"2024-01-15T06:46:02.287Z","class":"rock"},"geometry":{"type":"Point","coordinates":[137.372247,-4.678574]}},{"type":"Feature","properties":{"id":1074,"size":3.37,"time":"2024-01-18T02:14:39.253Z","class":"rock"},"geometry":{"type":"Point","coordinates":[137.375015,-4.674464]}},{"type":"Feature","properties":{"id":1075,"size":3.71,"time":"2024-01-29T11:31:58.978Z","class":"rock"},"geometry":{"type":"Point","coordinates":[137.363864,-4.670927]}},{"type":"Feature","properties":{"id":1076,"size":0.48,"time":"2024-01-03T06:31:53.411Z","class":"rock"},"geometry":{"type":"Point","coordinates":[137.378175,-4.66853]}},{"type":"Feature","properties":{"id":1077,"size":1.27,"time":"2024-01-13T07:29:26.573Z","class":"rock"},"geometry":{"type":"Point","coordinates":[137.37931,-4.659628]}},{"type":"Feature","properties":{"id":1078,"size":3.02,"time":"2024-01-23T12:50:00.910Z","class":"rock"},"geometry":{"type":"Point","coordinates":[137.38011,-4.659825]}},{"type":"Feature","properties":{"id":1079,"size":8.040000000000001,"time":"2024-01-01T16:25:06.951Z","class":"boulder"},"geometry":{"type":"Point","coordinates":[137.372413,-4.666112]}},{"type":"Feature","properties":{"id":1080,"size":0.1,"time":"2024-01-03T01:19:52.592Z","class":"rock"},"geometry":{"type":"Point","coordinates":[137.38053,-4.667756]}},{"type":"Feature","properties":{"id":1081,"size":0.14,"time":"2024-01-05T21:13:12.475Z","class":"rock"},"geometry":{"type":"Point","coordinates":[137.379756,-4.658189]}},{"type":"Feature","properties":{"id":1082,"size":0.1,"time":"2024-01-15T03:10:35.949Z","class":"rock"},"geometry":{"type":"Point","coordinates":[137.378057,-4.662782]}},{"type":"Feature","properties":{"id":1083,"size":0.12000000000000001,"time":"2024-01-03T20:50:00.354Z","class":"rock"},"geometry":{"type":"Point","coordinates":[137.370622,-4.66116]}},{"type":"Feature","properties":{"id":1084,"size":1.1600000000000001,"time":"2024-01-12T15:55:38.894Z","class":"rock"},"geometry":{"type":"Point","coordinates":[137.363585,-4.668954]}},{"type":"Feature","properties":{"id":1085,"size":5.38,"time":"2024-01-03T01:18:50.452Z","class":"boulder"},"geometry":{"type":"Point","coordinates":[137.369893,-4.676399]}},{"type":"Feature","properties":{"id":1086,"size":0.1,"time":"2024-01-24T21:41:51.260Z","class":"rock"},"geometry":{"type":"Point","coordinates":[137.377474,-4.658022]}},{"type":"Feature","properties":{"id":1087,"size":3.21,"time":"2024-01-28T14:15:32.696Z","class":"rock"},"geometry":{"type":"Point","coordinates":[137.379349,-4.668105]}},{"type":"Feature","properties":{"id":1088,"size":7.05,"time":"2024-01-26T19:58:37.412Z","class":"boulder"},"geometry":{"type":"Point","coordinates":[137.378215,-4.667277]}},{"type":"Feature","properties":{"id":1089,"size":3.2800000000000002,"time":"2024-01-20T10:51:34.063Z","class":"rock"},"geometry":{"type":"Point","coordinates":[137.372122,-4.663425]}},{"type":"Feature","properties":{"id":1090,"size":3.3000000000000003,"time":"2024-01-04T16:04:37.575Z","class":"rock"},"geometry":{"type":"Point","coordinates":[137.379604,-4.657089]}},{"type":"Feature","properties":{"id":1091,"size":1.04,"time":"2024-01-29T03:25:42.233Z","class":"rock"},"geometry":{"type":"Point","coordinates":[137.373964,-4.678778]}},{"type":"Feature","properties":{"id":1092,"size":8.03,"time":"2024-01-28T01:18:48.158Z","class":"boulder"},"geometry":{"type":"Point","coordinates":[137.371534,-4.660224]}},{"type":"Feature","properties":{"id":1093,"size":1.58,"time":"2024-01-10T03:01:51.549Z","class":"rock"},"geometry":{"type":"Point","coordinates":[137.37189,-4.665849]}},{"type":"Feature","properties":{"id":1094,"size":8.959999999999999,"time":"2024-01-23T19:59:32.378Z","class":"boulder"},"geometry":{"type":"Point","coordinates":[137.379953,-4.677476]}},{"type":"Feature","properties":{"id":1095,"size":0.57,"time":"2024-01-22T01:45:38.952Z","class":"rock"},"geometry":{"type":"Point","coordinates":[137.368928,-4.662804]}},{"type":"Feature","properties":{"id":1096,"size":6.06,"time":"2024-01-12T10:35:36.830Z","class":"boulder"},"geometry":{"type":"Point","coordinates":[137.379175,-4.668165]}},{"type":"Feature","properties":{"id":1097,"size":0.72,"time":"2024-01-13T07:32:54.855Z","class":"rock"},"geometry":{"type":"Point","coordinates":[137.379672,-4.659515]}},{"type":"Feature","properties":{"id":1098,"size":0.69,"time":"2024-01-05T11:42:15.411Z","class":"rock"},"geometry":{"type":"Point","coordinates":[137.38353,-4.67112]}},{"type":"Feature","properties":{"id":1099,"size":2.64,"time":"2024-01-15T11:56:06.727Z","class":"rock"},"geometry":{"type":"Point","coordinates":[137.362484,-4.670531]}},{"type":"Feature","properties":{"id":1100,"size":0.27,"time":"2024-01-24T07:59:16.959Z","class":"rock"},"geometry":{"type":"Point","coordinates":[137.380545,-4.658802]}},{"type":"Feature","properties":{"id":1101,"size":8.57,"time":"2024-01-19T06:02:53.560Z","class":"boulder"},"geometry":{"type":"Point","coordinates":[137.363717,-4.668879]}},{"type":"Feature","properties":{"id":1102,"size":7.81,"time":"2024-01-10T17:24:25.362Z","class":"boulder"},"geometry":{"type":"Point","coordinates":[137.364672,-4.661711]}},{"type":"Feature","properties":{"id":1103,"size":2.5700000000000003,"time":"2024-01-07T17:56:17.516Z","class":"rock"},"geometry":{"type":"Point","coordinates":[137.371128,-4.661811]}},{"type":"Feature","properties":{"id":1104,"size":8.219999999999999,"time":"2024-01-22T11:00:37.753Z","class":"boulder"},"geometry":{"type":"Point","coordinates":[137.360604,-4.668225]}},{"type":"Feature","properties":{"id":1105,"size":2.94,"time":"2024-01-29T05:20:51.304Z","class":"rock"},"geometry":{"type":"Point","coordinates":[137.379811,-4.668492]}},{"type":"Feature","properties":{"id":1106,"size":1.24,"time":"2024-01-13T18:04:45.303Z","class":"rock"},"geometry":{"type":"Point","coordinates":[137.373552,-4.675277]}},{"type":"Feature","properties":{"id":1107,"size":7.52,"time":"2024-01-12T17:55:01.861Z","class":"boulder"},"geometry":{"type":"Point","coordinates":[137.364775,-4.671556]}},{"type":"Feature","properties":{"id":1108,"size":0.44999999999999996,"time":"2024-01-04T23:50:43.330Z","class":"rock"},"geometry":{"type":"Point","coordinates":[137.378625,-4.670349]}},{"type":"Feature","properties":{"id":1109,"size":8.84,"time":"2024-01-18T20:22:49.847Z","class":"boulder"},"geometry":{"type":"Point","coordinates":[137.379829,-4.669219]}},{"type":"Feature","properties":{"id":1110,"size":1.1900000000000002,"time":"2024-01-04T10:37:25.999Z","class":"rock"},"geometry":{"type":"Point","coordinates":[137.366608,-4.660053]}},{"type":"Feature","properties":{"id":1111,"size":0.13,"time":"2024-01-17T05:56:43.456Z","class":"rock"},"geometry":{"type":"Point","coordinates":[137.361579,-4.667406]}},{"type":"Feature","properties":{"id":1112,"size":9.27,"time":"2024-01-15T06:16:28.399Z","class":"boulder"},"geometry":{"type":"Point","coordinates":[137.380855,-4.657518]}},{"type":"Feature","properties":{"id":1113,"size":0.31,"time":"2024-01-14T11:56:02.137Z","class":"rock"},"geometry":{"type":"Point","coordinates":[137.361861,-4.669339]}},{"type":"Feature","properties":{"id":1114,"size":0.2,"time":"2024-01-14T06:29:07.998Z","class":"rock"},"geometry":{"type":"Point","coordinates":[137.370402,-4.675827]}},{"type":"Feature","properties":{"id":1115,"size":6.989999999999999,"time":"2024-01-28T03:43:54.704Z","class":"boulder"},"geometry":{"type":"Point","coordinates":[137.377011,-4.658616]}},{"type":"Feature","properties":{"id":1116,"size":8.6,"time":"2024-01-12T05:15:12.421Z","class":"boulder"},"geometry":{"type":"Point","coordinates":[137.363649,-4.671063]}},{"type":"Feature","properties":{"id":1117,"size":6.109999999999999,"time":"2024-01-29T00:59:23.858Z","class":"boulder"},"geometry":{"type":"Point","coordinates":[137.370512,-4.66483]}},{"type":"Feature","properties":{"id":1118,"size":8.12,"time":"2024-01-03T15:09:56.600Z","class":"boulder"},"geometry":{"type":"Point","coordinates":[137.369775,-4.661828]}},{"type":"Feature","properties":{"id":1119,"size":2.99,"time":"2024-01-12T22:03:52.463Z","class":"rock"},"geometry":{"type":"Point","coordinates":[137.381717,-4.667623]}},{"type":"Feature","properties":{"id":1120,"size":0.11,"time":"2024-01-01T12:56:14.471Z","class":"rock"},"geometry":{"type":"Point","coordinates":[137.370972,-4.678948]}},{"type":"Feature","properties":{"id":1121,"size":6.25,"time":"2024-01-13T17:49:08.395Z","class":"boulder"},"geometry":{"type":"Point","coordinates":[137.375972,-4.67518]}},{"type":"Feature","properties":{"id":1122,"size":5.97,"time":"2024-01-06T17:40:00.034Z","class":"boulder"},"geometry":{"type":"Point","coordinates":[137.36284,-4.667664]}},{"type":"Feature","properties":{"id":1123,"size":1.9000000000000001,"time":"2024-01-30T14:58:27.369Z","class":"rock"},"geometry":{"type":"Point","coordinates":[137.363155,-4.669375]}},{"type":"Feature","properties":{"id":1124,"size":1.7000000000000002,"time":"2024-01-20T18:55:08.474Z","class":"rock"},"geometry":{"type":"Point","coordinates":[137.37659,-4.658765]}},{"type":"Feature","properties":{"id":1125,"size":1.85,"time":"2024-01-28T21:49:45.858Z","class":"rock"},"geometry":{"type":"Point","coordinates":[137.379564,-4.659183]}},{"type":"Feature","properties":{"id":1126,"size":0.27,"time":"2024-01-12T01:52:07.102Z","class":"rock"},"geometry":{"type":"Point","coordinates":[137.370049,-4.674804]}},{"type":"Feature","properties":{"id":1127,"size":0.42000000000000004,"time":"2024-01-16T09:34:09.469Z","class":"rock"},"geometry":{"type":"Point","coordinates":[137.363193,-4.671411]}},{"type":"Feature","properties":{"id":1128,"size":2.4,"time":"2024-01-12T16:37:21.955Z","class":"rock"},"geometry":{"type":"Point","coordinates":[137.379996,-4.666184]}},{"type":"Feature","properties":{"id":1129,"size":8.67,"time":"2024-01-06T12:29:47.569Z","class":"boulder"},"geometry":{"type":"Point","coordinates":[137.381048,-4.668614]}},{"type":"Feature","properties":{"id":1130,"size":8.73,"time":"2024-01-01T13:10:26.931Z","class":"boulder"},"geometry":{"type":"Point","coordinates":[137.364199,-4.669823]}},{"type":"Feature","properties":{"id":1131,"size":0.19,"time":"2024-01-20T21:05:28.260Z","class":"rock"},"geometry":{"type":"Point","coordinates":[137.380068,-4.671843]}},{"type":"Feature","properties":{"id":1132,"size":1.09,"time":"2024-01-23T05:17:27.208Z","class":"rock"},"geometry":{"type":"Point","coordinates":[137.361551,-4.677128]}},{"type":"Feature","properties":{"id":1133,"size":3.46,"time":"2024-01-15T14:15:47.234Z","class":"rock"},"geometry":{"type":"Point","coordinates":[137.363716,-4.66787]}},{"type":"Feature","properties":{"id":1134,"size":5.659999999999999,"time":"2024-01-01T04:52:54.493Z","class":"boulder"},"geometry":{"type":"Point","coordinates":[137.362677,-4.668259]}},{"type":"Feature","properties":{"id":1135,"size":9.82,"time":"2024-01-27T06:39:32.826Z","class":"boulder"},"geometry":{"type":"Point","coordinates":[137.379758,-4.669117]}},{"type":"Feature","properties":{"id":1136,"size":0.1,"time":"2024-01-05T05:51:33.299Z","class":"rock"},"geometry":{"type":"Point","coordinates":[137.37543,-4.672187]}},{"type":"Feature","properties":{"id":1137,"size":0.55,"time":"2024-01-12T14:18:47.494Z","class":"rock"},"geometry":{"type":"Point","coordinates":[137.363045,-4.66978]}},{"type":"Feature","properties":{"id":1138,"size":0.19,"time":"2024-01-21T05:10:56.479Z","class":"rock"},"geometry":{"type":"Point","coordinates":[137.36534,-4.662133]}},{"type":"Feature","properties":{"id":1139,"size":1.74,"time":"2024-01-21T23:18:19.885Z","class":"rock"},"geometry":{"type":"Point","coordinates":[137.371113,-4.662515]}},{"type":"Feature","properties":{"id":1140,"size":0.21000000000000002,"time":"2024-01-10T05:51:42.777Z","class":"rock"},"geometry":{"type":"Point","coordinates":[137.370604,-4.677789]}},{"type":"Feature","properties":{"id":1141,"size":0.6,"time":"2024-01-04T03:57:58.621Z","class":"rock"},"geometry":{"type":"Point","coordinates":[137.36105,-4.670248]}},{"type":"Feature","properties":{"id":1142,"size":2.08,"time":"2024-01-01T19:14:24.616Z","class":"rock"},"geometry":{"type":"Point","coordinates":[137.378638,-4.670405]}},{"type":"Feature","properties":{"id":1143,"size":1.87,"time":"2024-01-23T14:29:27.956Z","class":"rock"},"geometry":{"type":"Point","coordinates":[137.38026,-4.661231]}},{"type":"Feature","properties":{"id":1144,"size":2.66,"time":"2024-01-12T20:23:07.466Z","class":"rock"},"geometry":{"type":"Point","coordinates":[137.360842,-4.675194]}},{"type":"Feature","properties":{"id":1145,"size":0.11,"time":"2024-01-04T12:02:20.002Z","class":"rock"},"geometry":{"type":"Point","coordinates":[137.363,-4.668054]}},{"type":"Feature","properties":{"id":1146,"size":1.24,"time":"2024-01-27T00:07:53.252Z","class":"rock"},"geometry":{"type":"Point","coordinates":[137.37222,-4.676844]}},{"type":"Feature","properties":{"id":1147,"size":2.49,"time":"2024-01-16T18:47:12.310Z","class":"rock"},"geometry":{"type":"Point","coordinates":[137.377095,-4.666388]}},{"type":"Feature","properties":{"id":1148,"size":1.06,"time":"2024-01-13T16:36:42.476Z","class":"rock"},"geometry":{"type":"Point","coordinates":[137.38176,-4.669459]}},{"type":"Feature","properties":{"id":1149,"size":1.6300000000000001,"time":"2024-01-01T04:03:59.578Z","class":"rock"},"geometry":{"type":"Point","coordinates":[137.382376,-4.668181]}},{"type":"Feature","properties":{"id":1150,"size":5.35,"time":"2024-01-22T08:41:18.291Z","class":"boulder"},"geometry":{"type":"Point","coordinates":[137.36373,-4.670413]}},{"type":"Feature","properties":{"id":1151,"size":0.1,"time":"2024-01-23T11:11:42.731Z","class":"rock"},"geometry":{"type":"Point","coordinates":[137.381051,-4.669606]}},{"type":"Feature","properties":{"id":1152,"size":0.55,"time":"2024-01-22T22:22:21.834Z","class":"rock"},"geometry":{"type":"Point","coordinates":[137.381452,-4.668248]}},{"type":"Feature","properties":{"id":1153,"size":0.1,"time":"2024-01-29T08:35:51.186Z","class":"rock"},"geometry":{"type":"Point","coordinates":[137.373991,-4.660972]}},{"type":"Feature","properties":{"id":1154,"size":6.75,"time":"2024-01-03T11:21:49.597Z","class":"boulder"},"geometry":{"type":"Point","coordinates":[137.370561,-4.678479]}},{"type":"Feature","properties":{"id":1155,"size":0.99,"time":"2024-01-22T09:38:23.350Z","class":"rock"},"geometry":{"type":"Point","coordinates":[137.363677,-4.668866]}},{"type":"Feature","properties":{"id":1156,"size":1.11,"time":"2024-01-10T19:05:34.525Z","class":"rock"},"geometry":{"type":"Point","coordinates":[137.371574,-4.663431]}},{"type":"Feature","properties":{"id":1157,"size":0.17,"time":"2024-01-08T18:38:30.011Z","class":"rock"},"geometry":{"type":"Point","coordinates":[137.362648,-4.667553]}},{"type":"Feature","properties":{"id":1158,"size":0.26,"time":"2024-01-15T18:49:49.018Z","class":"rock"},"geometry":{"type":"Point","coordinates":[137.37283,-4.660661]}},{"type":"Feature","properties":{"id":1159,"size":2.13,"time":"2024-01-10T03:53:12.472Z","class":"rock"},"geometry":{"type":"Point","coordinates":[137.373145,-4.661867]}},{"type":"Feature","properties":{"id":1160,"size":4.79,"time":"2024-01-16T13:13:32.165Z","class":"rock"},"geometry":{"type":"Point","coordinates":[137.372364,-4.676048]}},{"type":"Feature","properties":{"id":1161,"size":0.26,"time":"2024-01-09T18:38:55.890Z","class":"rock"},"geometry":{"type":"Point","coordinates":[137.363695,-4.671856]}},{"type":"Feature","properties":{"id":1162,"size":0.22,"time":"2024-01-06T12:27:15.896Z","class":"rock"},"geometry":{"type":"Point","coordinates":[137.373979,-4.662372]}},{"type":"Feature","properties":{"id":1163,"size":0.26,"time":"2024-01-19T10:22:17.292Z","class":"rock"},"geometry":{"type":"Point","coordinates":[137.362152,-4.66744]}},{"type":"Feature","properties":{"id":1164,"size":0.69,"time":"2024-01-16T13:53:24.450Z","class":"rock"},"geometry":{"type":"Point","coordinates":[137.362446,-4.670831]}},{"type":"Feature","properties":{"id":1165,"size":1.6600000000000001,"time":"2024-01-06T18:23:17.196Z","class":"rock"},"geometry":{"type":"Point","coordinates":[137.371024,-4.679505]}},{"type":"Feature","properties":{"id":1166,"size":3.83,"time":"2024-01-19T18:21:32.925Z","class":"rock"},"geometry":{"type":"Point","coordinates":[137.3646,-4.669701]}},{"type":"Feature","properties":{"id":1167,"size":1.6,"time":"2024-01-29T09:20:43.359Z","class":"rock"},"geometry":{"type":"Point","coordinates":[137.371044,-4.677605]}},{"type":"Feature","properties":{"id":1168,"size":5.909999999999999,"time":"2024-01-26T13:34:48.261Z","class":"boulder"},"geometry":{"type":"Point","coordinates":[137.378504,-4.659231]}},{"type":"Feature","properties":{"id":1169,"size":0.5,"time":"2024-01-24T11:46:04.774Z","class":"rock"},"geometry":{"type":"Point","coordinates":[137.378162,-4.669865]}},{"type":"Feature","properties":{"id":1170,"size":0.38,"time":"2024-01-27T21:27:24.781Z","class":"rock"},"geometry":{"type":"Point","coordinates":[137.371544,-4.66529]}},{"type":"Feature","properties":{"id":1171,"size":0.11,"time":"2024-01-06T17:32:11.055Z","class":"rock"},"geometry":{"type":"Point","coordinates":[137.363237,-4.666959]}},{"type":"Feature","properties":{"id":1172,"size":2.15,"time":"2024-01-18T21:17:29.067Z","class":"rock"},"geometry":{"type":"Point","coordinates":[137.360922,-4.668073]}},{"type":"Feature","properties":{"id":1173,"size":9.82,"time":"2024-01-06T10:18:44.359Z","class":"boulder"},"geometry":{"type":"Point","coordinates":[137.378175,-4.657302]}},{"type":"Feature","properties":{"id":1174,"size":7.909999999999999,"time":"2024-01-18T11:11:56.467Z","class":"boulder"},"geometry":{"type":"Point","coordinates":[137.363843,-4.66829]}},{"type":"Feature","properties":{"id":1175,"size":0.11,"time":"2024-01-15T07:24:28.607Z","class":"rock"},"geometry":{"type":"Point","coordinates":[137.371371,-4.679698]}},{"type":"Feature","properties":{"id":1176,"size":0.24000000000000002,"time":"2024-01-02T17:36:24.457Z","class":"rock"},"geometry":{"type":"Point","coordinates":[137.37916,-4.657678]}},{"type":"Feature","properties":{"id":1177,"size":3.79,"time":"2024-01-13T11:32:09.157Z","class":"rock"},"geometry":{"type":"Point","coordinates":[137.363919,-4.668523]}},{"type":"Feature","properties":{"id":1178,"size":7.069999999999999,"time":"2024-01-18T15:46:19.258Z","class":"boulder"},"geometry":{"type":"Point","coordinates":[137.373437,-4.669794]}},{"type":"Feature","properties":{"id":1179,"size":0.1,"time":"2024-01-20T12:04:22.563Z","class":"rock"},"geometry":{"type":"Point","coordinates":[137.360649,-4.658847]}},{"type":"Feature","properties":{"id":1180,"size":0.78,"time":"2024-01-27T10:37:14.773Z","class":"rock"},"geometry":{"type":"Point","coordinates":[137.37151,-4.677288]}},{"type":"Feature","properties":{"id":1181,"size":3.58,"time":"2024-01-04T15:59:08.179Z","class":"rock"},"geometry":{"type":"Point","coordinates":[137.380527,-4.668832]}},{"type":"Feature","properties":{"id":1182,"size":5.76,"time":"2024-01-28T11:15:35.794Z","class":"boulder"},"geometry":{"type":"Point","coordinates":[137.375693,-4.671595]}},{"type":"Feature","properties":{"id":1183,"size":0.11,"time":"2024-01-30T17:20:55.630Z","class":"rock"},"geometry":{"type":"Point","coordinates":[137.363668,-4.670477]}},{"type":"Feature","properties":{"id":1184,"size":8.26,"time":"2024-01-07T05:55:00.274Z","class":"boulder"},"geometry":{"type":"Point","coordinates":[137.379485,-4.665579]}},{"type":"Feature","properties":{"id":1185,"size":2.2600000000000002,"time":"2024-01-05T04:11:24.271Z","class":"rock"},"geometry":{"type":"Point","coordinates":[137.380113,-4.667666]}},{"type":"Feature","properties":{"id":1186,"size":0.18,"time":"2024-01-02T10:53:51.777Z","class":"rock"},"geometry":{"type":"Point","coordinates":[137.361428,-4.668448]}},{"type":"Feature","properties":{"id":1187,"size":5.29,"time":"2024-01-25T00:01:44.971Z","class":"boulder"},"geometry":{"type":"Point","coordinates":[137.364044,-4.667085]}},{"type":"Feature","properties":{"id":1188,"size":0.88,"time":"2024-01-22T13:25:22.272Z","class":"rock"},"geometry":{"type":"Point","coordinates":[137.378206,-4.668511]}},{"type":"Feature","properties":{"id":1189,"size":1.77,"time":"2024-01-07T04:27:51.518Z","class":"rock"},"geometry":{"type":"Point","coordinates":[137.381296,-4.668712]}},{"type":"Feature","properties":{"id":1190,"size":3.88,"time":"2024-01-13T10:01:23.909Z","class":"rock"},"geometry":{"type":"Point","coordinates":[137.380468,-4.65974]}},{"type":"Feature","properties":{"id":1191,"size":0.1,"time":"2024-01-13T11:40:26.225Z","class":"rock"},"geometry":{"type":"Point","coordinates":[137.378412,-4.658299]}},{"type":"Feature","properties":{"id":1192,"size":6.09,"time":"2024-01-18T19:11:35.980Z","class":"boulder"},"geometry":{"type":"Point","coordinates":[137.361596,-4.668666]}},{"type":"Feature","properties":{"id":1193,"size":0.11,"time":"2024-01-10T00:19:52.125Z","class":"rock"},"geometry":{"type":"Point","coordinates":[137.37697,-4.674774]}},{"type":"Feature","properties":{"id":1194,"size":2.5100000000000002,"time":"2024-01-13T23:34:51.875Z","class":"rock"},"geometry":{"type":"Point","coordinates":[137.372609,-4.664363]}},{"type":"Feature","properties":{"id":1195,"size":5.029999999999999,"time":"2024-01-13T03:26:41.771Z","class":"boulder"},"geometry":{"type":"Point","coordinates":[137.374516,-4.662261]}},{"type":"Feature","properties":{"id":1196,"size":0.43000000000000005,"time":"2024-01-27T04:24:50.788Z","class":"rock"},"geometry":{"type":"Point","coordinates":[137.363874,-4.669147]}},{"type":"Feature","properties":{"id":1197,"size":0.25,"time":"2024-01-02T15:52:22.049Z","class":"rock"},"geometry":{"type":"Point","coordinates":[137.371911,-4.665767]}},{"type":"Feature","properties":{"id":1198,"size":3.42,"time":"2024-01-02T21:11:16.861Z","class":"rock"},"geometry":{"type":"Point","coordinates":[137.371399,-4.661434]}},{"type":"Feature","properties":{"id":1199,"size":2.91,"time":"2024-01-12T07:53:37.319Z","class":"rock"},"geometry":{"type":"Point","coordinates":[137.372314,-4.662953]}},{"type":"Feature","properties":{"id":1200,"size":2.68,"time":"2024-01-20T00:17:08.463Z","class":"rock"},"geometry":{"type":"Point","coordinates":[137.36391,-4.676484]}},{"type":"Feature","properties":{"id":1201,"size":2.62,"time":"2024-01-03T22:31:10.009Z","class":"rock"},"geometry":{"type":"Point","coordinates":[137.375095,-4.665019]}},{"type":"Feature","properties":{"id":1202,"size":6.27,"time":"2024-01-11T22:35:16.571Z","class":"boulder"},"geometry":{"type":"Point","coordinates":[137.37018,-4.672779]}},{"type":"Feature","properties":{"id":1203,"size":8.81,"time":"2024-01-04T07:16:21.552Z","class":"boulder"},"geometry":{"type":"Point","coordinates":[137.376368,-4.677633]}},{"type":"Feature","properties":{"id":1204,"size":3.6,"time":"2024-01-12T22:45:54.458Z","class":"rock"},"geometry":{"type":"Point","coordinates":[137.378645,-4.657718]}},{"type":"Feature","properties":{"id":1205,"size":0.22,"time":"2024-01-23T23:21:28.468Z","class":"rock"},"geometry":{"type":"Point","coordinates":[137.363457,-4.669668]}},{"type":"Feature","properties":{"id":1206,"size":0.13,"time":"2024-01-19T14:17:16.592Z","class":"rock"},"geometry":{"type":"Point","coordinates":[137.37166,-4.66209]}},{"type":"Feature","properties":{"id":1207,"size":0.44999999999999996,"time":"2024-01-28T11:39:44.829Z","class":"rock"},"geometry":{"type":"Point","coordinates":[137.373823,-4.662554]}},{"type":"Feature","properties":{"id":1208,"size":0.11,"time":"2024-01-10T18:55:11.063Z","class":"rock"},"geometry":{"type":"Point","coordinates":[137.368984,-4.669864]}},{"type":"Feature","properties":{"id":1209,"size":0.69,"time":"2024-01-30T15:55:06.226Z","class":"rock"},"geometry":{"type":"Point","coordinates":[137.371526,-4.665822]}},{"type":"Feature","properties":{"id":1210,"size":3.69,"time":"2024-01-06T05:35:01.210Z","class":"rock"},"geometry":{"type":"Point","coordinates":[137.363168,-4.66725]}},{"type":"Feature","properties":{"id":1211,"size":1.06,"time":"2024-01-07T18:05:01.597Z","class":"rock"},"geometry":{"type":"Point","coordinates":[137.371445,-4.665399]}},{"type":"Feature","properties":{"id":1212,"size":3.81,"time":"2024-01-13T11:22:46.206Z","class":"rock"},"geometry":{"type":"Point","coordinates":[137.378835,-4.657597]}},{"type":"Feature","properties":{"id":1213,"size":0.18,"time":"2024-01-28T21:22:28.260Z","class":"rock"},"geometry":{"type":"Point","coordinates":[137.371381,-4.664899]}},{"type":"Feature","properties":{"id":1214,"size":3.38,"time":"2024-01-15T02:47:15.891Z","class":"rock"},"geometry":{"type":"Point","coordinates":[137.364474,-4.669121]}},{"type":"Feature","properties":{"id":1215,"size":2.9,"time":"2024-01-20T18:42:57.644Z","class":"rock"},"geometry":{"type":"Point","coordinates":[137.370144,-4.679359]}},{"type":"Feature","properties":{"id":1216,"size":9.1,"time":"2024-01-20T06:30:47.924Z","class":"boulder"},"geometry":{"type":"Point","coordinates":[137.362456,-4.669108]}},{"type":"Feature","properties":{"id":1217,"size":0.39,"time":"2024-01-11T09:56:32.642Z","class":"rock"},"geometry":{"type":"Point","coordinates":[137.378609,-4.657191]}},{"type":"Feature","properties":{"id":1218,"size":3.74,"time":"2024-01-26T03:52:45.108Z","class":"rock"},"geometry":{"type":"Point","coordinates":[137.374314,-4.664277]}},{"type":"Feature","properties":{"id":1219,"size":8.35,"time":"2024-01-05T11:56:39.459Z","class":"boulder"},"geometry":{"type":"Point","coordinates":[137.378873,-4.659947]}},{"type":"Feature","properties":{"id":1220,"size":1.9000000000000001,"time":"2024-01-23T10:38:48.164Z","class":"rock"},"geometry":{"type":"Point","coordinates":[137.373673,-4.678595]}},{"type":"Feature","properties":{"id":1221,"size":0.1,"time":"2024-01-29T10:50:51.249Z","class":"rock"},"geometry":{"type":"Point","coordinates":[137.371074,-4.676325]}},{"type":"Feature","properties":{"id":1222,"size":0.1,"time":"2024-01-05T16:32:09.825Z","class":"rock"},"geometry":{"type":"Point","coordinates":[137.377229,-4.677499]}},{"type":"Feature","properties":{"id":1223,"size":4.07,"time":"2024-01-25T10:42:18.735Z","class":"rock"},"geometry":{"type":"Point","coordinates":[137.379668,-4.65878]}},{"type":"Feature","properties":{"id":1224,"size":1.9000000000000001,"time":"2024-01-11T23:24:46.180Z","class":"rock"},"geometry":{"type":"Point","coordinates":[137.363226,-4.668373]}},{"type":"Feature","properties":{"id":1225,"size":4.08,"time":"2024-01-07T00:10:19.727Z","class":"rock"},"geometry":{"type":"Point","coordinates":[137.372566,-4.679048]}},{"type":"Feature","properties":{"id":1226,"size":4,"time":"2024-01-25T01:24:28.960Z","class":"rock"},"geometry":{"type":"Point","coordinates":[137.364013,-4.669724]}},{"type":"Feature","properties":{"id":1227,"size":3.04,"time":"2024-01-27T21:00:07.186Z","class":"rock"},"geometry":{"type":"Point","coordinates":[137.374611,-4.673952]}},{"type":"Feature","properties":{"id":1228,"size":4.31,"time":"2024-01-16T22:22:27.558Z","class":"rock"},"geometry":{"type":"Point","coordinates":[137.374268,-4.666428]}},{"type":"Feature","properties":{"id":1229,"size":1,"time":"2024-01-13T20:00:09.283Z","class":"rock"},"geometry":{"type":"Point","coordinates":[137.373005,-4.664747]}},{"type":"Feature","properties":{"id":1230,"size":0.1,"time":"2024-01-15T22:45:45.292Z","class":"rock"},"geometry":{"type":"Point","coordinates":[137.362351,-4.668729]}},{"type":"Feature","properties":{"id":1231,"size":1.06,"time":"2024-01-30T13:00:46.899Z","class":"rock"},"geometry":{"type":"Point","coordinates":[137.363362,-4.671187]}},{"type":"Feature","properties":{"id":1232,"size":1.9300000000000002,"time":"2024-01-21T12:37:21.308Z","class":"rock"},"geometry":{"type":"Point","coordinates":[137.376303,-4.662385]}},{"type":"Feature","properties":{"id":1233,"size":0.4,"time":"2024-01-07T21:46:01.253Z","class":"rock"},"geometry":{"type":"Point","coordinates":[137.363343,-4.674046]}},{"type":"Feature","properties":{"id":1234,"size":0.72,"time":"2024-01-20T23:16:11.659Z","class":"rock"},"geometry":{"type":"Point","coordinates":[137.361553,-4.66955]}},{"type":"Feature","properties":{"id":1235,"size":0.11,"time":"2024-01-14T07:50:39.089Z","class":"rock"},"geometry":{"type":"Point","coordinates":[137.372302,-4.677685]}},{"type":"Feature","properties":{"id":1236,"size":3.65,"time":"2024-01-08T21:05:39.092Z","class":"rock"},"geometry":{"type":"Point","coordinates":[137.373064,-4.673774]}},{"type":"Feature","properties":{"id":1237,"size":7.59,"time":"2024-01-08T17:20:06.831Z","class":"boulder"},"geometry":{"type":"Point","coordinates":[137.37416,-4.677679]}},{"type":"Feature","properties":{"id":1238,"size":0.13,"time":"2024-01-20T22:51:38.960Z","class":"rock"},"geometry":{"type":"Point","coordinates":[137.378245,-4.670327]}},{"type":"Feature","properties":{"id":1239,"size":0.47,"time":"2024-01-16T08:07:07.814Z","class":"rock"},"geometry":{"type":"Point","coordinates":[137.37204,-4.678149]}},{"type":"Feature","properties":{"id":1240,"size":0.13,"time":"2024-01-10T11:56:32.409Z","class":"rock"},"geometry":{"type":"Point","coordinates":[137.370464,-4.662542]}},{"type":"Feature","properties":{"id":1241,"size":0.6,"time":"2024-01-13T12:14:26.613Z","class":"rock"},"geometry":{"type":"Point","coordinates":[137.377619,-4.6739]}},{"type":"Feature","properties":{"id":1242,"size":6.869999999999999,"time":"2024-01-14T20:43:10.514Z","class":"boulder"},"geometry":{"type":"Point","coordinates":[137.371391,-4.664677]}},{"type":"Feature","properties":{"id":1243,"size":0.9299999999999999,"time":"2024-01-25T13:49:53.278Z","class":"rock"},"geometry":{"type":"Point","coordinates":[137.376849,-4.665295]}},{"type":"Feature","properties":{"id":1244,"size":6.699999999999999,"time":"2024-01-09T18:42:05.435Z","class":"boulder"},"geometry":{"type":"Point","coordinates":[137.363124,-4.671148]}},{"type":"Feature","properties":{"id":1245,"size":1.4200000000000002,"time":"2024-01-14T19:13:38.877Z","class":"rock"},"geometry":{"type":"Point","coordinates":[137.380258,-4.658033]}},{"type":"Feature","properties":{"id":1246,"size":5.409999999999999,"time":"2024-01-20T23:21:33.849Z","class":"boulder"},"geometry":{"type":"Point","coordinates":[137.38063,-4.668899]}},{"type":"Feature","properties":{"id":1247,"size":0.1,"time":"2024-01-05T08:51:17.664Z","class":"rock"},"geometry":{"type":"Point","coordinates":[137.363516,-4.668265]}},{"type":"Feature","properties":{"id":1248,"size":9.1,"time":"2024-01-09T23:17:26.184Z","class":"boulder"},"geometry":{"type":"Point","coordinates":[137.373432,-4.665893]}},{"type":"Feature","properties":{"id":1249,"size":1.81,"time":"2024-01-17T03:03:06.569Z","class":"rock"},"geometry":{"type":"Point","coordinates":[137.380147,-4.657021]}},{"type":"Feature","properties":{"id":1250,"size":0.72,"time":"2024-01-27T16:25:03.469Z","class":"rock"},"geometry":{"type":"Point","coordinates":[137.380406,-4.658257]}},{"type":"Feature","properties":{"id":1251,"size":0.26,"time":"2024-01-28T06:08:04.473Z","class":"rock"},"geometry":{"type":"Point","coordinates":[137.365028,-4.669053]}},{"type":"Feature","properties":{"id":1252,"size":6.1,"time":"2024-01-08T00:50:30.420Z","class":"boulder"},"geometry":{"type":"Point","coordinates":[137.373688,-4.676765]}},{"type":"Feature","properties":{"id":1253,"size":0.19,"time":"2024-01-04T07:23:26.542Z","class":"rock"},"geometry":{"type":"Point","coordinates":[137.375713,-4.670824]}},{"type":"Feature","properties":{"id":1254,"size":0.11,"time":"2024-01-14T06:03:14.689Z","class":"rock"},"geometry":{"type":"Point","coordinates":[137.361275,-4.669462]}},{"type":"Feature","properties":{"id":1255,"size":0.41000000000000003,"time":"2024-01-01T09:36:03.408Z","class":"rock"},"geometry":{"type":"Point","coordinates":[137.372476,-4.679195]}},{"type":"Feature","properties":{"id":1256,"size":0.13,"time":"2024-01-20T02:56:58.830Z","class":"rock"},"geometry":{"type":"Point","coordinates":[137.378432,-4.659596]}},{"type":"Feature","properties":{"id":1257,"size":3.21,"time":"2024-01-29T15:00:22.979Z","class":"rock"},"geometry":{"type":"Point","coordinates":[137.363145,-4.667752]}},{"type":"Feature","properties":{"id":1258,"size":2.42,"time":"2024-01-03T09:38:55.873Z","class":"rock"},"geometry":{"type":"Point","coordinates":[137.36261,-4.668909]}},{"type":"Feature","properties":{"id":1259,"size":0.1,"time":"2024-01-20T02:29:01.380Z","class":"rock"},"geometry":{"type":"Point","coordinates":[137.371807,-4.667486]}},{"type":"Feature","properties":{"id":1260,"size":0.39,"time":"2024-01-09T23:10:53.476Z","class":"rock"},"geometry":{"type":"Point","coordinates":[137.3725,-4.668924]}},{"type":"Feature","properties":{"id":1261,"size":5.369999999999999,"time":"2024-01-11T17:23:05.388Z","class":"boulder"},"geometry":{"type":"Point","coordinates":[137.369788,-4.661673]}},{"type":"Feature","properties":{"id":1262,"size":0.28,"time":"2024-01-19T02:54:27.811Z","class":"rock"},"geometry":{"type":"Point","coordinates":[137.372779,-4.662182]}},{"type":"Feature","properties":{"id":1263,"size":0.29000000000000004,"time":"2024-01-23T00:41:12.124Z","class":"rock"},"geometry":{"type":"Point","coordinates":[137.372388,-4.664622]}},{"type":"Feature","properties":{"id":1264,"size":2.27,"time":"2024-01-05T07:36:52.988Z","class":"rock"},"geometry":{"type":"Point","coordinates":[137.371198,-4.67753]}},{"type":"Feature","properties":{"id":1265,"size":0.13,"time":"2024-01-10T07:11:03.585Z","class":"rock"},"geometry":{"type":"Point","coordinates":[137.36239,-4.673732]}},{"type":"Feature","properties":{"id":1266,"size":0.22,"time":"2024-01-18T12:59:05.879Z","class":"rock"},"geometry":{"type":"Point","coordinates":[137.377553,-4.6676]}},{"type":"Feature","properties":{"id":1267,"size":2.96,"time":"2024-01-25T12:23:19.651Z","class":"rock"},"geometry":{"type":"Point","coordinates":[137.3659,-4.659179]}},{"type":"Feature","properties":{"id":1268,"size":0.13,"time":"2024-01-27T03:33:44.065Z","class":"rock"},"geometry":{"type":"Point","coordinates":[137.374107,-4.662776]}},{"type":"Feature","properties":{"id":1269,"size":0.2,"time":"2024-01-26T00:34:39.783Z","class":"rock"},"geometry":{"type":"Point","coordinates":[137.370908,-4.660061]}},{"type":"Feature","properties":{"id":1270,"size":1.52,"time":"2024-01-07T05:54:02.470Z","class":"rock"},"geometry":{"type":"Point","coordinates":[137.36195,-4.668588]}},{"type":"Feature","properties":{"id":1271,"size":6.159999999999999,"time":"2024-01-09T06:45:10.199Z","class":"boulder"},"geometry":{"type":"Point","coordinates":[137.363285,-4.661205]}},{"type":"Feature","properties":{"id":1272,"size":0.72,"time":"2024-01-12T03:06:17.165Z","class":"rock"},"geometry":{"type":"Point","coordinates":[137.372571,-4.661662]}},{"type":"Feature","properties":{"id":1273,"size":2.5700000000000003,"time":"2024-01-05T13:56:49.567Z","class":"rock"},"geometry":{"type":"Point","coordinates":[137.375039,-4.677121]}},{"type":"Feature","properties":{"id":1274,"size":3.62,"time":"2024-01-05T10:26:06.758Z","class":"rock"},"geometry":{"type":"Point","coordinates":[137.361427,-4.668198]}},{"type":"Feature","properties":{"id":1275,"size":5.88,"time":"2024-01-27T08:41:40.727Z","class":"boulder"},"geometry":{"type":"Point","coordinates":[137.379594,-4.668763]}},{"type":"Feature","properties":{"id":1276,"size":0.82,"time":"2024-01-23T17:51:30.716Z","class":"rock"},"geometry":{"type":"Point","coordinates":[137.363703,-4.665138]}},{"type":"Feature","properties":{"id":1277,"size":0.18,"time":"2024-01-23T17:45:45.721Z","class":"rock"},"geometry":{"type":"Point","coordinates":[137.379772,-4.659279]}},{"type":"Feature","properties":{"id":1278,"size":9.709999999999999,"time":"2024-01-11T11:55:33.853Z","class":"boulder"},"geometry":{"type":"Point","coordinates":[137.363214,-4.662113]}},{"type":"Feature","properties":{"id":1279,"size":1.9700000000000002,"time":"2024-01-25T17:01:32.228Z","class":"rock"},"geometry":{"type":"Point","coordinates":[137.373626,-4.662929]}},{"type":"Feature","properties":{"id":1280,"size":6.069999999999999,"time":"2024-01-10T09:21:07.712Z","class":"boulder"},"geometry":{"type":"Point","coordinates":[137.372579,-4.676062]}},{"type":"Feature","properties":{"id":1281,"size":5.069999999999999,"time":"2024-01-10T22:45:42.176Z","class":"boulder"},"geometry":{"type":"Point","coordinates":[137.373712,-4.66453]}},{"type":"Feature","properties":{"id":1282,"size":1.7000000000000002,"time":"2024-01-03T09:24:22.524Z","class":"rock"},"geometry":{"type":"Point","coordinates":[137.380488,-4.659577]}},{"type":"Feature","properties":{"id":1283,"size":0.26,"time":"2024-01-20T21:48:43.805Z","class":"rock"},"geometry":{"type":"Point","coordinates":[137.374936,-4.678705]}},{"type":"Feature","properties":{"id":1284,"size":3.96,"time":"2024-01-02T07:08:49.975Z","class":"rock"},"geometry":{"type":"Point","coordinates":[137.378185,-4.657406]}},{"type":"Feature","properties":{"id":1285,"size":1.03,"time":"2024-01-06T22:10:19.479Z","class":"rock"},"geometry":{"type":"Point","coordinates":[137.373503,-4.662486]}},{"type":"Feature","properties":{"id":1286,"size":1.04,"time":"2024-01-12T14:29:39.212Z","class":"rock"},"geometry":{"type":"Point","coordinates":[137.370155,-4.6637]}},{"type":"Feature","properties":{"id":1287,"size":9.879999999999999,"time":"2024-01-12T20:27:43.586Z","class":"boulder"},"geometry":{"type":"Point","coordinates":[137.373532,-4.664836]}},{"type":"Feature","properties":{"id":1288,"size":4.31,"time":"2024-01-30T12:12:20.579Z","class":"rock"},"geometry":{"type":"Point","coordinates":[137.372532,-4.66532]}},{"type":"Feature","properties":{"id":1289,"size":5.7299999999999995,"time":"2024-01-20T17:42:34.099Z","class":"boulder"},"geometry":{"type":"Point","coordinates":[137.376192,-4.6759]}},{"type":"Feature","properties":{"id":1290,"size":0.1,"time":"2024-01-24T15:59:29.665Z","class":"rock"},"geometry":{"type":"Point","coordinates":[137.372394,-4.664166]}},{"type":"Feature","properties":{"id":1291,"size":0.14,"time":"2024-01-13T22:20:21.553Z","class":"rock"},"geometry":{"type":"Point","coordinates":[137.368784,-4.672089]}},{"type":"Feature","properties":{"id":1292,"size":4.58,"time":"2024-01-01T05:27:13.179Z","class":"rock"},"geometry":{"type":"Point","coordinates":[137.364226,-4.66766]}},{"type":"Feature","properties":{"id":1293,"size":2.5900000000000003,"time":"2024-01-28T18:22:26.195Z","class":"rock"},"geometry":{"type":"Point","coordinates":[137.36248,-4.668178]}},{"type":"Feature","properties":{"id":1294,"size":6.25,"time":"2024-01-15T09:35:05.108Z","class":"boulder"},"geometry":{"type":"Point","coordinates":[137.382374,-4.668587]}},{"type":"Feature","properties":{"id":1295,"size":0.23,"time":"2024-01-09T13:44:41.225Z","class":"rock"},"geometry":{"type":"Point","coordinates":[137.372491,-4.662267]}},{"type":"Feature","properties":{"id":1296,"size":4.21,"time":"2024-01-02T03:16:08.807Z","class":"rock"},"geometry":{"type":"Point","coordinates":[137.370673,-4.679963]}},{"type":"Feature","properties":{"id":1297,"size":0.19,"time":"2024-01-29T15:59:24.878Z","class":"rock"},"geometry":{"type":"Point","coordinates":[137.363789,-4.667589]}},{"type":"Feature","properties":{"id":1298,"size":8.06,"time":"2024-01-21T17:32:42.678Z","class":"boulder"},"geometry":{"type":"Point","coordinates":[137.362538,-4.668812]}},{"type":"Feature","properties":{"id":1299,"size":4.75,"time":"2024-01-12T14:09:00.922Z","class":"rock"},"geometry":{"type":"Point","coordinates":[137.37203,-4.674942]}},{"type":"Feature","properties":{"id":1300,"size":6.3,"time":"2024-01-01T05:21:38.070Z","class":"boulder"},"geometry":{"type":"Point","coordinates":[137.363917,-4.668318]}},{"type":"Feature","properties":{"id":1301,"size":5.71,"time":"2024-01-24T00:58:35.434Z","class":"boulder"},"geometry":{"type":"Point","coordinates":[137.369264,-4.665439]}},{"type":"Feature","properties":{"id":1302,"size":7.9399999999999995,"time":"2024-01-26T14:40:57.672Z","class":"boulder"},"geometry":{"type":"Point","coordinates":[137.371421,-4.67794]}},{"type":"Feature","properties":{"id":1303,"size":6.8999999999999995,"time":"2024-01-03T19:20:03.426Z","class":"boulder"},"geometry":{"type":"Point","coordinates":[137.372543,-4.664961]}},{"type":"Feature","properties":{"id":1304,"size":3.69,"time":"2024-01-30T07:47:18.179Z","class":"rock"},"geometry":{"type":"Point","coordinates":[137.36992,-4.673557]}},{"type":"Feature","properties":{"id":1305,"size":1.32,"time":"2024-01-02T10:53:07.188Z","class":"rock"},"geometry":{"type":"Point","coordinates":[137.362728,-4.669441]}},{"type":"Feature","properties":{"id":1306,"size":0.1,"time":"2024-01-19T05:48:40.859Z","class":"rock"},"geometry":{"type":"Point","coordinates":[137.379315,-4.670346]}},{"type":"Feature","properties":{"id":1307,"size":0.13,"time":"2024-01-27T03:56:03.674Z","class":"rock"},"geometry":{"type":"Point","coordinates":[137.362771,-4.668714]}},{"type":"Feature","properties":{"id":1308,"size":8.27,"time":"2024-01-20T00:18:43.459Z","class":"boulder"},"geometry":{"type":"Point","coordinates":[137.364168,-4.66227]}},{"type":"Feature","properties":{"id":1309,"size":0.19,"time":"2024-01-25T18:50:40.465Z","class":"rock"},"geometry":{"type":"Point","coordinates":[137.376344,-4.664996]}},{"type":"Feature","properties":{"id":1310,"size":0.82,"time":"2024-01-16T21:12:02.769Z","class":"rock"},"geometry":{"type":"Point","coordinates":[137.365041,-4.670403]}},{"type":"Feature","properties":{"id":1311,"size":0.12000000000000001,"time":"2024-01-16T13:47:11.538Z","class":"rock"},"geometry":{"type":"Point","coordinates":[137.363515,-4.66807]}},{"type":"Feature","properties":{"id":1312,"size":9.19,"time":"2024-01-12T00:40:52.195Z","class":"boulder"},"geometry":{"type":"Point","coordinates":[137.381197,-4.665679]}},{"type":"Feature","properties":{"id":1313,"size":0.44999999999999996,"time":"2024-01-10T04:45:25.306Z","class":"rock"},"geometry":{"type":"Point","coordinates":[137.378411,-4.667863]}},{"type":"Feature","properties":{"id":1314,"size":1.55,"time":"2024-01-23T23:25:54.798Z","class":"rock"},"geometry":{"type":"Point","coordinates":[137.379695,-4.669199]}},{"type":"Feature","properties":{"id":1315,"size":3.61,"time":"2024-01-08T06:19:53.894Z","class":"rock"},"geometry":{"type":"Point","coordinates":[137.372056,-4.675327]}},{"type":"Feature","properties":{"id":1316,"size":5.109999999999999,"time":"2024-01-21T01:22:05.359Z","class":"boulder"},"geometry":{"type":"Point","coordinates":[137.360723,-4.670364]}},{"type":"Feature","properties":{"id":1317,"size":2.17,"time":"2024-01-14T17:21:16.317Z","class":"rock"},"geometry":{"type":"Point","coordinates":[137.372411,-4.663195]}},{"type":"Feature","properties":{"id":1318,"size":2.38,"time":"2024-01-06T10:23:34.631Z","class":"rock"},"geometry":{"type":"Point","coordinates":[137.378926,-4.658302]}},{"type":"Feature","properties":{"id":1319,"size":3.7,"time":"2024-01-01T09:21:20.414Z","class":"rock"},"geometry":{"type":"Point","coordinates":[137.373737,-4.67398]}},{"type":"Feature","properties":{"id":1320,"size":8.719999999999999,"time":"2024-01-25T19:10:45.509Z","class":"boulder"},"geometry":{"type":"Point","coordinates":[137.36425,-4.668297]}},{"type":"Feature","properties":{"id":1321,"size":1.8800000000000001,"time":"2024-01-17T15:45:29.967Z","class":"rock"},"geometry":{"type":"Point","coordinates":[137.38032,-4.659084]}},{"type":"Feature","properties":{"id":1322,"size":0.11,"time":"2024-01-03T22:05:31.640Z","class":"rock"},"geometry":{"type":"Point","coordinates":[137.38049,-4.669517]}},{"type":"Feature","properties":{"id":1323,"size":4.529999999999999,"time":"2024-01-21T01:51:01.891Z","class":"rock"},"geometry":{"type":"Point","coordinates":[137.380311,-4.65806]}},{"type":"Feature","properties":{"id":1324,"size":0.1,"time":"2024-01-27T12:01:12.555Z","class":"rock"},"geometry":{"type":"Point","coordinates":[137.378834,-4.667735]}},{"type":"Feature","properties":{"id":1325,"size":0.14,"time":"2024-01-15T20:19:44.614Z","class":"rock"},"geometry":{"type":"Point","coordinates":[137.361463,-4.670603]}},{"type":"Feature","properties":{"id":1326,"size":0.48,"time":"2024-01-19T21:01:48.252Z","class":"rock"},"geometry":{"type":"Point","coordinates":[137.363146,-4.667101]}},{"type":"Feature","properties":{"id":1327,"size":8.69,"time":"2024-01-09T12:59:32.292Z","class":"boulder"},"geometry":{"type":"Point","coordinates":[137.379696,-4.657156]}},{"type":"Feature","properties":{"id":1328,"size":5.46,"time":"2024-01-11T18:46:30.803Z","class":"boulder"},"geometry":{"type":"Point","coordinates":[137.365517,-4.67228]}},{"type":"Feature","properties":{"id":1329,"size":1.2000000000000002,"time":"2024-01-07T05:12:24.283Z","class":"rock"},"geometry":{"type":"Point","coordinates":[137.363522,-4.667848]}},{"type":"Feature","properties":{"id":1330,"size":0.17,"time":"2024-01-17T21:09:55.985Z","class":"rock"},"geometry":{"type":"Point","coordinates":[137.372647,-4.661645]}},{"type":"Feature","properties":{"id":1331,"size":0.1,"time":"2024-01-30T09:26:51.187Z","class":"rock"},"geometry":{"type":"Point","coordinates":[137.371694,-4.676558]}},{"type":"Feature","properties":{"id":1332,"size":0.28,"time":"2024-01-05T02:54:11.017Z","class":"rock"},"geometry":{"type":"Point","coordinates":[137.362507,-4.670388]}},{"type":"Feature","properties":{"id":1333,"size":8.76,"time":"2024-01-09T00:46:09.556Z","class":"boulder"},"geometry":{"type":"Point","coordinates":[137.363046,-4.668329]}},{"type":"Feature","properties":{"id":1334,"size":2.56,"time":"2024-01-22T01:23:49.731Z","class":"rock"},"geometry":{"type":"Point","coordinates":[137.362223,-4.668952]}},{"type":"Feature","properties":{"id":1335,"size":5.85,"time":"2024-01-14T17:57:40.619Z","class":"boulder"},"geometry":{"type":"Point","coordinates":[137.360222,-4.665275]}},{"type":"Feature","properties":{"id":1336,"size":0.15000000000000002,"time":"2024-01-28T23:17:40.395Z","class":"rock"},"geometry":{"type":"Point","coordinates":[137.363276,-4.667519]}},{"type":"Feature","properties":{"id":1337,"size":0.2,"time":"2024-01-20T07:38:41.445Z","class":"rock"},"geometry":{"type":"Point","coordinates":[137.378905,-4.659872]}},{"type":"Feature","properties":{"id":1338,"size":7.01,"time":"2024-01-30T21:57:05.926Z","class":"boulder"},"geometry":{"type":"Point","coordinates":[137.371255,-4.675341]}},{"type":"Feature","properties":{"id":1339,"size":0.44000000000000006,"time":"2024-01-15T07:01:14.655Z","class":"rock"},"geometry":{"type":"Point","coordinates":[137.362315,-4.668263]}},{"type":"Feature","properties":{"id":1340,"size":5.109999999999999,"time":"2024-01-12T10:57:58.415Z","class":"boulder"},"geometry":{"type":"Point","coordinates":[137.36265,-4.658411]}},{"type":"Feature","properties":{"id":1341,"size":0.12000000000000001,"time":"2024-01-12T04:04:02.567Z","class":"rock"},"geometry":{"type":"Point","coordinates":[137.374968,-4.676389]}},{"type":"Feature","properties":{"id":1342,"size":3.3400000000000003,"time":"2024-01-03T05:01:46.218Z","class":"rock"},"geometry":{"type":"Point","coordinates":[137.372994,-4.679657]}},{"type":"Feature","properties":{"id":1343,"size":6.75,"time":"2024-01-22T09:06:56.771Z","class":"boulder"},"geometry":{"type":"Point","coordinates":[137.370104,-4.676308]}},{"type":"Feature","properties":{"id":1344,"size":1.9100000000000001,"time":"2024-01-22T02:49:58.698Z","class":"rock"},"geometry":{"type":"Point","coordinates":[137.38135,-4.66704]}},{"type":"Feature","properties":{"id":1345,"size":0.1,"time":"2024-01-01T15:20:26.785Z","class":"rock"},"geometry":{"type":"Point","coordinates":[137.361048,-4.663052]}},{"type":"Feature","properties":{"id":1346,"size":3.08,"time":"2024-01-21T12:02:41.680Z","class":"rock"},"geometry":{"type":"Point","coordinates":[137.371317,-4.663817]}},{"type":"Feature","properties":{"id":1347,"size":0.15000000000000002,"time":"2024-01-22T02:00:03.800Z","class":"rock"},"geometry":{"type":"Point","coordinates":[137.371057,-4.679822]}},{"type":"Feature","properties":{"id":1348,"size":0.2,"time":"2024-01-13T01:39:32.861Z","class":"rock"},"geometry":{"type":"Point","coordinates":[137.363672,-4.668224]}},{"type":"Feature","properties":{"id":1349,"size":0.12000000000000001,"time":"2024-01-29T15:40:10.187Z","class":"rock"},"geometry":{"type":"Point","coordinates":[137.379581,-4.657266]}},{"type":"Feature","properties":{"id":1350,"size":0.30000000000000004,"time":"2024-01-24T23:28:13.997Z","class":"rock"},"geometry":{"type":"Point","coordinates":[137.369811,-4.67664]}},{"type":"Feature","properties":{"id":1351,"size":4.51,"time":"2024-01-27T03:31:59.187Z","class":"rock"},"geometry":{"type":"Point","coordinates":[137.366081,-4.664942]}},{"type":"Feature","properties":{"id":1352,"size":0.1,"time":"2024-01-25T16:42:36.390Z","class":"rock"},"geometry":{"type":"Point","coordinates":[137.380305,-4.657756]}},{"type":"Feature","properties":{"id":1353,"size":0.1,"time":"2024-01-16T22:50:56.233Z","class":"rock"},"geometry":{"type":"Point","coordinates":[137.379254,-4.65682]}},{"type":"Feature","properties":{"id":1354,"size":1.1300000000000001,"time":"2024-01-13T22:59:38.863Z","class":"rock"},"geometry":{"type":"Point","coordinates":[137.371882,-4.665786]}},{"type":"Feature","properties":{"id":1355,"size":3.29,"time":"2024-01-23T08:30:48.733Z","class":"rock"},"geometry":{"type":"Point","coordinates":[137.372637,-4.664698]}},{"type":"Feature","properties":{"id":1356,"size":3.75,"time":"2024-01-17T13:14:41.226Z","class":"rock"},"geometry":{"type":"Point","coordinates":[137.363091,-4.669679]}},{"type":"Feature","properties":{"id":1357,"size":8.15,"time":"2024-01-21T02:19:10.823Z","class":"boulder"},"geometry":{"type":"Point","coordinates":[137.374049,-4.675451]}},{"type":"Feature","properties":{"id":1358,"size":6.779999999999999,"time":"2024-01-12T20:07:09.213Z","class":"boulder"},"geometry":{"type":"Point","coordinates":[137.373235,-4.661989]}},{"type":"Feature","properties":{"id":1359,"size":2.14,"time":"2024-01-03T06:14:23.274Z","class":"rock"},"geometry":{"type":"Point","coordinates":[137.3702,-4.678376]}},{"type":"Feature","properties":{"id":1360,"size":3.5100000000000002,"time":"2024-01-07T15:10:44.292Z","class":"rock"},"geometry":{"type":"Point","coordinates":[137.379967,-4.66729]}},{"type":"Feature","properties":{"id":1361,"size":2.39,"time":"2024-01-13T11:15:01.007Z","class":"rock"},"geometry":{"type":"Point","coordinates":[137.361205,-4.670784]}},{"type":"Feature","properties":{"id":1362,"size":9.24,"time":"2024-01-15T08:11:44.070Z","class":"boulder"},"geometry":{"type":"Point","coordinates":[137.363779,-4.668451]}},{"type":"Feature","properties":{"id":1363,"size":0.9199999999999999,"time":"2024-01-13T09:53:07.594Z","class":"rock"},"geometry":{"type":"Point","coordinates":[137.363305,-4.661311]}},{"type":"Feature","properties":{"id":1364,"size":3.97,"time":"2024-01-29T10:35:38.740Z","class":"rock"},"geometry":{"type":"Point","coordinates":[137.362932,-4.667191]}},{"type":"Feature","properties":{"id":1365,"size":6.18,"time":"2024-01-04T04:56:07.805Z","class":"boulder"},"geometry":{"type":"Point","coordinates":[137.380248,-4.669485]}},{"type":"Feature","properties":{"id":1366,"size":0.18,"time":"2024-01-16T03:19:00.462Z","class":"rock"},"geometry":{"type":"Point","coordinates":[137.379785,-4.675972]}},{"type":"Feature","properties":{"id":1367,"size":0.8099999999999999,"time":"2024-01-19T18:57:43.383Z","class":"rock"},"geometry":{"type":"Point","coordinates":[137.371535,-4.676117]}},{"type":"Feature","properties":{"id":1368,"size":1.82,"time":"2024-01-13T23:14:19.836Z","class":"rock"},"geometry":{"type":"Point","coordinates":[137.380189,-4.659086]}},{"type":"Feature","properties":{"id":1369,"size":0.35,"time":"2024-01-18T15:37:37.671Z","class":"rock"},"geometry":{"type":"Point","coordinates":[137.380793,-4.658005]}},{"type":"Feature","properties":{"id":1370,"size":2.3200000000000003,"time":"2024-01-15T02:56:44.917Z","class":"rock"},"geometry":{"type":"Point","coordinates":[137.370527,-4.664007]}},{"type":"Feature","properties":{"id":1371,"size":0.7,"time":"2024-01-06T01:39:34.009Z","class":"rock"},"geometry":{"type":"Point","coordinates":[137.363871,-4.671698]}},{"type":"Feature","properties":{"id":1372,"size":1.6400000000000001,"time":"2024-01-11T20:39:30.605Z","class":"rock"},"geometry":{"type":"Point","coordinates":[137.381361,-4.658777]}},{"type":"Feature","properties":{"id":1373,"size":0.26,"time":"2024-01-28T23:08:30.779Z","class":"rock"},"geometry":{"type":"Point","coordinates":[137.361283,-4.666677]}},{"type":"Feature","properties":{"id":1374,"size":4.09,"time":"2024-01-12T03:25:48.052Z","class":"rock"},"geometry":{"type":"Point","coordinates":[137.372365,-4.662863]}},{"type":"Feature","properties":{"id":1375,"size":0.89,"time":"2024-01-25T12:38:35.447Z","class":"rock"},"geometry":{"type":"Point","coordinates":[137.380997,-4.658118]}},{"type":"Feature","properties":{"id":1376,"size":4.409999999999999,"time":"2024-01-08T18:15:17.950Z","class":"rock"},"geometry":{"type":"Point","coordinates":[137.367685,-4.673724]}},{"type":"Feature","properties":{"id":1377,"size":1.52,"time":"2024-01-05T10:16:34.018Z","class":"rock"},"geometry":{"type":"Point","coordinates":[137.361961,-4.667823]}},{"type":"Feature","properties":{"id":1378,"size":0.52,"time":"2024-01-16T14:30:35.601Z","class":"rock"},"geometry":{"type":"Point","coordinates":[137.363568,-4.667598]}},{"type":"Feature","properties":{"id":1379,"size":4.07,"time":"2024-01-20T20:01:25.043Z","class":"rock"},"geometry":{"type":"Point","coordinates":[137.380984,-4.667647]}},{"type":"Feature","properties":{"id":1380,"size":2.87,"time":"2024-01-28T04:25:39.404Z","class":"rock"},"geometry":{"type":"Point","coordinates":[137.362048,-4.670839]}},{"type":"Feature","properties":{"id":1381,"size":0.1,"time":"2024-01-27T13:11:36.085Z","class":"rock"},"geometry":{"type":"Point","coordinates":[137.372757,-4.664838]}},{"type":"Feature","properties":{"id":1382,"size":8.27,"time":"2024-01-15T19:05:00.096Z","class":"boulder"},"geometry":{"type":"Point","coordinates":[137.378369,-4.670602]}},{"type":"Feature","properties":{"id":1383,"size":5.06,"time":"2024-01-29T01:18:03.405Z","class":"boulder"},"geometry":{"type":"Point","coordinates":[137.371047,-4.672397]}},{"type":"Feature","properties":{"id":1384,"size":4.39,"time":"2024-01-30T21:18:06.047Z","class":"rock"},"geometry":{"type":"Point","coordinates":[137.371869,-4.67873]}},{"type":"Feature","properties":{"id":1385,"size":9.459999999999999,"time":"2024-01-11T23:14:48.440Z","class":"boulder"},"geometry":{"type":"Point","coordinates":[137.374581,-4.666334]}},{"type":"Feature","properties":{"id":1386,"size":6.33,"time":"2024-01-20T16:55:06.404Z","class":"boulder"},"geometry":{"type":"Point","coordinates":[137.362627,-4.671298]}},{"type":"Feature","properties":{"id":1387,"size":0.11,"time":"2024-01-12T02:52:36.456Z","class":"rock"},"geometry":{"type":"Point","coordinates":[137.370536,-4.671602]}},{"type":"Feature","properties":{"id":1388,"size":8.040000000000001,"time":"2024-01-04T19:46:03.313Z","class":"boulder"},"geometry":{"type":"Point","coordinates":[137.368571,-4.66101]}},{"type":"Feature","properties":{"id":1389,"size":2.3200000000000003,"time":"2024-01-24T04:49:25.551Z","class":"rock"},"geometry":{"type":"Point","coordinates":[137.379349,-4.657787]}},{"type":"Feature","properties":{"id":1390,"size":0.1,"time":"2024-01-23T20:18:40.885Z","class":"rock"},"geometry":{"type":"Point","coordinates":[137.368245,-4.667945]}},{"type":"Feature","properties":{"id":1391,"size":6.02,"time":"2024-01-04T15:19:36.175Z","class":"boulder"},"geometry":{"type":"Point","coordinates":[137.364122,-4.667961]}},{"type":"Feature","properties":{"id":1392,"size":6.449999999999999,"time":"2024-01-05T02:21:57.763Z","class":"boulder"},"geometry":{"type":"Point","coordinates":[137.380123,-4.657333]}},{"type":"Feature","properties":{"id":1393,"size":0.86,"time":"2024-01-13T23:31:32.122Z","class":"rock"},"geometry":{"type":"Point","coordinates":[137.379561,-4.659447]}},{"type":"Feature","properties":{"id":1394,"size":1.2100000000000002,"time":"2024-01-20T22:03:38.551Z","class":"rock"},"geometry":{"type":"Point","coordinates":[137.363335,-4.670584]}},{"type":"Feature","properties":{"id":1395,"size":3.1,"time":"2024-01-17T01:04:45.137Z","class":"rock"},"geometry":{"type":"Point","coordinates":[137.362536,-4.669119]}},{"type":"Feature","properties":{"id":1396,"size":0.59,"time":"2024-01-20T20:37:51.580Z","class":"rock"},"geometry":{"type":"Point","coordinates":[137.380357,-4.657012]}},{"type":"Feature","properties":{"id":1397,"size":7.43,"time":"2024-01-28T23:06:57.228Z","class":"boulder"},"geometry":{"type":"Point","coordinates":[137.362092,-4.668076]}},{"type":"Feature","properties":{"id":1398,"size":9.75,"time":"2024-01-07T08:13:22.066Z","class":"boulder"},"geometry":{"type":"Point","coordinates":[137.37725,-4.662006]}},{"type":"Feature","properties":{"id":1399,"size":5.67,"time":"2024-01-04T07:37:59.509Z","class":"boulder"},"geometry":{"type":"Point","coordinates":[137.363269,-4.667297]}},{"type":"Feature","properties":{"id":1400,"size":0.6799999999999999,"time":"2024-01-30T11:13:03.047Z","class":"rock"},"geometry":{"type":"Point","coordinates":[137.366805,-4.676938]}},{"type":"Feature","properties":{"id":1401,"size":0.1,"time":"2024-01-10T14:07:13.322Z","class":"rock"},"geometry":{"type":"Point","coordinates":[137.372436,-4.677262]}},{"type":"Feature","properties":{"id":1402,"size":1.8900000000000001,"time":"2024-01-28T15:16:14.453Z","class":"rock"},"geometry":{"type":"Point","coordinates":[137.362241,-4.668699]}},{"type":"Feature","properties":{"id":1403,"size":0.44000000000000006,"time":"2024-01-21T10:45:04.775Z","class":"rock"},"geometry":{"type":"Point","coordinates":[137.364026,-4.669756]}},{"type":"Feature","properties":{"id":1404,"size":9.62,"time":"2024-01-17T01:37:43.365Z","class":"boulder"},"geometry":{"type":"Point","coordinates":[137.372958,-4.663385]}},{"type":"Feature","properties":{"id":1405,"size":0.24000000000000002,"time":"2024-01-24T21:14:55.747Z","class":"rock"},"geometry":{"type":"Point","coordinates":[137.375195,-4.674186]}},{"type":"Feature","properties":{"id":1406,"size":0.35,"time":"2024-01-30T04:45:04.839Z","class":"rock"},"geometry":{"type":"Point","coordinates":[137.372403,-4.664496]}},{"type":"Feature","properties":{"id":1407,"size":0.13,"time":"2024-01-23T10:14:06.530Z","class":"rock"},"geometry":{"type":"Point","coordinates":[137.369485,-4.67604]}},{"type":"Feature","properties":{"id":1408,"size":2.58,"time":"2024-01-09T23:48:00.547Z","class":"rock"},"geometry":{"type":"Point","coordinates":[137.379546,-4.659249]}},{"type":"Feature","properties":{"id":1409,"size":4.319999999999999,"time":"2024-01-17T15:05:48.357Z","class":"rock"},"geometry":{"type":"Point","coordinates":[137.370834,-4.677791]}},{"type":"Feature","properties":{"id":1410,"size":5.8,"time":"2024-01-17T18:04:57.120Z","class":"boulder"},"geometry":{"type":"Point","coordinates":[137.372029,-4.662408]}},{"type":"Feature","properties":{"id":1411,"size":0.38,"time":"2024-01-16T11:55:29.245Z","class":"rock"},"geometry":{"type":"Point","coordinates":[137.379796,-4.667235]}},{"type":"Feature","properties":{"id":1412,"size":0.36,"time":"2024-01-25T01:44:56.291Z","class":"rock"},"geometry":{"type":"Point","coordinates":[137.367084,-4.677878]}},{"type":"Feature","properties":{"id":1413,"size":1.35,"time":"2024-01-01T05:01:35.921Z","class":"rock"},"geometry":{"type":"Point","coordinates":[137.379671,-4.672529]}},{"type":"Feature","properties":{"id":1414,"size":7.109999999999999,"time":"2024-01-29T15:21:54.852Z","class":"boulder"},"geometry":{"type":"Point","coordinates":[137.376966,-4.671781]}},{"type":"Feature","properties":{"id":1415,"size":1.78,"time":"2024-01-08T08:06:01.286Z","class":"rock"},"geometry":{"type":"Point","coordinates":[137.362709,-4.66766]}},{"type":"Feature","properties":{"id":1416,"size":0.12000000000000001,"time":"2024-01-09T10:47:12.856Z","class":"rock"},"geometry":{"type":"Point","coordinates":[137.377333,-4.67344]}},{"type":"Feature","properties":{"id":1417,"size":2.99,"time":"2024-01-02T23:03:40.103Z","class":"rock"},"geometry":{"type":"Point","coordinates":[137.363075,-4.666963]}},{"type":"Feature","properties":{"id":1418,"size":4.93,"time":"2024-01-16T07:06:57.680Z","class":"rock"},"geometry":{"type":"Point","coordinates":[137.379172,-4.658739]}},{"type":"Feature","properties":{"id":1419,"size":0.43000000000000005,"time":"2024-01-04T05:30:52.766Z","class":"rock"},"geometry":{"type":"Point","coordinates":[137.370171,-4.662608]}},{"type":"Feature","properties":{"id":1420,"size":5.9399999999999995,"time":"2024-01-15T14:45:15.324Z","class":"boulder"},"geometry":{"type":"Point","coordinates":[137.36411,-4.670057]}},{"type":"Feature","properties":{"id":1421,"size":0.91,"time":"2024-01-13T20:34:11.418Z","class":"rock"},"geometry":{"type":"Point","coordinates":[137.378599,-4.661516]}},{"type":"Feature","properties":{"id":1422,"size":5.08,"time":"2024-01-16T07:32:51.570Z","class":"boulder"},"geometry":{"type":"Point","coordinates":[137.381708,-4.658879]}},{"type":"Feature","properties":{"id":1423,"size":5.51,"time":"2024-01-03T14:07:16.491Z","class":"boulder"},"geometry":{"type":"Point","coordinates":[137.36345,-4.668595]}},{"type":"Feature","properties":{"id":1424,"size":5.319999999999999,"time":"2024-01-14T06:24:06.480Z","class":"boulder"},"geometry":{"type":"Point","coordinates":[137.363836,-4.670765]}},{"type":"Feature","properties":{"id":1425,"size":7.47,"time":"2024-01-03T07:05:14.239Z","class":"boulder"},"geometry":{"type":"Point","coordinates":[137.372627,-4.677386]}},{"type":"Feature","properties":{"id":1426,"size":0.64,"time":"2024-01-06T10:37:16.223Z","class":"rock"},"geometry":{"type":"Point","coordinates":[137.364992,-4.669278]}},{"type":"Feature","properties":{"id":1427,"size":0.13,"time":"2024-01-26T06:22:39.552Z","class":"rock"},"geometry":{"type":"Point","coordinates":[137.371949,-4.677373]}},{"type":"Feature","properties":{"id":1428,"size":0.38,"time":"2024-01-13T04:47:14.440Z","class":"rock"},"geometry":{"type":"Point","coordinates":[137.373251,-4.676934]}},{"type":"Feature","properties":{"id":1429,"size":5.81,"time":"2024-01-03T06:55:10.114Z","class":"boulder"},"geometry":{"type":"Point","coordinates":[137.379924,-4.666382]}},{"type":"Feature","properties":{"id":1430,"size":1.58,"time":"2024-01-06T10:08:31.578Z","class":"rock"},"geometry":{"type":"Point","coordinates":[137.362374,-4.667645]}},{"type":"Feature","properties":{"id":1431,"size":1.6800000000000002,"time":"2024-01-30T05:54:58.776Z","class":"rock"},"geometry":{"type":"Point","coordinates":[137.381438,-4.659049]}},{"type":"Feature","properties":{"id":1432,"size":0.48,"time":"2024-01-23T01:47:51.289Z","class":"rock"},"geometry":{"type":"Point","coordinates":[137.373241,-4.67616]}},{"type":"Feature","properties":{"id":1433,"size":0.94,"time":"2024-01-02T13:54:42.438Z","class":"rock"},"geometry":{"type":"Point","coordinates":[137.365023,-4.665827]}},{"type":"Feature","properties":{"id":1434,"size":0.22,"time":"2024-01-06T16:12:17.401Z","class":"rock"},"geometry":{"type":"Point","coordinates":[137.373049,-4.663903]}},{"type":"Feature","properties":{"id":1435,"size":1.52,"time":"2024-01-29T16:22:52.996Z","class":"rock"},"geometry":{"type":"Point","coordinates":[137.381461,-4.667576]}},{"type":"Feature","properties":{"id":1436,"size":8.83,"time":"2024-01-27T10:22:07.025Z","class":"boulder"},"geometry":{"type":"Point","coordinates":[137.362126,-4.660578]}},{"type":"Feature","properties":{"id":1437,"size":0.19,"time":"2024-01-24T07:03:49.336Z","class":"rock"},"geometry":{"type":"Point","coordinates":[137.366356,-4.667984]}},{"type":"Feature","properties":{"id":1438,"size":1.36,"time":"2024-01-19T06:16:14.422Z","class":"rock"},"geometry":{"type":"Point","coordinates":[137.363357,-4.666507]}},{"type":"Feature","properties":{"id":1439,"size":0.1,"time":"2024-01-16T08:07:50.159Z","class":"rock"},"geometry":{"type":"Point","coordinates":[137.378234,-4.65998]}},{"type":"Feature","properties":{"id":1440,"size":0.33,"time":"2024-01-27T16:27:36.288Z","class":"rock"},"geometry":{"type":"Point","coordinates":[137.372316,-4.67621]}},{"type":"Feature","properties":{"id":1441,"size":7.34,"time":"2024-01-11T23:03:40.099Z","class":"boulder"},"geometry":{"type":"Point","coordinates":[137.364362,-4.669381]}},{"type":"Feature","properties":{"id":1442,"size":1.1,"time":"2024-01-16T02:02:18.533Z","class":"rock"},"geometry":{"type":"Point","coordinates":[137.362813,-4.669324]}},{"type":"Feature","properties":{"id":1443,"size":7.39,"time":"2024-01-04T11:56:44.106Z","class":"boulder"},"geometry":{"type":"Point","coordinates":[137.375524,-4.677699]}},{"type":"Feature","properties":{"id":1444,"size":2.61,"time":"2024-01-09T19:56:30.521Z","class":"rock"},"geometry":{"type":"Point","coordinates":[137.372515,-4.668464]}},{"type":"Feature","properties":{"id":1445,"size":1.4600000000000002,"time":"2024-01-28T23:39:34.054Z","class":"rock"},"geometry":{"type":"Point","coordinates":[137.373066,-4.670485]}},{"type":"Feature","properties":{"id":1446,"size":6.7299999999999995,"time":"2024-01-18T06:08:04.845Z","class":"boulder"},"geometry":{"type":"Point","coordinates":[137.373213,-4.676361]}},{"type":"Feature","properties":{"id":1447,"size":0.38,"time":"2024-01-18T07:57:38.286Z","class":"rock"},"geometry":{"type":"Point","coordinates":[137.369218,-4.67201]}},{"type":"Feature","properties":{"id":1448,"size":0.25,"time":"2024-01-07T05:47:40.524Z","class":"rock"},"geometry":{"type":"Point","coordinates":[137.363248,-4.670924]}},{"type":"Feature","properties":{"id":1449,"size":0.24000000000000002,"time":"2024-01-25T17:25:12.615Z","class":"rock"},"geometry":{"type":"Point","coordinates":[137.37414,-4.673558]}},{"type":"Feature","properties":{"id":1450,"size":8.5,"time":"2024-01-09T19:48:58.312Z","class":"boulder"},"geometry":{"type":"Point","coordinates":[137.36494,-4.663625]}},{"type":"Feature","properties":{"id":1451,"size":4.56,"time":"2024-01-13T20:40:50.718Z","class":"rock"},"geometry":{"type":"Point","coordinates":[137.3675,-4.671072]}},{"type":"Feature","properties":{"id":1452,"size":3.37,"time":"2024-01-22T19:20:03.844Z","class":"rock"},"geometry":{"type":"Point","coordinates":[137.361839,-4.669405]}},{"type":"Feature","properties":{"id":1453,"size":0.11,"time":"2024-01-11T13:59:47.529Z","class":"rock"},"geometry":{"type":"Point","coordinates":[137.361476,-4.669284]}},{"type":"Feature","properties":{"id":1454,"size":3.93,"time":"2024-01-05T07:41:32.923Z","class":"rock"},"geometry":{"type":"Point","coordinates":[137.380045,-4.670213]}},{"type":"Feature","properties":{"id":1455,"size":7.569999999999999,"time":"2024-01-07T06:46:01.327Z","class":"boulder"},"geometry":{"type":"Point","coordinates":[137.380182,-4.659798]}},{"type":"Feature","properties":{"id":1456,"size":9.29,"time":"2024-01-29T12:33:21.646Z","class":"boulder"},"geometry":{"type":"Point","coordinates":[137.379538,-4.673484]}},{"type":"Feature","properties":{"id":1457,"size":2.74,"time":"2024-01-25T09:26:37.808Z","class":"rock"},"geometry":{"type":"Point","coordinates":[137.363317,-4.676469]}},{"type":"Feature","properties":{"id":1458,"size":2.19,"time":"2024-01-12T03:32:11.158Z","class":"rock"},"geometry":{"type":"Point","coordinates":[137.373006,-4.678047]}},{"type":"Feature","properties":{"id":1459,"size":2.06,"time":"2024-01-27T11:56:50.965Z","class":"rock"},"geometry":{"type":"Point","coordinates":[137.37961,-4.66015]}},{"type":"Feature","properties":{"id":1460,"size":5.529999999999999,"time":"2024-01-02T09:36:20.250Z","class":"boulder"},"geometry":{"type":"Point","coordinates":[137.362396,-4.667833]}},{"type":"Feature","properties":{"id":1461,"size":5.89,"time":"2024-01-14T05:18:41.903Z","class":"boulder"},"geometry":{"type":"Point","coordinates":[137.379003,-4.658543]}},{"type":"Feature","properties":{"id":1462,"size":7.97,"time":"2024-01-18T07:35:11.793Z","class":"boulder"},"geometry":{"type":"Point","coordinates":[137.373609,-4.678827]}},{"type":"Feature","properties":{"id":1463,"size":0.49,"time":"2024-01-26T07:09:50.638Z","class":"rock"},"geometry":{"type":"Point","coordinates":[137.366353,-4.667477]}},{"type":"Feature","properties":{"id":1464,"size":0.5,"time":"2024-01-26T20:45:06.012Z","class":"rock"},"geometry":{"type":"Point","coordinates":[137.363507,-4.65877]}},{"type":"Feature","properties":{"id":1465,"size":8.299999999999999,"time":"2024-01-23T06:35:53.231Z","class":"boulder"},"geometry":{"type":"Point","coordinates":[137.380158,-4.660213]}},{"type":"Feature","properties":{"id":1466,"size":3.48,"time":"2024-01-11T14:06:08.048Z","class":"rock"},"geometry":{"type":"Point","coordinates":[137.38038,-4.659793]}},{"type":"Feature","properties":{"id":1467,"size":2.5900000000000003,"time":"2024-01-18T21:05:12.120Z","class":"rock"},"geometry":{"type":"Point","coordinates":[137.369727,-4.664265]}},{"type":"Feature","properties":{"id":1468,"size":1.57,"time":"2024-01-16T23:06:13.542Z","class":"rock"},"geometry":{"type":"Point","coordinates":[137.37315,-4.674139]}},{"type":"Feature","properties":{"id":1469,"size":0.11,"time":"2024-01-27T08:01:54.307Z","class":"rock"},"geometry":{"type":"Point","coordinates":[137.363153,-4.669104]}},{"type":"Feature","properties":{"id":1470,"size":0.4,"time":"2024-01-04T20:30:34.349Z","class":"rock"},"geometry":{"type":"Point","coordinates":[137.363614,-4.66834]}},{"type":"Feature","properties":{"id":1471,"size":0.89,"time":"2024-01-12T06:40:25.065Z","class":"rock"},"geometry":{"type":"Point","coordinates":[137.374532,-4.680224]}},{"type":"Feature","properties":{"id":1472,"size":1.1300000000000001,"time":"2024-01-01T13:14:19.401Z","class":"rock"},"geometry":{"type":"Point","coordinates":[137.380796,-4.667013]}},{"type":"Feature","properties":{"id":1473,"size":3.67,"time":"2024-01-24T12:13:54.606Z","class":"rock"},"geometry":{"type":"Point","coordinates":[137.372409,-4.677066]}},{"type":"Feature","properties":{"id":1474,"size":4.72,"time":"2024-01-30T02:35:50.958Z","class":"rock"},"geometry":{"type":"Point","coordinates":[137.363618,-4.667425]}},{"type":"Feature","properties":{"id":1475,"size":1.04,"time":"2024-01-27T06:14:23.650Z","class":"rock"},"geometry":{"type":"Point","coordinates":[137.37773,-4.657483]}},{"type":"Feature","properties":{"id":1476,"size":7.02,"time":"2024-01-14T21:14:02.371Z","class":"boulder"},"geometry":{"type":"Point","coordinates":[137.378921,-4.66834]}},{"type":"Feature","properties":{"id":1477,"size":2.66,"time":"2024-01-03T05:29:19.830Z","class":"rock"},"geometry":{"type":"Point","coordinates":[137.37525,-4.667049]}},{"type":"Feature","properties":{"id":1478,"size":0.12000000000000001,"time":"2024-01-12T10:39:56.291Z","class":"rock"},"geometry":{"type":"Point","coordinates":[137.373198,-4.677583]}},{"type":"Feature","properties":{"id":1479,"size":1.07,"time":"2024-01-01T16:03:12.715Z","class":"rock"},"geometry":{"type":"Point","coordinates":[137.371097,-4.677161]}},{"type":"Feature","properties":{"id":1480,"size":7.85,"time":"2024-01-23T08:20:05.730Z","class":"boulder"},"geometry":{"type":"Point","coordinates":[137.363596,-4.66812]}},{"type":"Feature","properties":{"id":1481,"size":0.13,"time":"2024-01-30T13:59:32.781Z","class":"rock"},"geometry":{"type":"Point","coordinates":[137.373264,-4.666303]}},{"type":"Feature","properties":{"id":1482,"size":0.13,"time":"2024-01-21T00:50:58.480Z","class":"rock"},"geometry":{"type":"Point","coordinates":[137.370218,-4.678862]}},{"type":"Feature","properties":{"id":1483,"size":7.659999999999999,"time":"2024-01-16T03:52:39.783Z","class":"boulder"},"geometry":{"type":"Point","coordinates":[137.363071,-4.668785]}},{"type":"Feature","properties":{"id":1484,"size":0.82,"time":"2024-01-15T00:15:38.209Z","class":"rock"},"geometry":{"type":"Point","coordinates":[137.378718,-4.657668]}},{"type":"Feature","properties":{"id":1485,"size":1.11,"time":"2024-01-04T22:24:42.261Z","class":"rock"},"geometry":{"type":"Point","coordinates":[137.377896,-4.675741]}},{"type":"Feature","properties":{"id":1486,"size":0.1,"time":"2024-01-10T07:13:57.928Z","class":"rock"},"geometry":{"type":"Point","coordinates":[137.377702,-4.664161]}},{"type":"Feature","properties":{"id":1487,"size":0.78,"time":"2024-01-16T13:55:34.906Z","class":"rock"},"geometry":{"type":"Point","coordinates":[137.375299,-4.671769]}},{"type":"Feature","properties":{"id":1488,"size":1.9700000000000002,"time":"2024-01-07T17:28:08.145Z","class":"rock"},"geometry":{"type":"Point","coordinates":[137.364988,-4.66943]}},{"type":"Feature","properties":{"id":1489,"size":0.28,"time":"2024-01-26T09:57:30.257Z","class":"rock"},"geometry":{"type":"Point","coordinates":[137.380706,-4.670556]}},{"type":"Feature","properties":{"id":1490,"size":0.19,"time":"2024-01-28T15:20:50.132Z","class":"rock"},"geometry":{"type":"Point","coordinates":[137.379989,-4.65824]}},{"type":"Feature","properties":{"id":1491,"size":1.3900000000000001,"time":"2024-01-20T02:54:10.676Z","class":"rock"},"geometry":{"type":"Point","coordinates":[137.373227,-4.664104]}},{"type":"Feature","properties":{"id":1492,"size":2.01,"time":"2024-01-09T03:20:09.544Z","class":"rock"},"geometry":{"type":"Point","coordinates":[137.362054,-4.677277]}},{"type":"Feature","properties":{"id":1493,"size":0.12000000000000001,"time":"2024-01-30T09:38:06.123Z","class":"rock"},"geometry":{"type":"Point","coordinates":[137.38119,-4.668923]}},{"type":"Feature","properties":{"id":1494,"size":0.54,"time":"2024-01-03T07:59:22.636Z","class":"rock"},"geometry":{"type":"Point","coordinates":[137.379086,-4.657688]}},{"type":"Feature","properties":{"id":1495,"size":0.9,"time":"2024-01-16T10:18:08.589Z","class":"rock"},"geometry":{"type":"Point","coordinates":[137.364268,-4.668017]}},{"type":"Feature","properties":{"id":1496,"size":1.49,"time":"2024-01-11T17:47:36.289Z","class":"rock"},"geometry":{"type":"Point","coordinates":[137.373307,-4.67577]}},{"type":"Feature","properties":{"id":1497,"size":4.569999999999999,"time":"2024-01-25T22:14:07.402Z","class":"rock"},"geometry":{"type":"Point","coordinates":[137.379169,-4.65631]}},{"type":"Feature","properties":{"id":1498,"size":9.76,"time":"2024-01-21T22:17:25.019Z","class":"boulder"},"geometry":{"type":"Point","coordinates":[137.380583,-4.66636]}},{"type":"Feature","properties":{"id":1499,"size":4.159999999999999,"time":"2024-01-19T23:38:25.698Z","class":"rock"},"geometry":{"type":"Point","coordinates":[137.365033,-4.662689]}},{"type":"Feature","properties":{"id":1500,"size":0.85,"time":"2024-01-08T06:58:45.264Z","class":"rock"},"geometry":{"type":"Point","coordinates":[137.363104,-4.668177]}},{"type":"Feature","properties":{"id":1501,"size":1.79,"time":"2024-01-28T16:48:20.474Z","class":"rock"},"geometry":{"type":"Point","coordinates":[137.377679,-4.657263]}},{"type":"Feature","properties":{"id":1502,"size":1.81,"time":"2024-01-06T16:59:01.403Z","class":"rock"},"geometry":{"type":"Point","coordinates":[137.372698,-4.67876]}},{"type":"Feature","properties":{"id":1503,"size":0.12000000000000001,"time":"2024-01-01T19:05:16.265Z","class":"rock"},"geometry":{"type":"Point","coordinates":[137.381529,-4.658324]}},{"type":"Feature","properties":{"id":1504,"size":0.1,"time":"2024-01-30T10:34:42.542Z","class":"rock"},"geometry":{"type":"Point","coordinates":[137.379516,-4.659413]}},{"type":"Feature","properties":{"id":1505,"size":0.23,"time":"2024-01-14T10:25:12.467Z","class":"rock"},"geometry":{"type":"Point","coordinates":[137.363182,-4.668469]}},{"type":"Feature","properties":{"id":1506,"size":0.56,"time":"2024-01-30T11:11:31.998Z","class":"rock"},"geometry":{"type":"Point","coordinates":[137.365206,-4.658785]}},{"type":"Feature","properties":{"id":1507,"size":5.72,"time":"2024-01-12T02:11:06.514Z","class":"boulder"},"geometry":{"type":"Point","coordinates":[137.380854,-4.660265]}},{"type":"Feature","properties":{"id":1508,"size":0.14,"time":"2024-01-07T08:00:21.946Z","class":"rock"},"geometry":{"type":"Point","coordinates":[137.375943,-4.667021]}},{"type":"Feature","properties":{"id":1509,"size":9.77,"time":"2024-01-05T22:17:31.251Z","class":"boulder"},"geometry":{"type":"Point","coordinates":[137.380708,-4.657624]}},{"type":"Feature","properties":{"id":1510,"size":0.1,"time":"2024-01-24T10:36:21.474Z","class":"rock"},"geometry":{"type":"Point","coordinates":[137.379147,-4.670812]}},{"type":"Feature","properties":{"id":1511,"size":5.22,"time":"2024-01-28T08:18:32.033Z","class":"boulder"},"geometry":{"type":"Point","coordinates":[137.361921,-4.676059]}},{"type":"Feature","properties":{"id":1512,"size":0.1,"time":"2024-01-05T00:04:49.033Z","class":"rock"},"geometry":{"type":"Point","coordinates":[137.379697,-4.660877]}},{"type":"Feature","properties":{"id":1513,"size":8.37,"time":"2024-01-09T14:38:34.173Z","class":"boulder"},"geometry":{"type":"Point","coordinates":[137.372994,-4.661808]}},{"type":"Feature","properties":{"id":1514,"size":1.05,"time":"2024-01-04T17:15:30.330Z","class":"rock"},"geometry":{"type":"Point","coordinates":[137.377841,-4.659257]}},{"type":"Feature","properties":{"id":1515,"size":0.47,"time":"2024-01-21T06:09:21.618Z","class":"rock"},"geometry":{"type":"Point","coordinates":[137.373806,-4.663507]}},{"type":"Feature","properties":{"id":1516,"size":0.1,"time":"2024-01-12T12:16:57.264Z","class":"rock"},"geometry":{"type":"Point","coordinates":[137.365059,-4.673784]}},{"type":"Feature","properties":{"id":1517,"size":4.9399999999999995,"time":"2024-01-28T06:42:58.807Z","class":"rock"},"geometry":{"type":"Point","coordinates":[137.381092,-4.658685]}},{"type":"Feature","properties":{"id":1518,"size":7.09,"time":"2024-01-15T23:00:10.163Z","class":"boulder"},"geometry":{"type":"Point","coordinates":[137.379007,-4.659453]}},{"type":"Feature","properties":{"id":1519,"size":0.99,"time":"2024-01-19T06:32:07.062Z","class":"rock"},"geometry":{"type":"Point","coordinates":[137.361342,-4.667356]}},{"type":"Feature","properties":{"id":1520,"size":4.75,"time":"2024-01-10T12:06:14.311Z","class":"rock"},"geometry":{"type":"Point","coordinates":[137.363419,-4.664743]}},{"type":"Feature","properties":{"id":1521,"size":5.04,"time":"2024-01-10T20:52:05.254Z","class":"boulder"},"geometry":{"type":"Point","coordinates":[137.379854,-4.671567]}},{"type":"Feature","properties":{"id":1522,"size":0.22,"time":"2024-01-06T12:13:59.694Z","class":"rock"},"geometry":{"type":"Point","coordinates":[137.378513,-4.660435]}},{"type":"Feature","properties":{"id":1523,"size":6.43,"time":"2024-01-03T04:21:59.135Z","class":"boulder"},"geometry":{"type":"Point","coordinates":[137.362303,-4.667969]}},{"type":"Feature","properties":{"id":1524,"size":5.46,"time":"2024-01-23T11:20:36.382Z","class":"boulder"},"geometry":{"type":"Point","coordinates":[137.362724,-4.667477]}},{"type":"Feature","properties":{"id":1525,"size":5.109999999999999,"time":"2024-01-16T17:45:52.230Z","class":"boulder"},"geometry":{"type":"Point","coordinates":[137.372293,-4.676235]}},{"type":"Feature","properties":{"id":1526,"size":4.359999999999999,"time":"2024-01-23T17:05:41.472Z","class":"rock"},"geometry":{"type":"Point","coordinates":[137.365323,-4.660829]}},{"type":"Feature","properties":{"id":1527,"size":0.9,"time":"2024-01-11T19:28:36.315Z","class":"rock"},"geometry":{"type":"Point","coordinates":[137.379808,-4.659403]}},{"type":"Feature","properties":{"id":1528,"size":4.369999999999999,"time":"2024-01-30T04:34:30.229Z","class":"rock"},"geometry":{"type":"Point","coordinates":[137.367714,-4.669166]}},{"type":"Feature","properties":{"id":1529,"size":5.569999999999999,"time":"2024-01-14T01:23:54.038Z","class":"boulder"},"geometry":{"type":"Point","coordinates":[137.362912,-4.668414]}},{"type":"Feature","properties":{"id":1530,"size":1.4100000000000001,"time":"2024-01-04T11:09:58.589Z","class":"rock"},"geometry":{"type":"Point","coordinates":[137.379349,-4.669247]}},{"type":"Feature","properties":{"id":1531,"size":1.36,"time":"2024-01-15T19:32:10.288Z","class":"rock"},"geometry":{"type":"Point","coordinates":[137.371016,-4.678327]}},{"type":"Feature","properties":{"id":1532,"size":1.23,"time":"2024-01-30T22:53:56.701Z","class":"rock"},"geometry":{"type":"Point","coordinates":[137.371652,-4.678116]}},{"type":"Feature","properties":{"id":1533,"size":1.5,"time":"2024-01-26T19:05:44.750Z","class":"rock"},"geometry":{"type":"Point","coordinates":[137.36184,-4.668034]}},{"type":"Feature","properties":{"id":1534,"size":1.7000000000000002,"time":"2024-01-07T20:18:41.124Z","class":"rock"},"geometry":{"type":"Point","coordinates":[137.373474,-4.676399]}},{"type":"Feature","properties":{"id":1535,"size":0.30000000000000004,"time":"2024-01-16T08:56:16.196Z","class":"rock"},"geometry":{"type":"Point","coordinates":[137.373473,-4.674215]}},{"type":"Feature","properties":{"id":1536,"size":1.3900000000000001,"time":"2024-01-15T08:37:58.010Z","class":"rock"},"geometry":{"type":"Point","coordinates":[137.372859,-4.664209]}},{"type":"Feature","properties":{"id":1537,"size":0.12000000000000001,"time":"2024-01-06T15:41:30.535Z","class":"rock"},"geometry":{"type":"Point","coordinates":[137.36261,-4.668231]}},{"type":"Feature","properties":{"id":1538,"size":0.6699999999999999,"time":"2024-01-02T10:00:11.247Z","class":"rock"},"geometry":{"type":"Point","coordinates":[137.380365,-4.65629]}},{"type":"Feature","properties":{"id":1539,"size":0.43000000000000005,"time":"2024-01-15T21:16:06.341Z","class":"rock"},"geometry":{"type":"Point","coordinates":[137.363554,-4.66813]}},{"type":"Feature","properties":{"id":1540,"size":0.53,"time":"2024-01-05T12:57:20.638Z","class":"rock"},"geometry":{"type":"Point","coordinates":[137.372909,-4.678659]}},{"type":"Feature","properties":{"id":1541,"size":0.97,"time":"2024-01-26T08:23:20.489Z","class":"rock"},"geometry":{"type":"Point","coordinates":[137.375896,-4.664941]}},{"type":"Feature","properties":{"id":1542,"size":0.1,"time":"2024-01-28T15:33:43.943Z","class":"rock"},"geometry":{"type":"Point","coordinates":[137.381411,-4.669423]}},{"type":"Feature","properties":{"id":1543,"size":0.4,"time":"2024-01-28T23:12:34.386Z","class":"rock"},"geometry":{"type":"Point","coordinates":[137.373455,-4.679509]}},{"type":"Feature","properties":{"id":1544,"size":5.279999999999999,"time":"2024-01-28T15:46:10.403Z","class":"boulder"},"geometry":{"type":"Point","coordinates":[137.380209,-4.660082]}},{"type":"Feature","properties":{"id":1545,"size":0.59,"time":"2024-01-28T16:25:05.629Z","class":"rock"},"geometry":{"type":"Point","coordinates":[137.364791,-4.668672]}},{"type":"Feature","properties":{"id":1546,"size":0.47,"time":"2024-01-27T04:52:01.912Z","class":"rock"},"geometry":{"type":"Point","coordinates":[137.379061,-4.668378]}},{"type":"Feature","properties":{"id":1547,"size":0.7,"time":"2024-01-11T03:43:04.605Z","class":"rock"},"geometry":{"type":"Point","coordinates":[137.363668,-4.668829]}},{"type":"Feature","properties":{"id":1548,"size":0.24000000000000002,"time":"2024-01-11T03:58:46.492Z","class":"rock"},"geometry":{"type":"Point","coordinates":[137.362247,-4.670144]}},{"type":"Feature","properties":{"id":1549,"size":9.32,"time":"2024-01-09T19:42:00.283Z","class":"boulder"},"geometry":{"type":"Point","coordinates":[137.378408,-4.667224]}},{"type":"Feature","properties":{"id":1550,"size":9.68,"time":"2024-01-03T05:08:46.090Z","class":"boulder"},"geometry":{"type":"Point","coordinates":[137.370217,-4.665063]}},{"type":"Feature","properties":{"id":1551,"size":5.909999999999999,"time":"2024-01-10T07:19:29.513Z","class":"boulder"},"geometry":{"type":"Point","coordinates":[137.369889,-4.676808]}},{"type":"Feature","properties":{"id":1552,"size":0.47,"time":"2024-01-19T21:22:29.075Z","class":"rock"},"geometry":{"type":"Point","coordinates":[137.37685,-4.675989]}},{"type":"Feature","properties":{"id":1553,"size":3.52,"time":"2024-01-14T01:10:47.410Z","class":"rock"},"geometry":{"type":"Point","coordinates":[137.37561,-4.662316]}},{"type":"Feature","properties":{"id":1554,"size":6.88,"time":"2024-01-04T21:30:52.627Z","class":"boulder"},"geometry":{"type":"Point","coordinates":[137.37138,-4.678054]}},{"type":"Feature","properties":{"id":1555,"size":0.63,"time":"2024-01-29T12:40:54.292Z","class":"rock"},"geometry":{"type":"Point","coordinates":[137.378967,-4.659346]}},{"type":"Feature","properties":{"id":1556,"size":0.24000000000000002,"time":"2024-01-02T12:25:21.548Z","class":"rock"},"geometry":{"type":"Point","coordinates":[137.378193,-4.670185]}},{"type":"Feature","properties":{"id":1557,"size":0.88,"time":"2024-01-25T22:03:55.306Z","class":"rock"},"geometry":{"type":"Point","coordinates":[137.371563,-4.675673]}},{"type":"Feature","properties":{"id":1558,"size":9.26,"time":"2024-01-24T11:17:16.512Z","class":"boulder"},"geometry":{"type":"Point","coordinates":[137.37162,-4.676184]}},{"type":"Feature","properties":{"id":1559,"size":5.39,"time":"2024-01-17T21:22:22.942Z","class":"boulder"},"geometry":{"type":"Point","coordinates":[137.370468,-4.662788]}},{"type":"Feature","properties":{"id":1560,"size":0.12000000000000001,"time":"2024-01-10T14:09:40.541Z","class":"rock"},"geometry":{"type":"Point","coordinates":[137.36394,-4.668838]}},{"type":"Feature","properties":{"id":1561,"size":6.109999999999999,"time":"2024-01-29T08:23:11.122Z","class":"boulder"},"geometry":{"type":"Point","coordinates":[137.370463,-4.675271]}},{"type":"Feature","properties":{"id":1562,"size":0.33999999999999997,"time":"2024-01-26T14:46:52.541Z","class":"rock"},"geometry":{"type":"Point","coordinates":[137.360289,-4.671776]}},{"type":"Feature","properties":{"id":1563,"size":2.88,"time":"2024-01-04T22:13:17.549Z","class":"rock"},"geometry":{"type":"Point","coordinates":[137.363248,-4.666983]}},{"type":"Feature","properties":{"id":1564,"size":4.59,"time":"2024-01-12T01:14:49.612Z","class":"rock"},"geometry":{"type":"Point","coordinates":[137.379791,-4.666362]}},{"type":"Feature","properties":{"id":1565,"size":1.73,"time":"2024-01-09T00:10:11.922Z","class":"rock"},"geometry":{"type":"Point","coordinates":[137.36217,-4.670787]}},{"type":"Feature","properties":{"id":1566,"size":1.8,"time":"2024-01-16T18:25:19.156Z","class":"rock"},"geometry":{"type":"Point","coordinates":[137.371582,-4.66332]}},{"type":"Feature","properties":{"id":1567,"size":7.58,"time":"2024-01-24T09:34:35.330Z","class":"boulder"},"geometry":{"type":"Point","coordinates":[137.3642,-4.670287]}},{"type":"Feature","properties":{"id":1568,"size":0.14,"time":"2024-01-27T11:11:11.072Z","class":"rock"},"geometry":{"type":"Point","coordinates":[137.361808,-4.670656]}},{"type":"Feature","properties":{"id":1569,"size":6.119999999999999,"time":"2024-01-13T01:42:33.890Z","class":"boulder"},"geometry":{"type":"Point","coordinates":[137.373169,-4.677751]}},{"type":"Feature","properties":{"id":1570,"size":2.52,"time":"2024-01-20T08:45:50.672Z","class":"rock"},"geometry":{"type":"Point","coordinates":[137.362372,-4.670169]}},{"type":"Feature","properties":{"id":1571,"size":6.67,"time":"2024-01-07T05:51:34.715Z","class":"boulder"},"geometry":{"type":"Point","coordinates":[137.374412,-4.666977]}},{"type":"Feature","properties":{"id":1572,"size":7.51,"time":"2024-01-06T19:37:38.957Z","class":"boulder"},"geometry":{"type":"Point","coordinates":[137.362411,-4.668671]}},{"type":"Feature","properties":{"id":1573,"size":4.79,"time":"2024-01-06T21:47:21.647Z","class":"rock"},"geometry":{"type":"Point","coordinates":[137.374658,-4.675509]}},{"type":"Feature","properties":{"id":1574,"size":9.45,"time":"2024-01-21T21:49:46.234Z","class":"boulder"},"geometry":{"type":"Point","coordinates":[137.375912,-4.670383]}},{"type":"Feature","properties":{"id":1575,"size":8.28,"time":"2024-01-17T06:39:31.471Z","class":"boulder"},"geometry":{"type":"Point","coordinates":[137.361184,-4.670622]}},{"type":"Feature","properties":{"id":1576,"size":1.55,"time":"2024-01-02T07:43:52.149Z","class":"rock"},"geometry":{"type":"Point","coordinates":[137.363768,-4.66803]}},{"type":"Feature","properties":{"id":1577,"size":0.9,"time":"2024-01-14T21:58:03.799Z","class":"rock"},"geometry":{"type":"Point","coordinates":[137.374275,-4.661754]}},{"type":"Feature","properties":{"id":1578,"size":0.38,"time":"2024-01-21T12:57:01.243Z","class":"rock"},"geometry":{"type":"Point","coordinates":[137.364152,-4.670522]}},{"type":"Feature","properties":{"id":1579,"size":1.56,"time":"2024-01-02T11:50:45.236Z","class":"rock"},"geometry":{"type":"Point","coordinates":[137.371836,-4.661329]}},{"type":"Feature","properties":{"id":1580,"size":3.54,"time":"2024-01-13T18:36:28.980Z","class":"rock"},"geometry":{"type":"Point","coordinates":[137.37448,-4.679249]}},{"type":"Feature","properties":{"id":1581,"size":3.25,"time":"2024-01-18T07:06:46.743Z","class":"rock"},"geometry":{"type":"Point","coordinates":[137.372607,-4.678127]}},{"type":"Feature","properties":{"id":1582,"size":7.13,"time":"2024-01-09T09:07:23.970Z","class":"boulder"},"geometry":{"type":"Point","coordinates":[137.367152,-4.662208]}},{"type":"Feature","properties":{"id":1583,"size":4.56,"time":"2024-01-09T06:28:16.124Z","class":"rock"},"geometry":{"type":"Point","coordinates":[137.370421,-4.663173]}},{"type":"Feature","properties":{"id":1584,"size":0.86,"time":"2024-01-07T08:49:07.180Z","class":"rock"},"geometry":{"type":"Point","coordinates":[137.378955,-4.667609]}},{"type":"Feature","properties":{"id":1585,"size":5.7299999999999995,"time":"2024-01-23T19:15:43.305Z","class":"boulder"},"geometry":{"type":"Point","coordinates":[137.379793,-4.660249]}},{"type":"Feature","properties":{"id":1586,"size":0.48,"time":"2024-01-09T08:46:51.110Z","class":"rock"},"geometry":{"type":"Point","coordinates":[137.36223,-4.667424]}},{"type":"Feature","properties":{"id":1587,"size":1.28,"time":"2024-01-18T21:46:12.950Z","class":"rock"},"geometry":{"type":"Point","coordinates":[137.362127,-4.670195]}},{"type":"Feature","properties":{"id":1588,"size":1.29,"time":"2024-01-26T19:07:46.931Z","class":"rock"},"geometry":{"type":"Point","coordinates":[137.363354,-4.66693]}},{"type":"Feature","properties":{"id":1589,"size":0.78,"time":"2024-01-09T04:17:03.559Z","class":"rock"},"geometry":{"type":"Point","coordinates":[137.382306,-4.669284]}},{"type":"Feature","properties":{"id":1590,"size":0.15000000000000002,"time":"2024-01-10T08:13:21.606Z","class":"rock"},"geometry":{"type":"Point","coordinates":[137.379024,-4.658181]}},{"type":"Feature","properties":{"id":1591,"size":0.16,"time":"2024-01-04T01:21:05.490Z","class":"rock"},"geometry":{"type":"Point","coordinates":[137.371159,-4.678379]}},{"type":"Feature","properties":{"id":1592,"size":0.35,"time":"2024-01-06T05:34:35.387Z","class":"rock"},"geometry":{"type":"Point","coordinates":[137.370659,-4.678078]}},{"type":"Feature","properties":{"id":1593,"size":3.37,"time":"2024-01-25T10:35:21.670Z","class":"rock"},"geometry":{"type":"Point","coordinates":[137.362709,-4.668524]}},{"type":"Feature","properties":{"id":1594,"size":2.79,"time":"2024-01-29T01:39:44.116Z","class":"rock"},"geometry":{"type":"Point","coordinates":[137.376184,-4.661483]}},{"type":"Feature","properties":{"id":1595,"size":0.1,"time":"2024-01-24T13:40:56.400Z","class":"rock"},"geometry":{"type":"Point","coordinates":[137.370813,-4.679689]}},{"type":"Feature","properties":{"id":1596,"size":0.29000000000000004,"time":"2024-01-16T19:35:51.010Z","class":"rock"},"geometry":{"type":"Point","coordinates":[137.363383,-4.667606]}},{"type":"Feature","properties":{"id":1597,"size":1.24,"time":"2024-01-18T13:07:56.724Z","class":"rock"},"geometry":{"type":"Point","coordinates":[137.370792,-4.673024]}},{"type":"Feature","properties":{"id":1598,"size":5.29,"time":"2024-01-10T05:23:23.578Z","class":"boulder"},"geometry":{"type":"Point","coordinates":[137.372224,-4.677313]}},{"type":"Feature","properties":{"id":1599,"size":1.1900000000000002,"time":"2024-01-22T15:50:15.114Z","class":"rock"},"geometry":{"type":"Point","coordinates":[137.377618,-4.659156]}},{"type":"Feature","properties":{"id":1600,"size":1.06,"time":"2024-01-12T10:38:06.555Z","class":"rock"},"geometry":{"type":"Point","coordinates":[137.37865,-4.667494]}},{"type":"Feature","properties":{"id":1601,"size":1.6,"time":"2024-01-12T21:31:07.683Z","class":"rock"},"geometry":{"type":"Point","coordinates":[137.363459,-4.667762]}},{"type":"Feature","properties":{"id":1602,"size":1.1700000000000002,"time":"2024-01-02T20:23:50.598Z","class":"rock"},"geometry":{"type":"Point","coordinates":[137.379661,-4.670421]}},{"type":"Feature","properties":{"id":1603,"size":2.79,"time":"2024-01-02T21:26:39.602Z","class":"rock"},"geometry":{"type":"Point","coordinates":[137.377416,-4.669266]}},{"type":"Feature","properties":{"id":1604,"size":7.71,"time":"2024-01-15T22:23:48.995Z","class":"boulder"},"geometry":{"type":"Point","coordinates":[137.38104,-4.670327]}},{"type":"Feature","properties":{"id":1605,"size":0.18,"time":"2024-01-21T14:33:45.204Z","class":"rock"},"geometry":{"type":"Point","coordinates":[137.372066,-4.663614]}},{"type":"Feature","properties":{"id":1606,"size":1.9100000000000001,"time":"2024-01-30T05:04:08.664Z","class":"rock"},"geometry":{"type":"Point","coordinates":[137.362498,-4.670053]}},{"type":"Feature","properties":{"id":1607,"size":6.449999999999999,"time":"2024-01-10T02:54:20.140Z","class":"boulder"},"geometry":{"type":"Point","coordinates":[137.372023,-4.663441]}},{"type":"Feature","properties":{"id":1608,"size":1.51,"time":"2024-01-08T05:21:28.653Z","class":"rock"},"geometry":{"type":"Point","coordinates":[137.362273,-4.667172]}},{"type":"Feature","properties":{"id":1609,"size":0.1,"time":"2024-01-15T15:45:40.771Z","class":"rock"},"geometry":{"type":"Point","coordinates":[137.373096,-4.663842]}},{"type":"Feature","properties":{"id":1610,"size":9.58,"time":"2024-01-20T07:55:05.953Z","class":"boulder"},"geometry":{"type":"Point","coordinates":[137.380271,-4.658716]}},{"type":"Feature","properties":{"id":1611,"size":6.31,"time":"2024-01-06T03:32:21.266Z","class":"boulder"},"geometry":{"type":"Point","coordinates":[137.373758,-4.676058]}},{"type":"Feature","properties":{"id":1612,"size":0.12000000000000001,"time":"2024-01-22T22:26:26.787Z","class":"rock"},"geometry":{"type":"Point","coordinates":[137.36586,-4.662322]}},{"type":"Feature","properties":{"id":1613,"size":0.24000000000000002,"time":"2024-01-06T06:12:40.416Z","class":"rock"},"geometry":{"type":"Point","coordinates":[137.380817,-4.659641]}},{"type":"Feature","properties":{"id":1614,"size":3.2600000000000002,"time":"2024-01-28T15:19:29.748Z","class":"rock"},"geometry":{"type":"Point","coordinates":[137.373004,-4.668948]}},{"type":"Feature","properties":{"id":1615,"size":1.9600000000000002,"time":"2024-01-29T15:45:52.485Z","class":"rock"},"geometry":{"type":"Point","coordinates":[137.363136,-4.668432]}},{"type":"Feature","properties":{"id":1616,"size":2.04,"time":"2024-01-22T15:31:48.289Z","class":"rock"},"geometry":{"type":"Point","coordinates":[137.371699,-4.66411]}},{"type":"Feature","properties":{"id":1617,"size":0.30000000000000004,"time":"2024-01-27T17:01:46.607Z","class":"rock"},"geometry":{"type":"Point","coordinates":[137.381693,-4.666534]}},{"type":"Feature","properties":{"id":1618,"size":7.609999999999999,"time":"2024-01-21T03:26:25.692Z","class":"boulder"},"geometry":{"type":"Point","coordinates":[137.363774,-4.668157]}},{"type":"Feature","properties":{"id":1619,"size":2.89,"time":"2024-01-13T02:45:39.989Z","class":"rock"},"geometry":{"type":"Point","coordinates":[137.381842,-4.669582]}},{"type":"Feature","properties":{"id":1620,"size":3.08,"time":"2024-01-26T09:37:36.230Z","class":"rock"},"geometry":{"type":"Point","coordinates":[137.372305,-4.662929]}},{"type":"Feature","properties":{"id":1621,"size":9.04,"time":"2024-01-21T18:35:45.991Z","class":"boulder"},"geometry":{"type":"Point","coordinates":[137.378174,-4.671147]}},{"type":"Feature","properties":{"id":1622,"size":7.14,"time":"2024-01-29T14:33:53.416Z","class":"boulder"},"geometry":{"type":"Point","coordinates":[137.370127,-4.663777]}},{"type":"Feature","properties":{"id":1623,"size":9.53,"time":"2024-01-17T18:54:58.876Z","class":"boulder"},"geometry":{"type":"Point","coordinates":[137.371991,-4.679193]}},{"type":"Feature","properties":{"id":1624,"size":0.61,"time":"2024-01-13T22:28:54.212Z","class":"rock"},"geometry":{"type":"Point","coordinates":[137.364157,-4.671326]}},{"type":"Feature","properties":{"id":1625,"size":8.85,"time":"2024-01-05T08:07:20.982Z","class":"boulder"},"geometry":{"type":"Point","coordinates":[137.38085,-4.659045]}},{"type":"Feature","properties":{"id":1626,"size":0.21000000000000002,"time":"2024-01-02T07:22:40.504Z","class":"rock"},"geometry":{"type":"Point","coordinates":[137.363304,-4.670121]}},{"type":"Feature","properties":{"id":1627,"size":0.53,"time":"2024-01-21T14:48:31.012Z","class":"rock"},"geometry":{"type":"Point","coordinates":[137.379883,-4.657567]}},{"type":"Feature","properties":{"id":1628,"size":4.76,"time":"2024-01-22T01:29:17.621Z","class":"rock"},"geometry":{"type":"Point","coordinates":[137.36158,-4.671173]}},{"type":"Feature","properties":{"id":1629,"size":4.85,"time":"2024-01-19T07:01:16.017Z","class":"rock"},"geometry":{"type":"Point","coordinates":[137.366313,-4.668261]}},{"type":"Feature","properties":{"id":1630,"size":0.1,"time":"2024-01-14T07:03:48.850Z","class":"rock"},"geometry":{"type":"Point","coordinates":[137.38028,-4.657853]}},{"type":"Feature","properties":{"id":1631,"size":0.32,"time":"2024-01-04T21:04:34.551Z","class":"rock"},"geometry":{"type":"Point","coordinates":[137.375435,-4.666619]}},{"type":"Feature","properties":{"id":1632,"size":0.69,"time":"2024-01-11T13:59:41.797Z","class":"rock"},"geometry":{"type":"Point","coordinates":[137.365108,-4.666949]}},{"type":"Feature","properties":{"id":1633,"size":0.41000000000000003,"time":"2024-01-12T16:17:00.705Z","class":"rock"},"geometry":{"type":"Point","coordinates":[137.381467,-4.669109]}},{"type":"Feature","properties":{"id":1634,"size":0.30000000000000004,"time":"2024-01-28T16:50:25.555Z","class":"rock"},"geometry":{"type":"Point","coordinates":[137.363095,-4.667416]}},{"type":"Feature","properties":{"id":1635,"size":0.15000000000000002,"time":"2024-01-06T00:20:36.132Z","class":"rock"},"geometry":{"type":"Point","coordinates":[137.37554,-4.662639]}},{"type":"Feature","properties":{"id":1636,"size":5.279999999999999,"time":"2024-01-23T06:52:35.486Z","class":"boulder"},"geometry":{"type":"Point","coordinates":[137.36261,-4.66822]}},{"type":"Feature","properties":{"id":1637,"size":9.24,"time":"2024-01-23T16:53:38.934Z","class":"boulder"},"geometry":{"type":"Point","coordinates":[137.361072,-4.671209]}},{"type":"Feature","properties":{"id":1638,"size":1.7000000000000002,"time":"2024-01-07T18:21:38.386Z","class":"rock"},"geometry":{"type":"Point","coordinates":[137.372935,-4.6785]}},{"type":"Feature","properties":{"id":1639,"size":0.21000000000000002,"time":"2024-01-06T04:53:52.191Z","class":"rock"},"geometry":{"type":"Point","coordinates":[137.373033,-4.676867]}},{"type":"Feature","properties":{"id":1640,"size":0.51,"time":"2024-01-16T11:54:55.655Z","class":"rock"},"geometry":{"type":"Point","coordinates":[137.379391,-4.658132]}},{"type":"Feature","properties":{"id":1641,"size":0.11,"time":"2024-01-09T11:54:52.703Z","class":"rock"},"geometry":{"type":"Point","coordinates":[137.380062,-4.659275]}},{"type":"Feature","properties":{"id":1642,"size":0.17,"time":"2024-01-12T02:45:31.874Z","class":"rock"},"geometry":{"type":"Point","coordinates":[137.365712,-4.669465]}},{"type":"Feature","properties":{"id":1643,"size":4.159999999999999,"time":"2024-01-07T19:49:39.905Z","class":"rock"},"geometry":{"type":"Point","coordinates":[137.376365,-4.677944]}},{"type":"Feature","properties":{"id":1644,"size":1.49,"time":"2024-01-21T14:54:03.947Z","class":"rock"},"geometry":{"type":"Point","coordinates":[137.371755,-4.662539]}},{"type":"Feature","properties":{"id":1645,"size":0.14,"time":"2024-01-04T07:34:18.802Z","class":"rock"},"geometry":{"type":"Point","coordinates":[137.371119,-4.67677]}},{"type":"Feature","properties":{"id":1646,"size":2.96,"time":"2024-01-01T19:01:55.377Z","class":"rock"},"geometry":{"type":"Point","coordinates":[137.361366,-4.669796]}},{"type":"Feature","properties":{"id":1647,"size":5.93,"time":"2024-01-05T17:19:59.654Z","class":"boulder"},"geometry":{"type":"Point","coordinates":[137.371163,-4.659939]}},{"type":"Feature","properties":{"id":1648,"size":1.9300000000000002,"time":"2024-01-07T10:54:39.103Z","class":"rock"},"geometry":{"type":"Point","coordinates":[137.362949,-4.668338]}},{"type":"Feature","properties":{"id":1649,"size":0.19,"time":"2024-01-28T23:43:04.691Z","class":"rock"},"geometry":{"type":"Point","coordinates":[137.379881,-4.668021]}},{"type":"Feature","properties":{"id":1650,"size":0.12000000000000001,"time":"2024-01-09T14:07:43.355Z","class":"rock"},"geometry":{"type":"Point","coordinates":[137.37168,-4.677056]}},{"type":"Feature","properties":{"id":1651,"size":0.59,"time":"2024-01-15T17:29:39.585Z","class":"rock"},"geometry":{"type":"Point","coordinates":[137.380903,-4.658115]}},{"type":"Feature","properties":{"id":1652,"size":1.07,"time":"2024-01-02T23:55:32.827Z","class":"rock"},"geometry":{"type":"Point","coordinates":[137.379105,-4.657719]}},{"type":"Feature","properties":{"id":1653,"size":0.74,"time":"2024-01-27T01:53:59.594Z","class":"rock"},"geometry":{"type":"Point","coordinates":[137.379259,-4.657654]}},{"type":"Feature","properties":{"id":1654,"size":6,"time":"2024-01-29T09:48:45.990Z","class":"boulder"},"geometry":{"type":"Point","coordinates":[137.37972,-4.658392]}},{"type":"Feature","properties":{"id":1655,"size":0.49,"time":"2024-01-19T03:22:37.796Z","class":"rock"},"geometry":{"type":"Point","coordinates":[137.38062,-4.668798]}},{"type":"Feature","properties":{"id":1656,"size":8.11,"time":"2024-01-23T08:06:27.983Z","class":"boulder"},"geometry":{"type":"Point","coordinates":[137.362942,-4.669029]}},{"type":"Feature","properties":{"id":1657,"size":1.9500000000000002,"time":"2024-01-05T20:02:15.268Z","class":"rock"},"geometry":{"type":"Point","coordinates":[137.366948,-4.662158]}},{"type":"Feature","properties":{"id":1658,"size":2.44,"time":"2024-01-02T09:39:39.230Z","class":"rock"},"geometry":{"type":"Point","coordinates":[137.372042,-4.678138]}},{"type":"Feature","properties":{"id":1659,"size":4.7299999999999995,"time":"2024-01-25T04:30:20.321Z","class":"rock"},"geometry":{"type":"Point","coordinates":[137.375266,-4.668067]}},{"type":"Feature","properties":{"id":1660,"size":6.18,"time":"2024-01-14T02:57:18.257Z","class":"boulder"},"geometry":{"type":"Point","coordinates":[137.370121,-4.671158]}},{"type":"Feature","properties":{"id":1661,"size":0.35,"time":"2024-01-10T00:52:44.086Z","class":"rock"},"geometry":{"type":"Point","coordinates":[137.362889,-4.667661]}},{"type":"Feature","properties":{"id":1662,"size":3.29,"time":"2024-01-20T05:56:33.839Z","class":"rock"},"geometry":{"type":"Point","coordinates":[137.374835,-4.668276]}},{"type":"Feature","properties":{"id":1663,"size":3.27,"time":"2024-01-15T17:44:29.362Z","class":"rock"},"geometry":{"type":"Point","coordinates":[137.36404,-4.667406]}},{"type":"Feature","properties":{"id":1664,"size":7.1899999999999995,"time":"2024-01-24T18:45:47.017Z","class":"boulder"},"geometry":{"type":"Point","coordinates":[137.377613,-4.661372]}},{"type":"Feature","properties":{"id":1665,"size":0.56,"time":"2024-01-18T15:24:51.545Z","class":"rock"},"geometry":{"type":"Point","coordinates":[137.364327,-4.6758]}},{"type":"Feature","properties":{"id":1666,"size":0.2,"time":"2024-01-24T19:25:11.417Z","class":"rock"},"geometry":{"type":"Point","coordinates":[137.364418,-4.667852]}},{"type":"Feature","properties":{"id":1667,"size":0.87,"time":"2024-01-18T01:14:42.831Z","class":"rock"},"geometry":{"type":"Point","coordinates":[137.36197,-4.670195]}},{"type":"Feature","properties":{"id":1668,"size":0.45999999999999996,"time":"2024-01-30T14:57:59.853Z","class":"rock"},"geometry":{"type":"Point","coordinates":[137.378823,-4.66314]}},{"type":"Feature","properties":{"id":1669,"size":0.42000000000000004,"time":"2024-01-26T07:32:12.339Z","class":"rock"},"geometry":{"type":"Point","coordinates":[137.370712,-4.664404]}},{"type":"Feature","properties":{"id":1670,"size":2.11,"time":"2024-01-05T02:27:17.018Z","class":"rock"},"geometry":{"type":"Point","coordinates":[137.378433,-4.65759]}},{"type":"Feature","properties":{"id":1671,"size":1.4100000000000001,"time":"2024-01-17T06:27:50.008Z","class":"rock"},"geometry":{"type":"Point","coordinates":[137.362719,-4.668852]}},{"type":"Feature","properties":{"id":1672,"size":0.33,"time":"2024-01-18T02:57:06.253Z","class":"rock"},"geometry":{"type":"Point","coordinates":[137.379345,-4.658373]}},{"type":"Feature","properties":{"id":1673,"size":4.659999999999999,"time":"2024-01-13T20:34:38.804Z","class":"rock"},"geometry":{"type":"Point","coordinates":[137.37283,-4.661991]}},{"type":"Feature","properties":{"id":1674,"size":0.11,"time":"2024-01-24T22:08:52.889Z","class":"rock"},"geometry":{"type":"Point","coordinates":[137.371029,-4.65935]}},{"type":"Feature","properties":{"id":1675,"size":2.12,"time":"2024-01-19T14:42:24.775Z","class":"rock"},"geometry":{"type":"Point","coordinates":[137.373223,-4.663774]}},{"type":"Feature","properties":{"id":1676,"size":0.6699999999999999,"time":"2024-01-12T10:23:41.856Z","class":"rock"},"geometry":{"type":"Point","coordinates":[137.365553,-4.667225]}},{"type":"Feature","properties":{"id":1677,"size":2.41,"time":"2024-01-12T06:04:05.129Z","class":"rock"},"geometry":{"type":"Point","coordinates":[137.380901,-4.656555]}},{"type":"Feature","properties":{"id":1678,"size":3.62,"time":"2024-01-27T18:11:40.076Z","class":"rock"},"geometry":{"type":"Point","coordinates":[137.380526,-4.668579]}},{"type":"Feature","properties":{"id":1679,"size":0.12000000000000001,"time":"2024-01-12T18:26:04.393Z","class":"rock"},"geometry":{"type":"Point","coordinates":[137.373881,-4.665089]}},{"type":"Feature","properties":{"id":1680,"size":2.02,"time":"2024-01-06T10:23:53.777Z","class":"rock"},"geometry":{"type":"Point","coordinates":[137.362633,-4.669021]}},{"type":"Feature","properties":{"id":1681,"size":3.13,"time":"2024-01-26T19:04:00.475Z","class":"rock"},"geometry":{"type":"Point","coordinates":[137.371881,-4.664154]}},{"type":"Feature","properties":{"id":1682,"size":0.1,"time":"2024-01-27T22:14:42.789Z","class":"rock"},"geometry":{"type":"Point","coordinates":[137.36292,-4.669279]}},{"type":"Feature","properties":{"id":1683,"size":5.81,"time":"2024-01-18T13:05:25.601Z","class":"boulder"},"geometry":{"type":"Point","coordinates":[137.38074,-4.669081]}},{"type":"Feature","properties":{"id":1684,"size":9.299999999999999,"time":"2024-01-06T16:47:00.933Z","class":"boulder"},"geometry":{"type":"Point","coordinates":[137.366345,-4.675761]}},{"type":"Feature","properties":{"id":1685,"size":0.61,"time":"2024-01-27T18:40:14.739Z","class":"rock"},"geometry":{"type":"Point","coordinates":[137.379639,-4.671646]}},{"type":"Feature","properties":{"id":1686,"size":4.85,"time":"2024-01-11T20:43:09.265Z","class":"rock"},"geometry":{"type":"Point","coordinates":[137.37768,-4.669155]}},{"type":"Feature","properties":{"id":1687,"size":9.58,"time":"2024-01-07T23:59:56.971Z","class":"boulder"},"geometry":{"type":"Point","coordinates":[137.362964,-4.668096]}},{"type":"Feature","properties":{"id":1688,"size":1.83,"time":"2024-01-06T11:57:19.685Z","class":"rock"},"geometry":{"type":"Point","coordinates":[137.363591,-4.669804]}},{"type":"Feature","properties":{"id":1689,"size":0.33999999999999997,"time":"2024-01-02T16:24:20.200Z","class":"rock"},"geometry":{"type":"Point","coordinates":[137.365225,-4.671074]}},{"type":"Feature","properties":{"id":1690,"size":1.08,"time":"2024-01-29T18:18:08.865Z","class":"rock"},"geometry":{"type":"Point","coordinates":[137.367686,-4.674165]}},{"type":"Feature","properties":{"id":1691,"size":0.62,"time":"2024-01-04T13:01:51.571Z","class":"rock"},"geometry":{"type":"Point","coordinates":[137.362931,-4.667433]}},{"type":"Feature","properties":{"id":1692,"size":0.89,"time":"2024-01-03T20:15:43.381Z","class":"rock"},"geometry":{"type":"Point","coordinates":[137.376314,-4.664881]}},{"type":"Feature","properties":{"id":1693,"size":0.16,"time":"2024-01-13T16:04:00.374Z","class":"rock"},"geometry":{"type":"Point","coordinates":[137.376318,-4.669555]}},{"type":"Feature","properties":{"id":1694,"size":0.13,"time":"2024-01-11T15:48:28.648Z","class":"rock"},"geometry":{"type":"Point","coordinates":[137.379353,-4.662471]}},{"type":"Feature","properties":{"id":1695,"size":0.87,"time":"2024-01-04T16:30:45.137Z","class":"rock"},"geometry":{"type":"Point","coordinates":[137.363201,-4.658465]}},{"type":"Feature","properties":{"id":1696,"size":0.42000000000000004,"time":"2024-01-03T09:10:23.123Z","class":"rock"},"geometry":{"type":"Point","coordinates":[137.382383,-4.668902]}},{"type":"Feature","properties":{"id":1697,"size":0.11,"time":"2024-01-06T23:10:50.481Z","class":"rock"},"geometry":{"type":"Point","coordinates":[137.364583,-4.669628]}},{"type":"Feature","properties":{"id":1698,"size":6.59,"time":"2024-01-17T04:23:20.763Z","class":"boulder"},"geometry":{"type":"Point","coordinates":[137.382151,-4.66713]}},{"type":"Feature","properties":{"id":1699,"size":1.1300000000000001,"time":"2024-01-29T12:36:01.461Z","class":"rock"},"geometry":{"type":"Point","coordinates":[137.371387,-4.679747]}},{"type":"Feature","properties":{"id":1700,"size":1.87,"time":"2024-01-20T13:27:15.086Z","class":"rock"},"geometry":{"type":"Point","coordinates":[137.372706,-4.67936]}},{"type":"Feature","properties":{"id":1701,"size":1.3800000000000001,"time":"2024-01-26T01:12:18.328Z","class":"rock"},"geometry":{"type":"Point","coordinates":[137.369932,-4.676751]}},{"type":"Feature","properties":{"id":1702,"size":9.889999999999999,"time":"2024-01-24T03:35:07.304Z","class":"boulder"},"geometry":{"type":"Point","coordinates":[137.364384,-4.667832]}},{"type":"Feature","properties":{"id":1703,"size":2.5100000000000002,"time":"2024-01-30T15:16:53.479Z","class":"rock"},"geometry":{"type":"Point","coordinates":[137.36764,-4.675504]}},{"type":"Feature","properties":{"id":1704,"size":2.7,"time":"2024-01-13T14:33:32.102Z","class":"rock"},"geometry":{"type":"Point","coordinates":[137.363757,-4.669446]}},{"type":"Feature","properties":{"id":1705,"size":1.34,"time":"2024-01-08T08:28:29.482Z","class":"rock"},"geometry":{"type":"Point","coordinates":[137.366741,-4.667293]}},{"type":"Feature","properties":{"id":1706,"size":0.96,"time":"2024-01-07T23:20:21.786Z","class":"rock"},"geometry":{"type":"Point","coordinates":[137.373989,-4.663742]}},{"type":"Feature","properties":{"id":1707,"size":1.59,"time":"2024-01-08T22:38:04.112Z","class":"rock"},"geometry":{"type":"Point","coordinates":[137.374319,-4.665451]}},{"type":"Feature","properties":{"id":1708,"size":5.33,"time":"2024-01-08T16:29:50.647Z","class":"boulder"},"geometry":{"type":"Point","coordinates":[137.362566,-4.668574]}},{"type":"Feature","properties":{"id":1709,"size":1.06,"time":"2024-01-10T09:56:29.571Z","class":"rock"},"geometry":{"type":"Point","coordinates":[137.375349,-4.663859]}},{"type":"Feature","properties":{"id":1710,"size":0.14,"time":"2024-01-01T08:42:23.253Z","class":"rock"},"geometry":{"type":"Point","coordinates":[137.378638,-4.667816]}},{"type":"Feature","properties":{"id":1711,"size":6.89,"time":"2024-01-17T14:57:02.862Z","class":"boulder"},"geometry":{"type":"Point","coordinates":[137.373706,-4.662219]}},{"type":"Feature","properties":{"id":1712,"size":7.279999999999999,"time":"2024-01-26T15:28:07.312Z","class":"boulder"},"geometry":{"type":"Point","coordinates":[137.362516,-4.669047]}},{"type":"Feature","properties":{"id":1713,"size":0.1,"time":"2024-01-12T08:28:47.877Z","class":"rock"},"geometry":{"type":"Point","coordinates":[137.360682,-4.670157]}},{"type":"Feature","properties":{"id":1714,"size":0.1,"time":"2024-01-24T15:56:07.953Z","class":"rock"},"geometry":{"type":"Point","coordinates":[137.378191,-4.660437]}},{"type":"Feature","properties":{"id":1715,"size":3.39,"time":"2024-01-17T01:26:03.553Z","class":"rock"},"geometry":{"type":"Point","coordinates":[137.373281,-4.672043]}},{"type":"Feature","properties":{"id":1716,"size":0.29000000000000004,"time":"2024-01-07T16:55:07.547Z","class":"rock"},"geometry":{"type":"Point","coordinates":[137.363171,-4.667824]}},{"type":"Feature","properties":{"id":1717,"size":1.06,"time":"2024-01-25T03:03:12.813Z","class":"rock"},"geometry":{"type":"Point","coordinates":[137.373506,-4.676387]}},{"type":"Feature","properties":{"id":1718,"size":1.23,"time":"2024-01-22T01:29:12.039Z","class":"rock"},"geometry":{"type":"Point","coordinates":[137.379858,-4.669562]}},{"type":"Feature","properties":{"id":1719,"size":0.11,"time":"2024-01-14T15:05:28.131Z","class":"rock"},"geometry":{"type":"Point","coordinates":[137.362192,-4.671204]}},{"type":"Feature","properties":{"id":1720,"size":2.48,"time":"2024-01-25T09:04:09.983Z","class":"rock"},"geometry":{"type":"Point","coordinates":[137.360443,-4.669226]}},{"type":"Feature","properties":{"id":1721,"size":6.279999999999999,"time":"2024-01-21T00:33:34.683Z","class":"boulder"},"geometry":{"type":"Point","coordinates":[137.3696,-4.665631]}},{"type":"Feature","properties":{"id":1722,"size":4.54,"time":"2024-01-04T20:16:52.683Z","class":"rock"},"geometry":{"type":"Point","coordinates":[137.380543,-4.668467]}},{"type":"Feature","properties":{"id":1723,"size":0.1,"time":"2024-01-15T00:31:52.093Z","class":"rock"},"geometry":{"type":"Point","coordinates":[137.371837,-4.664034]}},{"type":"Feature","properties":{"id":1724,"size":0.1,"time":"2024-01-27T19:02:52.107Z","class":"rock"},"geometry":{"type":"Point","coordinates":[137.371417,-4.67719]}},{"type":"Feature","properties":{"id":1725,"size":3.61,"time":"2024-01-17T05:30:37.351Z","class":"rock"},"geometry":{"type":"Point","coordinates":[137.371008,-4.676767]}},{"type":"Feature","properties":{"id":1726,"size":0.97,"time":"2024-01-19T15:58:06.632Z","class":"rock"},"geometry":{"type":"Point","coordinates":[137.372147,-4.663287]}},{"type":"Feature","properties":{"id":1727,"size":0.41000000000000003,"time":"2024-01-24T04:08:11.231Z","class":"rock"},"geometry":{"type":"Point","coordinates":[137.369773,-4.662479]}},{"type":"Feature","properties":{"id":1728,"size":2.49,"time":"2024-01-27T05:12:22.664Z","class":"rock"},"geometry":{"type":"Point","coordinates":[137.37838,-4.669282]}},{"type":"Feature","properties":{"id":1729,"size":7.04,"time":"2024-01-12T12:14:36.626Z","class":"boulder"},"geometry":{"type":"Point","coordinates":[137.380314,-4.658107]}},{"type":"Feature","properties":{"id":1730,"size":2.37,"time":"2024-01-30T10:17:16.258Z","class":"rock"},"geometry":{"type":"Point","coordinates":[137.37944,-4.667226]}},{"type":"Feature","properties":{"id":1731,"size":9.5,"time":"2024-01-09T14:36:38.158Z","class":"boulder"},"geometry":{"type":"Point","coordinates":[137.362526,-4.670798]}},{"type":"Feature","properties":{"id":1732,"size":2.04,"time":"2024-01-04T22:53:17.126Z","class":"rock"},"geometry":{"type":"Point","coordinates":[137.379789,-4.658516]}},{"type":"Feature","properties":{"id":1733,"size":0.1,"time":"2024-01-06T17:35:29.628Z","class":"rock"},"geometry":{"type":"Point","coordinates":[137.360249,-4.67149]}},{"type":"Feature","properties":{"id":1734,"size":0.64,"time":"2024-01-18T04:05:53.834Z","class":"rock"},"geometry":{"type":"Point","coordinates":[137.363428,-4.67151]}},{"type":"Feature","properties":{"id":1735,"size":0.75,"time":"2024-01-11T14:48:44.769Z","class":"rock"},"geometry":{"type":"Point","coordinates":[137.377941,-4.664917]}},{"type":"Feature","properties":{"id":1736,"size":0.1,"time":"2024-01-11T08:14:15.966Z","class":"rock"},"geometry":{"type":"Point","coordinates":[137.373566,-4.677923]}},{"type":"Feature","properties":{"id":1737,"size":8.44,"time":"2024-01-22T20:13:07.223Z","class":"boulder"},"geometry":{"type":"Point","coordinates":[137.380516,-4.668824]}},{"type":"Feature","properties":{"id":1738,"size":0.33,"time":"2024-01-12T15:50:12.660Z","class":"rock"},"geometry":{"type":"Point","coordinates":[137.372408,-4.662933]}},{"type":"Feature","properties":{"id":1739,"size":0.11,"time":"2024-01-13T09:46:44.675Z","class":"rock"},"geometry":{"type":"Point","coordinates":[137.380207,-4.660256]}},{"type":"Feature","properties":{"id":1740,"size":0.2,"time":"2024-01-12T03:37:18.743Z","class":"rock"},"geometry":{"type":"Point","coordinates":[137.37186,-4.664653]}},{"type":"Feature","properties":{"id":1741,"size":3.87,"time":"2024-01-10T16:33:13.815Z","class":"rock"},"geometry":{"type":"Point","coordinates":[137.377541,-4.660092]}},{"type":"Feature","properties":{"id":1742,"size":0.1,"time":"2024-01-10T17:35:05.322Z","class":"rock"},"geometry":{"type":"Point","coordinates":[137.378542,-4.667063]}},{"type":"Feature","properties":{"id":1743,"size":0.13,"time":"2024-01-04T19:18:37.981Z","class":"rock"},"geometry":{"type":"Point","coordinates":[137.372957,-4.661621]}},{"type":"Feature","properties":{"id":1744,"size":0.97,"time":"2024-01-04T23:06:53.590Z","class":"rock"},"geometry":{"type":"Point","coordinates":[137.371883,-4.677031]}},{"type":"Feature","properties":{"id":1745,"size":4.08,"time":"2024-01-26T04:33:34.596Z","class":"rock"},"geometry":{"type":"Point","coordinates":[137.378376,-4.658028]}},{"type":"Feature","properties":{"id":1746,"size":0.14,"time":"2024-01-21T16:50:59.660Z","class":"rock"},"geometry":{"type":"Point","coordinates":[137.382533,-4.667197]}},{"type":"Feature","properties":{"id":1747,"size":0.1,"time":"2024-01-10T00:02:21.467Z","class":"rock"},"geometry":{"type":"Point","coordinates":[137.364018,-4.669079]}},{"type":"Feature","properties":{"id":1748,"size":9.34,"time":"2024-01-13T07:45:33.336Z","class":"boulder"},"geometry":{"type":"Point","coordinates":[137.368829,-4.676933]}},{"type":"Feature","properties":{"id":1749,"size":9.67,"time":"2024-01-27T08:44:02.830Z","class":"boulder"},"geometry":{"type":"Point","coordinates":[137.363207,-4.674714]}},{"type":"Feature","properties":{"id":1750,"size":5.72,"time":"2024-01-05T19:55:05.518Z","class":"boulder"},"geometry":{"type":"Point","coordinates":[137.379371,-4.659453]}},{"type":"Feature","properties":{"id":1751,"size":0.74,"time":"2024-01-12T07:33:49.880Z","class":"rock"},"geometry":{"type":"Point","coordinates":[137.371746,-4.67718]}},{"type":"Feature","properties":{"id":1752,"size":1.29,"time":"2024-01-14T09:27:03.174Z","class":"rock"},"geometry":{"type":"Point","coordinates":[137.361465,-4.669093]}},{"type":"Feature","properties":{"id":1753,"size":0.19,"time":"2024-01-03T02:17:19.963Z","class":"rock"},"geometry":{"type":"Point","coordinates":[137.371976,-4.676609]}},{"type":"Feature","properties":{"id":1754,"size":0.7899999999999999,"time":"2024-01-30T06:43:34.142Z","class":"rock"},"geometry":{"type":"Point","coordinates":[137.362914,-4.670359]}},{"type":"Feature","properties":{"id":1755,"size":7.1,"time":"2024-01-06T17:25:39.752Z","class":"boulder"},"geometry":{"type":"Point","coordinates":[137.378685,-4.661353]}},{"type":"Feature","properties":{"id":1756,"size":1.35,"time":"2024-01-15T10:19:24.543Z","class":"rock"},"geometry":{"type":"Point","coordinates":[137.362228,-4.66995]}},{"type":"Feature","properties":{"id":1757,"size":1.23,"time":"2024-01-04T08:07:26.731Z","class":"rock"},"geometry":{"type":"Point","coordinates":[137.364539,-4.668762]}},{"type":"Feature","properties":{"id":1758,"size":3.13,"time":"2024-01-04T13:50:15.398Z","class":"rock"},"geometry":{"type":"Point","coordinates":[137.378217,-4.657339]}},{"type":"Feature","properties":{"id":1759,"size":2.97,"time":"2024-01-27T02:32:08.479Z","class":"rock"},"geometry":{"type":"Point","coordinates":[137.361957,-4.668274]}},{"type":"Feature","properties":{"id":1760,"size":0.6699999999999999,"time":"2024-01-08T18:44:06.591Z","class":"rock"},"geometry":{"type":"Point","coordinates":[137.381245,-4.670409]}},{"type":"Feature","properties":{"id":1761,"size":8.31,"time":"2024-01-04T23:29:40.558Z","class":"boulder"},"geometry":{"type":"Point","coordinates":[137.371965,-4.676573]}},{"type":"Feature","properties":{"id":1762,"size":0.87,"time":"2024-01-12T23:11:53.031Z","class":"rock"},"geometry":{"type":"Point","coordinates":[137.372075,-4.663249]}},{"type":"Feature","properties":{"id":1763,"size":2.3200000000000003,"time":"2024-01-28T00:27:52.160Z","class":"rock"},"geometry":{"type":"Point","coordinates":[137.369532,-4.67664]}},{"type":"Feature","properties":{"id":1764,"size":6.27,"time":"2024-01-07T09:38:24.693Z","class":"boulder"},"geometry":{"type":"Point","coordinates":[137.372839,-4.661042]}},{"type":"Feature","properties":{"id":1765,"size":1,"time":"2024-01-30T10:08:21.302Z","class":"rock"},"geometry":{"type":"Point","coordinates":[137.363956,-4.672226]}},{"type":"Feature","properties":{"id":1766,"size":8.43,"time":"2024-01-26T22:51:08.741Z","class":"boulder"},"geometry":{"type":"Point","coordinates":[137.363235,-4.670015]}},{"type":"Feature","properties":{"id":1767,"size":5.119999999999999,"time":"2024-01-16T09:30:04.853Z","class":"boulder"},"geometry":{"type":"Point","coordinates":[137.380552,-4.658868]}},{"type":"Feature","properties":{"id":1768,"size":8.549999999999999,"time":"2024-01-15T14:05:35.841Z","class":"boulder"},"geometry":{"type":"Point","coordinates":[137.363055,-4.668322]}},{"type":"Feature","properties":{"id":1769,"size":0.1,"time":"2024-01-24T10:35:43.472Z","class":"rock"},"geometry":{"type":"Point","coordinates":[137.37897,-4.659084]}},{"type":"Feature","properties":{"id":1770,"size":0.87,"time":"2024-01-14T12:38:23.432Z","class":"rock"},"geometry":{"type":"Point","coordinates":[137.373508,-4.676966]}},{"type":"Feature","properties":{"id":1771,"size":7.77,"time":"2024-01-18T21:39:31.794Z","class":"boulder"},"geometry":{"type":"Point","coordinates":[137.374628,-4.678859]}},{"type":"Feature","properties":{"id":1772,"size":0.6699999999999999,"time":"2024-01-03T08:47:41.441Z","class":"rock"},"geometry":{"type":"Point","coordinates":[137.362789,-4.669892]}},{"type":"Feature","properties":{"id":1773,"size":0.25,"time":"2024-01-05T17:11:43.827Z","class":"rock"},"geometry":{"type":"Point","coordinates":[137.379739,-4.657379]}},{"type":"Feature","properties":{"id":1774,"size":0.5,"time":"2024-01-28T07:46:36.716Z","class":"rock"},"geometry":{"type":"Point","coordinates":[137.379487,-4.667994]}},{"type":"Feature","properties":{"id":1775,"size":0.66,"time":"2024-01-12T06:49:34.464Z","class":"rock"},"geometry":{"type":"Point","coordinates":[137.362602,-4.668662]}},{"type":"Feature","properties":{"id":1776,"size":3.5900000000000003,"time":"2024-01-26T20:07:20.019Z","class":"rock"},"geometry":{"type":"Point","coordinates":[137.361926,-4.670051]}},{"type":"Feature","properties":{"id":1777,"size":9.959999999999999,"time":"2024-01-18T18:00:41.196Z","class":"boulder"},"geometry":{"type":"Point","coordinates":[137.375761,-4.658452]}},{"type":"Feature","properties":{"id":1778,"size":8.06,"time":"2024-01-27T14:17:46.780Z","class":"boulder"},"geometry":{"type":"Point","coordinates":[137.372191,-4.659476]}},{"type":"Feature","properties":{"id":1779,"size":0.1,"time":"2024-01-24T22:02:40.790Z","class":"rock"},"geometry":{"type":"Point","coordinates":[137.362927,-4.670579]}},{"type":"Feature","properties":{"id":1780,"size":1.07,"time":"2024-01-27T01:32:38.712Z","class":"rock"},"geometry":{"type":"Point","coordinates":[137.372154,-4.662188]}},{"type":"Feature","properties":{"id":1781,"size":0.1,"time":"2024-01-29T09:20:30.060Z","class":"rock"},"geometry":{"type":"Point","coordinates":[137.378826,-4.667824]}},{"type":"Feature","properties":{"id":1782,"size":0.23,"time":"2024-01-27T23:39:34.059Z","class":"rock"},"geometry":{"type":"Point","coordinates":[137.374902,-4.663771]}},{"type":"Feature","properties":{"id":1783,"size":0.1,"time":"2024-01-30T00:12:38.475Z","class":"rock"},"geometry":{"type":"Point","coordinates":[137.361112,-4.664417]}},{"type":"Feature","properties":{"id":1784,"size":0.19,"time":"2024-01-19T20:56:52.494Z","class":"rock"},"geometry":{"type":"Point","coordinates":[137.362028,-4.668373]}},{"type":"Feature","properties":{"id":1785,"size":0.19,"time":"2024-01-12T18:56:58.797Z","class":"rock"},"geometry":{"type":"Point","coordinates":[137.372658,-4.678194]}},{"type":"Feature","properties":{"id":1786,"size":9.43,"time":"2024-01-01T04:05:14.389Z","class":"boulder"},"geometry":{"type":"Point","coordinates":[137.379509,-4.659959]}},{"type":"Feature","properties":{"id":1787,"size":0.27,"time":"2024-01-02T14:53:55.878Z","class":"rock"},"geometry":{"type":"Point","coordinates":[137.364295,-4.67007]}},{"type":"Feature","properties":{"id":1788,"size":0.1,"time":"2024-01-15T15:35:48.908Z","class":"rock"},"geometry":{"type":"Point","coordinates":[137.376665,-4.677281]}},{"type":"Feature","properties":{"id":1789,"size":0.57,"time":"2024-01-13T06:52:51.601Z","class":"rock"},"geometry":{"type":"Point","coordinates":[137.363229,-4.667265]}},{"type":"Feature","properties":{"id":1790,"size":0.62,"time":"2024-01-11T01:40:08.465Z","class":"rock"},"geometry":{"type":"Point","coordinates":[137.372614,-4.66269]}},{"type":"Feature","properties":{"id":1791,"size":1.35,"time":"2024-01-14T22:39:46.437Z","class":"rock"},"geometry":{"type":"Point","coordinates":[137.362801,-4.668959]}},{"type":"Feature","properties":{"id":1792,"size":2.69,"time":"2024-01-14T12:45:19.253Z","class":"rock"},"geometry":{"type":"Point","coordinates":[137.363866,-4.660554]}},{"type":"Feature","properties":{"id":1793,"size":0.1,"time":"2024-01-15T21:21:10.788Z","class":"rock"},"geometry":{"type":"Point","coordinates":[137.361403,-4.671427]}},{"type":"Feature","properties":{"id":1794,"size":0.11,"time":"2024-01-04T11:33:46.329Z","class":"rock"},"geometry":{"type":"Point","coordinates":[137.362673,-4.669637]}},{"type":"Feature","properties":{"id":1795,"size":2.12,"time":"2024-01-07T07:57:36.511Z","class":"rock"},"geometry":{"type":"Point","coordinates":[137.360918,-4.670922]}},{"type":"Feature","properties":{"id":1796,"size":9.16,"time":"2024-01-24T02:27:15.394Z","class":"boulder"},"geometry":{"type":"Point","coordinates":[137.363898,-4.670374]}},{"type":"Feature","properties":{"id":1797,"size":0.1,"time":"2024-01-13T09:16:14.720Z","class":"rock"},"geometry":{"type":"Point","coordinates":[137.362179,-4.669095]}},{"type":"Feature","properties":{"id":1798,"size":0.36,"time":"2024-01-14T04:04:23.476Z","class":"rock"},"geometry":{"type":"Point","coordinates":[137.379298,-4.669272]}},{"type":"Feature","properties":{"id":1799,"size":0.1,"time":"2024-01-11T06:30:26.023Z","class":"rock"},"geometry":{"type":"Point","coordinates":[137.361838,-4.669173]}},{"type":"Feature","properties":{"id":1800,"size":0.13,"time":"2024-01-24T15:31:30.804Z","class":"rock"},"geometry":{"type":"Point","coordinates":[137.373663,-4.660705]}},{"type":"Feature","properties":{"id":1801,"size":1.1700000000000002,"time":"2024-01-19T12:28:21.405Z","class":"rock"},"geometry":{"type":"Point","coordinates":[137.375392,-4.658144]}},{"type":"Feature","properties":{"id":1802,"size":0.11,"time":"2024-01-03T20:35:28.966Z","class":"rock"},"geometry":{"type":"Point","coordinates":[137.370466,-4.664952]}},{"type":"Feature","properties":{"id":1803,"size":0.21000000000000002,"time":"2024-01-23T02:17:08.278Z","class":"rock"},"geometry":{"type":"Point","coordinates":[137.379388,-4.65928]}},{"type":"Feature","properties":{"id":1804,"size":9.44,"time":"2024-01-29T18:32:21.802Z","class":"boulder"},"geometry":{"type":"Point","coordinates":[137.362144,-4.671481]}},{"type":"Feature","properties":{"id":1805,"size":2.19,"time":"2024-01-08T18:13:54.867Z","class":"rock"},"geometry":{"type":"Point","coordinates":[137.380617,-4.668176]}},{"type":"Feature","properties":{"id":1806,"size":0.1,"time":"2024-01-03T02:29:28.769Z","class":"rock"},"geometry":{"type":"Point","coordinates":[137.361989,-4.667676]}},{"type":"Feature","properties":{"id":1807,"size":1.06,"time":"2024-01-14T16:24:39.100Z","class":"rock"},"geometry":{"type":"Point","coordinates":[137.381339,-4.667492]}},{"type":"Feature","properties":{"id":1808,"size":7.51,"time":"2024-01-15T15:11:14.591Z","class":"boulder"},"geometry":{"type":"Point","coordinates":[137.372349,-4.676632]}},{"type":"Feature","properties":{"id":1809,"size":0.12000000000000001,"time":"2024-01-14T07:42:46.103Z","class":"rock"},"geometry":{"type":"Point","coordinates":[137.366348,-4.666127]}},{"type":"Feature","properties":{"id":1810,"size":0.1,"time":"2024-01-15T18:03:50.289Z","class":"rock"},"geometry":{"type":"Point","coordinates":[137.366906,-4.670092]}},{"type":"Feature","properties":{"id":1811,"size":4.9799999999999995,"time":"2024-01-07T09:35:43.059Z","class":"rock"},"geometry":{"type":"Point","coordinates":[137.373259,-4.663532]}},{"type":"Feature","properties":{"id":1812,"size":9.33,"time":"2024-01-19T11:57:15.456Z","class":"boulder"},"geometry":{"type":"Point","coordinates":[137.379729,-4.666321]}},{"type":"Feature","properties":{"id":1813,"size":5.1899999999999995,"time":"2024-01-12T15:58:13.301Z","class":"boulder"},"geometry":{"type":"Point","coordinates":[137.378647,-4.667935]}},{"type":"Feature","properties":{"id":1814,"size":4.35,"time":"2024-01-03T23:18:53.382Z","class":"rock"},"geometry":{"type":"Point","coordinates":[137.380468,-4.656172]}},{"type":"Feature","properties":{"id":1815,"size":1.1800000000000002,"time":"2024-01-02T13:57:39.445Z","class":"rock"},"geometry":{"type":"Point","coordinates":[137.364149,-4.667891]}},{"type":"Feature","properties":{"id":1816,"size":2.44,"time":"2024-01-25T04:44:25.680Z","class":"rock"},"geometry":{"type":"Point","coordinates":[137.361835,-4.67783]}},{"type":"Feature","properties":{"id":1817,"size":7.39,"time":"2024-01-05T13:22:53.582Z","class":"boulder"},"geometry":{"type":"Point","coordinates":[137.363357,-4.660431]}},{"type":"Feature","properties":{"id":1818,"size":6.449999999999999,"time":"2024-01-26T19:12:45.257Z","class":"boulder"},"geometry":{"type":"Point","coordinates":[137.363167,-4.669329]}},{"type":"Feature","properties":{"id":1819,"size":1.53,"time":"2024-01-23T07:33:43.219Z","class":"rock"},"geometry":{"type":"Point","coordinates":[137.363247,-4.669017]}},{"type":"Feature","properties":{"id":1820,"size":3.5,"time":"2024-01-16T09:17:24.312Z","class":"rock"},"geometry":{"type":"Point","coordinates":[137.362087,-4.671074]}},{"type":"Feature","properties":{"id":1821,"size":6.2299999999999995,"time":"2024-01-01T19:22:41.344Z","class":"boulder"},"geometry":{"type":"Point","coordinates":[137.362745,-4.669129]}},{"type":"Feature","properties":{"id":1822,"size":0.29000000000000004,"time":"2024-01-10T23:47:09.835Z","class":"rock"},"geometry":{"type":"Point","coordinates":[137.372064,-4.677347]}},{"type":"Feature","properties":{"id":1823,"size":2.93,"time":"2024-01-14T03:19:15.200Z","class":"rock"},"geometry":{"type":"Point","coordinates":[137.380572,-4.668613]}},{"type":"Feature","properties":{"id":1824,"size":1.62,"time":"2024-01-09T03:35:43.418Z","class":"rock"},"geometry":{"type":"Point","coordinates":[137.375253,-4.677943]}},{"type":"Feature","properties":{"id":1825,"size":2.14,"time":"2024-01-26T09:37:29.538Z","class":"rock"},"geometry":{"type":"Point","coordinates":[137.376776,-4.673581]}},{"type":"Feature","properties":{"id":1826,"size":1.25,"time":"2024-01-10T03:34:16.907Z","class":"rock"},"geometry":{"type":"Point","coordinates":[137.377867,-4.667224]}},{"type":"Feature","properties":{"id":1827,"size":0.14,"time":"2024-01-08T19:51:05.232Z","class":"rock"},"geometry":{"type":"Point","coordinates":[137.363529,-4.669432]}},{"type":"Feature","properties":{"id":1828,"size":5.9799999999999995,"time":"2024-01-20T06:29:07.130Z","class":"boulder"},"geometry":{"type":"Point","coordinates":[137.379987,-4.66935]}},{"type":"Feature","properties":{"id":1829,"size":1.59,"time":"2024-01-12T16:24:16.544Z","class":"rock"},"geometry":{"type":"Point","coordinates":[137.362502,-4.664045]}},{"type":"Feature","properties":{"id":1830,"size":0.45999999999999996,"time":"2024-01-11T02:19:57.380Z","class":"rock"},"geometry":{"type":"Point","coordinates":[137.364165,-4.671448]}},{"type":"Feature","properties":{"id":1831,"size":6.819999999999999,"time":"2024-01-27T12:20:29.586Z","class":"boulder"},"geometry":{"type":"Point","coordinates":[137.369861,-4.664422]}},{"type":"Feature","properties":{"id":1832,"size":0.42000000000000004,"time":"2024-01-04T09:27:58.810Z","class":"rock"},"geometry":{"type":"Point","coordinates":[137.373723,-4.66627]}},{"type":"Feature","properties":{"id":1833,"size":1.24,"time":"2024-01-04T13:08:51.822Z","class":"rock"},"geometry":{"type":"Point","coordinates":[137.381198,-4.656429]}},{"type":"Feature","properties":{"id":1834,"size":0.31,"time":"2024-01-30T21:22:36.048Z","class":"rock"},"geometry":{"type":"Point","coordinates":[137.372773,-4.665032]}},{"type":"Feature","properties":{"id":1835,"size":0.11,"time":"2024-01-05T17:12:16.155Z","class":"rock"},"geometry":{"type":"Point","coordinates":[137.366856,-4.670807]}},{"type":"Feature","properties":{"id":1836,"size":3.13,"time":"2024-01-21T06:49:57.680Z","class":"rock"},"geometry":{"type":"Point","coordinates":[137.380803,-4.669142]}},{"type":"Feature","properties":{"id":1837,"size":6.79,"time":"2024-01-22T09:29:13.021Z","class":"boulder"},"geometry":{"type":"Point","coordinates":[137.380053,-4.666209]}},{"type":"Feature","properties":{"id":1838,"size":1.76,"time":"2024-01-26T23:34:54.462Z","class":"rock"},"geometry":{"type":"Point","coordinates":[137.362444,-4.668227]}},{"type":"Feature","properties":{"id":1839,"size":1.6300000000000001,"time":"2024-01-22T22:42:28.960Z","class":"rock"},"geometry":{"type":"Point","coordinates":[137.372873,-4.664737]}},{"type":"Feature","properties":{"id":1840,"size":0.29000000000000004,"time":"2024-01-28T11:15:09.122Z","class":"rock"},"geometry":{"type":"Point","coordinates":[137.363109,-4.670184]}},{"type":"Feature","properties":{"id":1841,"size":3.12,"time":"2024-01-24T01:11:28.622Z","class":"rock"},"geometry":{"type":"Point","coordinates":[137.373392,-4.678991]}},{"type":"Feature","properties":{"id":1842,"size":3.3400000000000003,"time":"2024-01-26T21:24:24.232Z","class":"rock"},"geometry":{"type":"Point","coordinates":[137.378688,-4.658182]}},{"type":"Feature","properties":{"id":1843,"size":0.26,"time":"2024-01-28T07:27:18.609Z","class":"rock"},"geometry":{"type":"Point","coordinates":[137.361829,-4.66166]}},{"type":"Feature","properties":{"id":1844,"size":0.16,"time":"2024-01-02T23:53:08.500Z","class":"rock"},"geometry":{"type":"Point","coordinates":[137.379813,-4.659001]}},{"type":"Feature","properties":{"id":1845,"size":5.819999999999999,"time":"2024-01-17T04:53:57.335Z","class":"boulder"},"geometry":{"type":"Point","coordinates":[137.371006,-4.671122]}},{"type":"Feature","properties":{"id":1846,"size":2.2,"time":"2024-01-15T23:17:33.155Z","class":"rock"},"geometry":{"type":"Point","coordinates":[137.372271,-4.678739]}},{"type":"Feature","properties":{"id":1847,"size":0.15000000000000002,"time":"2024-01-15T01:05:38.272Z","class":"rock"},"geometry":{"type":"Point","coordinates":[137.371967,-4.663197]}},{"type":"Feature","properties":{"id":1848,"size":0.11,"time":"2024-01-10T22:16:35.894Z","class":"rock"},"geometry":{"type":"Point","coordinates":[137.380282,-4.669846]}},{"type":"Feature","properties":{"id":1849,"size":0.2,"time":"2024-01-03T12:39:44.331Z","class":"rock"},"geometry":{"type":"Point","coordinates":[137.370349,-4.664694]}},{"type":"Feature","properties":{"id":1850,"size":3.2600000000000002,"time":"2024-01-07T13:47:41.984Z","class":"rock"},"geometry":{"type":"Point","coordinates":[137.363486,-4.668048]}},{"type":"Feature","properties":{"id":1851,"size":1.28,"time":"2024-01-30T04:49:23.976Z","class":"rock"},"geometry":{"type":"Point","coordinates":[137.362008,-4.670559]}},{"type":"Feature","properties":{"id":1852,"size":1.83,"time":"2024-01-08T22:20:36.654Z","class":"rock"},"geometry":{"type":"Point","coordinates":[137.363688,-4.668432]}},{"type":"Feature","properties":{"id":1853,"size":0.6799999999999999,"time":"2024-01-30T02:54:24.783Z","class":"rock"},"geometry":{"type":"Point","coordinates":[137.361051,-4.668432]}},{"type":"Feature","properties":{"id":1854,"size":7.29,"time":"2024-01-24T07:15:23.438Z","class":"boulder"},"geometry":{"type":"Point","coordinates":[137.372613,-4.663252]}},{"type":"Feature","properties":{"id":1855,"size":3.0900000000000003,"time":"2024-01-10T10:12:26.483Z","class":"rock"},"geometry":{"type":"Point","coordinates":[137.363556,-4.668739]}},{"type":"Feature","properties":{"id":1856,"size":1.26,"time":"2024-01-20T17:27:16.633Z","class":"rock"},"geometry":{"type":"Point","coordinates":[137.362226,-4.671165]}},{"type":"Feature","properties":{"id":1857,"size":9.23,"time":"2024-01-14T14:46:28.146Z","class":"boulder"},"geometry":{"type":"Point","coordinates":[137.380342,-4.668985]}},{"type":"Feature","properties":{"id":1858,"size":6.7299999999999995,"time":"2024-01-08T18:23:26.241Z","class":"boulder"},"geometry":{"type":"Point","coordinates":[137.366334,-4.660331]}},{"type":"Feature","properties":{"id":1859,"size":4.83,"time":"2024-01-20T19:14:13.784Z","class":"rock"},"geometry":{"type":"Point","coordinates":[137.373398,-4.662459]}},{"type":"Feature","properties":{"id":1860,"size":9.59,"time":"2024-01-19T05:09:45.475Z","class":"boulder"},"geometry":{"type":"Point","coordinates":[137.363306,-4.671295]}},{"type":"Feature","properties":{"id":1861,"size":0.35,"time":"2024-01-27T17:52:37.789Z","class":"rock"},"geometry":{"type":"Point","coordinates":[137.363494,-4.667783]}},{"type":"Feature","properties":{"id":1862,"size":1.4700000000000002,"time":"2024-01-09T16:39:40.793Z","class":"rock"},"geometry":{"type":"Point","coordinates":[137.378808,-4.659151]}},{"type":"Feature","properties":{"id":1863,"size":2.04,"time":"2024-01-03T22:03:23.255Z","class":"rock"},"geometry":{"type":"Point","coordinates":[137.373276,-4.679323]}},{"type":"Feature","properties":{"id":1864,"size":1.1300000000000001,"time":"2024-01-14T13:18:31.728Z","class":"rock"},"geometry":{"type":"Point","coordinates":[137.363327,-4.66827]}},{"type":"Feature","properties":{"id":1865,"size":0.1,"time":"2024-01-16T19:19:10.403Z","class":"rock"},"geometry":{"type":"Point","coordinates":[137.374136,-4.678386]}},{"type":"Feature","properties":{"id":1866,"size":2.5,"time":"2024-01-26T03:50:20.803Z","class":"rock"},"geometry":{"type":"Point","coordinates":[137.36207,-4.671092]}},{"type":"Feature","properties":{"id":1867,"size":0.19,"time":"2024-01-02T18:15:54.576Z","class":"rock"},"geometry":{"type":"Point","coordinates":[137.369299,-4.662341]}},{"type":"Feature","properties":{"id":1868,"size":4.92,"time":"2024-01-18T17:43:40.056Z","class":"rock"},"geometry":{"type":"Point","coordinates":[137.362811,-4.671861]}},{"type":"Feature","properties":{"id":1869,"size":3.56,"time":"2024-01-08T22:14:06.595Z","class":"rock"},"geometry":{"type":"Point","coordinates":[137.373977,-4.676838]}},{"type":"Feature","properties":{"id":1870,"size":0.22,"time":"2024-01-17T06:04:28.284Z","class":"rock"},"geometry":{"type":"Point","coordinates":[137.362386,-4.670114]}},{"type":"Feature","properties":{"id":1871,"size":0.26,"time":"2024-01-15T21:40:32.278Z","class":"rock"},"geometry":{"type":"Point","coordinates":[137.362669,-4.670662]}},{"type":"Feature","properties":{"id":1872,"size":7.56,"time":"2024-01-11T23:02:46.368Z","class":"boulder"},"geometry":{"type":"Point","coordinates":[137.362596,-4.669113]}},{"type":"Feature","properties":{"id":1873,"size":0.37,"time":"2024-01-01T22:06:44.151Z","class":"rock"},"geometry":{"type":"Point","coordinates":[137.371116,-4.659479]}},{"type":"Feature","properties":{"id":1874,"size":0.14,"time":"2024-01-13T20:11:52.368Z","class":"rock"},"geometry":{"type":"Point","coordinates":[137.366727,-4.665786]}},{"type":"Feature","properties":{"id":1875,"size":6.35,"time":"2024-01-18T16:46:01.761Z","class":"boulder"},"geometry":{"type":"Point","coordinates":[137.378988,-4.668876]}},{"type":"Feature","properties":{"id":1876,"size":0.83,"time":"2024-01-29T20:10:23.000Z","class":"rock"},"geometry":{"type":"Point","coordinates":[137.379446,-4.660096]}},{"type":"Feature","properties":{"id":1877,"size":3.21,"time":"2024-01-03T00:27:50.522Z","class":"rock"},"geometry":{"type":"Point","coordinates":[137.363063,-4.667428]}},{"type":"Feature","properties":{"id":1878,"size":3.58,"time":"2024-01-25T20:35:39.702Z","class":"rock"},"geometry":{"type":"Point","coordinates":[137.37716,-4.675845]}},{"type":"Feature","properties":{"id":1879,"size":1.6800000000000002,"time":"2024-01-20T06:34:47.066Z","class":"rock"},"geometry":{"type":"Point","coordinates":[137.364728,-4.675018]}},{"type":"Feature","properties":{"id":1880,"size":5.9399999999999995,"time":"2024-01-08T06:55:14.971Z","class":"boulder"},"geometry":{"type":"Point","coordinates":[137.362638,-4.667344]}},{"type":"Feature","properties":{"id":1881,"size":0.23,"time":"2024-01-14T05:41:22.757Z","class":"rock"},"geometry":{"type":"Point","coordinates":[137.36232,-4.667789]}},{"type":"Feature","properties":{"id":1882,"size":2.92,"time":"2024-01-08T13:59:53.469Z","class":"rock"},"geometry":{"type":"Point","coordinates":[137.362515,-4.668428]}},{"type":"Feature","properties":{"id":1883,"size":0.29000000000000004,"time":"2024-01-14T01:36:53.276Z","class":"rock"},"geometry":{"type":"Point","coordinates":[137.362813,-4.667854]}},{"type":"Feature","properties":{"id":1884,"size":0.1,"time":"2024-01-28T09:53:12.862Z","class":"rock"},"geometry":{"type":"Point","coordinates":[137.363863,-4.668261]}},{"type":"Feature","properties":{"id":1885,"size":0.7,"time":"2024-01-14T10:36:55.853Z","class":"rock"},"geometry":{"type":"Point","coordinates":[137.372428,-4.676456]}},{"type":"Feature","properties":{"id":1886,"size":0.97,"time":"2024-01-23T13:42:55.756Z","class":"rock"},"geometry":{"type":"Point","coordinates":[137.361654,-4.669919]}},{"type":"Feature","properties":{"id":1887,"size":0.11,"time":"2024-01-02T00:57:59.187Z","class":"rock"},"geometry":{"type":"Point","coordinates":[137.373029,-4.665226]}},{"type":"Feature","properties":{"id":1888,"size":4.909999999999999,"time":"2024-01-15T11:53:36.651Z","class":"rock"},"geometry":{"type":"Point","coordinates":[137.360619,-4.671874]}},{"type":"Feature","properties":{"id":1889,"size":0.29000000000000004,"time":"2024-01-08T11:51:10.992Z","class":"rock"},"geometry":{"type":"Point","coordinates":[137.362955,-4.669503]}},{"type":"Feature","properties":{"id":1890,"size":6.569999999999999,"time":"2024-01-28T23:15:10.320Z","class":"boulder"},"geometry":{"type":"Point","coordinates":[137.379751,-4.669173]}},{"type":"Feature","properties":{"id":1891,"size":0.16,"time":"2024-01-10T11:26:30.200Z","class":"rock"},"geometry":{"type":"Point","coordinates":[137.379172,-4.668309]}},{"type":"Feature","properties":{"id":1892,"size":8.76,"time":"2024-01-25T22:24:13.416Z","class":"boulder"},"geometry":{"type":"Point","coordinates":[137.371366,-4.663648]}},{"type":"Feature","properties":{"id":1893,"size":0.1,"time":"2024-01-19T08:08:52.897Z","class":"rock"},"geometry":{"type":"Point","coordinates":[137.372513,-4.666665]}},{"type":"Feature","properties":{"id":1894,"size":0.13,"time":"2024-01-23T21:46:27.663Z","class":"rock"},"geometry":{"type":"Point","coordinates":[137.380762,-4.658371]}},{"type":"Feature","properties":{"id":1895,"size":0.66,"time":"2024-01-09T04:52:28.897Z","class":"rock"},"geometry":{"type":"Point","coordinates":[137.374345,-4.674264]}},{"type":"Feature","properties":{"id":1896,"size":7.68,"time":"2024-01-30T18:02:01.815Z","class":"boulder"},"geometry":{"type":"Point","coordinates":[137.364281,-4.668789]}},{"type":"Feature","properties":{"id":1897,"size":0.19,"time":"2024-01-22T12:18:41.994Z","class":"rock"},"geometry":{"type":"Point","coordinates":[137.362754,-4.667986]}},{"type":"Feature","properties":{"id":1898,"size":5.47,"time":"2024-01-19T11:11:00.650Z","class":"boulder"},"geometry":{"type":"Point","coordinates":[137.372442,-4.679384]}},{"type":"Feature","properties":{"id":1899,"size":0.14,"time":"2024-01-17T04:15:46.154Z","class":"rock"},"geometry":{"type":"Point","coordinates":[137.363789,-4.671329]}},{"type":"Feature","properties":{"id":1900,"size":0.1,"time":"2024-01-22T11:46:20.936Z","class":"rock"},"geometry":{"type":"Point","coordinates":[137.367403,-4.671995]}},{"type":"Feature","properties":{"id":1901,"size":4.56,"time":"2024-01-08T05:00:50.233Z","class":"rock"},"geometry":{"type":"Point","coordinates":[137.370622,-4.665137]}},{"type":"Feature","properties":{"id":1902,"size":6.1,"time":"2024-01-16T12:12:52.812Z","class":"boulder"},"geometry":{"type":"Point","coordinates":[137.3682,-4.660151]}},{"type":"Feature","properties":{"id":1903,"size":8.02,"time":"2024-01-13T18:41:13.962Z","class":"boulder"},"geometry":{"type":"Point","coordinates":[137.362841,-4.668815]}},{"type":"Feature","properties":{"id":1904,"size":0.17,"time":"2024-01-04T13:23:24.986Z","class":"rock"},"geometry":{"type":"Point","coordinates":[137.372798,-4.676999]}},{"type":"Feature","properties":{"id":1905,"size":9.31,"time":"2024-01-07T11:18:34.313Z","class":"boulder"},"geometry":{"type":"Point","coordinates":[137.377886,-4.659712]}},{"type":"Feature","properties":{"id":1906,"size":8.95,"time":"2024-01-20T20:19:16.318Z","class":"boulder"},"geometry":{"type":"Point","coordinates":[137.380798,-4.669958]}},{"type":"Feature","properties":{"id":1907,"size":0.7,"time":"2024-01-09T10:44:29.691Z","class":"rock"},"geometry":{"type":"Point","coordinates":[137.372289,-4.663355]}},{"type":"Feature","properties":{"id":1908,"size":2.24,"time":"2024-01-28T14:42:30.867Z","class":"rock"},"geometry":{"type":"Point","coordinates":[137.372025,-4.678861]}},{"type":"Feature","properties":{"id":1909,"size":4.29,"time":"2024-01-11T21:29:26.960Z","class":"rock"},"geometry":{"type":"Point","coordinates":[137.373133,-4.663516]}},{"type":"Feature","properties":{"id":1910,"size":0.54,"time":"2024-01-16T19:07:35.695Z","class":"rock"},"geometry":{"type":"Point","coordinates":[137.371654,-4.66465]}},{"type":"Feature","properties":{"id":1911,"size":6.52,"time":"2024-01-27T11:07:38.900Z","class":"boulder"},"geometry":{"type":"Point","coordinates":[137.372424,-4.663372]}},{"type":"Feature","properties":{"id":1912,"size":0.11,"time":"2024-01-12T07:18:18.457Z","class":"rock"},"geometry":{"type":"Point","coordinates":[137.374434,-4.677913]}},{"type":"Feature","properties":{"id":1913,"size":3.0100000000000002,"time":"2024-01-06T02:52:56.106Z","class":"rock"},"geometry":{"type":"Point","coordinates":[137.382538,-4.669423]}},{"type":"Feature","properties":{"id":1914,"size":1.7000000000000002,"time":"2024-01-03T06:17:36.515Z","class":"rock"},"geometry":{"type":"Point","coordinates":[137.379789,-4.670117]}},{"type":"Feature","properties":{"id":1915,"size":0.21000000000000002,"time":"2024-01-03T23:50:09.618Z","class":"rock"},"geometry":{"type":"Point","coordinates":[137.379248,-4.670128]}},{"type":"Feature","properties":{"id":1916,"size":5.449999999999999,"time":"2024-01-29T06:28:14.382Z","class":"boulder"},"geometry":{"type":"Point","coordinates":[137.374233,-4.676842]}},{"type":"Feature","properties":{"id":1917,"size":3.1,"time":"2024-01-28T20:33:37.448Z","class":"rock"},"geometry":{"type":"Point","coordinates":[137.361694,-4.673354]}},{"type":"Feature","properties":{"id":1918,"size":1.24,"time":"2024-01-08T20:37:49.600Z","class":"rock"},"geometry":{"type":"Point","coordinates":[137.376289,-4.66323]}},{"type":"Feature","properties":{"id":1919,"size":1.35,"time":"2024-01-19T22:33:42.332Z","class":"rock"},"geometry":{"type":"Point","coordinates":[137.36253,-4.668611]}},{"type":"Feature","properties":{"id":1920,"size":6.3,"time":"2024-01-29T15:13:13.125Z","class":"boulder"},"geometry":{"type":"Point","coordinates":[137.372164,-4.663529]}},{"type":"Feature","properties":{"id":1921,"size":6.06,"time":"2024-01-16T19:13:07.500Z","class":"boulder"},"geometry":{"type":"Point","coordinates":[137.380495,-4.668699]}},{"type":"Feature","properties":{"id":1922,"size":2.5,"time":"2024-01-10T23:20:48.600Z","class":"rock"},"geometry":{"type":"Point","coordinates":[137.378231,-4.666819]}},{"type":"Feature","properties":{"id":1923,"size":1.6600000000000001,"time":"2024-01-20T09:09:59.062Z","class":"rock"},"geometry":{"type":"Point","coordinates":[137.362963,-4.668133]}},{"type":"Feature","properties":{"id":1924,"size":10,"time":"2024-01-01T23:12:38.544Z","class":"boulder"},"geometry":{"type":"Point","coordinates":[137.373422,-4.662273]}},{"type":"Feature","properties":{"id":1925,"size":5.08,"time":"2024-01-23T23:12:39.834Z","class":"boulder"},"geometry":{"type":"Point","coordinates":[137.377839,-4.670066]}},{"type":"Feature","properties":{"id":1926,"size":4.739999999999999,"time":"2024-01-18T11:24:16.535Z","class":"rock"},"geometry":{"type":"Point","coordinates":[137.37902,-4.661935]}},{"type":"Feature","properties":{"id":1927,"size":0.97,"time":"2024-01-14T16:58:43.965Z","class":"rock"},"geometry":{"type":"Point","coordinates":[137.373082,-4.663856]}},{"type":"Feature","properties":{"id":1928,"size":0.14,"time":"2024-01-04T21:41:35.038Z","class":"rock"},"geometry":{"type":"Point","coordinates":[137.378636,-4.671421]}},{"type":"Feature","properties":{"id":1929,"size":6.359999999999999,"time":"2024-01-08T01:43:27.459Z","class":"boulder"},"geometry":{"type":"Point","coordinates":[137.376344,-4.668602]}},{"type":"Feature","properties":{"id":1930,"size":5.31,"time":"2024-01-09T16:43:11.418Z","class":"boulder"},"geometry":{"type":"Point","coordinates":[137.362334,-4.667409]}},{"type":"Feature","properties":{"id":1931,"size":0.17,"time":"2024-01-26T18:38:59.203Z","class":"rock"},"geometry":{"type":"Point","coordinates":[137.371242,-4.677175]}},{"type":"Feature","properties":{"id":1932,"size":0.2,"time":"2024-01-19T16:20:42.355Z","class":"rock"},"geometry":{"type":"Point","coordinates":[137.38062,-4.65834]}},{"type":"Feature","properties":{"id":1933,"size":3.61,"time":"2024-01-22T14:41:30.647Z","class":"rock"},"geometry":{"type":"Point","coordinates":[137.376738,-4.660673]}},{"type":"Feature","properties":{"id":1934,"size":2.37,"time":"2024-01-23T13:16:00.611Z","class":"rock"},"geometry":{"type":"Point","coordinates":[137.373701,-4.678136]}},{"type":"Feature","properties":{"id":1935,"size":0.12000000000000001,"time":"2024-01-12T08:47:36.931Z","class":"rock"},"geometry":{"type":"Point","coordinates":[137.364341,-4.668665]}},{"type":"Feature","properties":{"id":1936,"size":1.6300000000000001,"time":"2024-01-04T09:55:23.495Z","class":"rock"},"geometry":{"type":"Point","coordinates":[137.380077,-4.658226]}},{"type":"Feature","properties":{"id":1937,"size":0.1,"time":"2024-01-10T06:21:34.408Z","class":"rock"},"geometry":{"type":"Point","coordinates":[137.378547,-4.660832]}},{"type":"Feature","properties":{"id":1938,"size":0.44999999999999996,"time":"2024-01-07T06:42:21.065Z","class":"rock"},"geometry":{"type":"Point","coordinates":[137.370869,-4.666165]}},{"type":"Feature","properties":{"id":1939,"size":0.1,"time":"2024-01-29T11:36:47.749Z","class":"rock"},"geometry":{"type":"Point","coordinates":[137.37958,-4.657604]}},{"type":"Feature","properties":{"id":1940,"size":0.1,"time":"2024-01-15T20:21:09.427Z","class":"rock"},"geometry":{"type":"Point","coordinates":[137.363146,-4.668017]}},{"type":"Feature","properties":{"id":1941,"size":0.1,"time":"2024-01-07T18:04:53.022Z","class":"rock"},"geometry":{"type":"Point","coordinates":[137.368949,-4.669284]}},{"type":"Feature","properties":{"id":1942,"size":1.05,"time":"2024-01-16T07:23:32.318Z","class":"rock"},"geometry":{"type":"Point","coordinates":[137.372671,-4.67805]}},{"type":"Feature","properties":{"id":1943,"size":8.879999999999999,"time":"2024-01-30T20:29:42.809Z","class":"boulder"},"geometry":{"type":"Point","coordinates":[137.37169,-4.664416]}},{"type":"Feature","properties":{"id":1944,"size":0.97,"time":"2024-01-20T15:11:59.775Z","class":"rock"},"geometry":{"type":"Point","coordinates":[137.379344,-4.657371]}},{"type":"Feature","properties":{"id":1945,"size":0.1,"time":"2024-01-23T15:51:48.487Z","class":"rock"},"geometry":{"type":"Point","coordinates":[137.37324,-4.675246]}},{"type":"Feature","properties":{"id":1946,"size":0.99,"time":"2024-01-29T05:41:00.047Z","class":"rock"},"geometry":{"type":"Point","coordinates":[137.366033,-4.667665]}},{"type":"Feature","properties":{"id":1947,"size":2.79,"time":"2024-01-28T13:39:10.288Z","class":"rock"},"geometry":{"type":"Point","coordinates":[137.365177,-4.670637]}},{"type":"Feature","properties":{"id":1948,"size":0.82,"time":"2024-01-12T13:58:17.412Z","class":"rock"},"geometry":{"type":"Point","coordinates":[137.370411,-4.662889]}},{"type":"Feature","properties":{"id":1949,"size":8.639999999999999,"time":"2024-01-15T05:47:22.431Z","class":"boulder"},"geometry":{"type":"Point","coordinates":[137.373079,-4.664353]}},{"type":"Feature","properties":{"id":1950,"size":4.1,"time":"2024-01-10T05:14:29.340Z","class":"rock"},"geometry":{"type":"Point","coordinates":[137.373491,-4.675802]}},{"type":"Feature","properties":{"id":1951,"size":3.29,"time":"2024-01-17T23:13:33.045Z","class":"rock"},"geometry":{"type":"Point","coordinates":[137.375748,-4.661889]}},{"type":"Feature","properties":{"id":1952,"size":0.15000000000000002,"time":"2024-01-12T23:12:00.965Z","class":"rock"},"geometry":{"type":"Point","coordinates":[137.370724,-4.677609]}},{"type":"Feature","properties":{"id":1953,"size":0.83,"time":"2024-01-29T11:08:24.802Z","class":"rock"},"geometry":{"type":"Point","coordinates":[137.37431,-4.662632]}},{"type":"Feature","properties":{"id":1954,"size":4.89,"time":"2024-01-13T08:22:51.822Z","class":"rock"},"geometry":{"type":"Point","coordinates":[137.372592,-4.678235]}},{"type":"Feature","properties":{"id":1955,"size":1.6,"time":"2024-01-02T08:26:27.970Z","class":"rock"},"geometry":{"type":"Point","coordinates":[137.363321,-4.668153]}},{"type":"Feature","properties":{"id":1956,"size":1.35,"time":"2024-01-13T02:37:19.556Z","class":"rock"},"geometry":{"type":"Point","coordinates":[137.362297,-4.667742]}},{"type":"Feature","properties":{"id":1957,"size":8.87,"time":"2024-01-03T12:21:41.191Z","class":"boulder"},"geometry":{"type":"Point","coordinates":[137.360984,-4.677979]}},{"type":"Feature","properties":{"id":1958,"size":2.4,"time":"2024-01-14T18:16:11.853Z","class":"rock"},"geometry":{"type":"Point","coordinates":[137.383383,-4.669041]}},{"type":"Feature","properties":{"id":1959,"size":3.68,"time":"2024-01-20T07:23:38.020Z","class":"rock"},"geometry":{"type":"Point","coordinates":[137.372847,-4.665586]}},{"type":"Feature","properties":{"id":1960,"size":7.489999999999999,"time":"2024-01-07T19:15:36.088Z","class":"boulder"},"geometry":{"type":"Point","coordinates":[137.379921,-4.659504]}},{"type":"Feature","properties":{"id":1961,"size":4.39,"time":"2024-01-15T18:10:28.988Z","class":"rock"},"geometry":{"type":"Point","coordinates":[137.370057,-4.67716]}},{"type":"Feature","properties":{"id":1962,"size":8.41,"time":"2024-01-28T13:17:53.336Z","class":"boulder"},"geometry":{"type":"Point","coordinates":[137.372665,-4.661793]}},{"type":"Feature","properties":{"id":1963,"size":2.62,"time":"2024-01-21T23:02:31.868Z","class":"rock"},"geometry":{"type":"Point","coordinates":[137.364304,-4.670804]}},{"type":"Feature","properties":{"id":1964,"size":2.17,"time":"2024-01-26T09:13:11.326Z","class":"rock"},"geometry":{"type":"Point","coordinates":[137.362025,-4.662893]}},{"type":"Feature","properties":{"id":1965,"size":0.16,"time":"2024-01-16T09:26:04.243Z","class":"rock"},"geometry":{"type":"Point","coordinates":[137.36557,-4.675245]}},{"type":"Feature","properties":{"id":1966,"size":4.34,"time":"2024-01-08T19:23:46.917Z","class":"rock"},"geometry":{"type":"Point","coordinates":[137.373233,-4.669374]}},{"type":"Feature","properties":{"id":1967,"size":0.1,"time":"2024-01-28T21:33:06.211Z","class":"rock"},"geometry":{"type":"Point","coordinates":[137.379852,-4.672254]}},{"type":"Feature","properties":{"id":1968,"size":0.30000000000000004,"time":"2024-01-01T11:04:16.768Z","class":"rock"},"geometry":{"type":"Point","coordinates":[137.362284,-4.67032]}},{"type":"Feature","properties":{"id":1969,"size":1.4300000000000002,"time":"2024-01-25T13:41:42.686Z","class":"rock"},"geometry":{"type":"Point","coordinates":[137.368969,-4.673784]}},{"type":"Feature","properties":{"id":1970,"size":0.11,"time":"2024-01-09T16:49:27.715Z","class":"rock"},"geometry":{"type":"Point","coordinates":[137.361301,-4.670279]}},{"type":"Feature","properties":{"id":1971,"size":2.1,"time":"2024-01-04T22:31:58.375Z","class":"rock"},"geometry":{"type":"Point","coordinates":[137.362898,-4.66893]}},{"type":"Feature","properties":{"id":1972,"size":2.14,"time":"2024-01-07T01:35:26.578Z","class":"rock"},"geometry":{"type":"Point","coordinates":[137.374545,-4.680404]}},{"type":"Feature","properties":{"id":1973,"size":6.43,"time":"2024-01-09T10:41:58.322Z","class":"boulder"},"geometry":{"type":"Point","coordinates":[137.381164,-4.65863]}},{"type":"Feature","properties":{"id":1974,"size":9.2,"time":"2024-01-26T17:52:06.953Z","class":"boulder"},"geometry":{"type":"Point","coordinates":[137.362854,-4.670043]}},{"type":"Feature","properties":{"id":1975,"size":3.46,"time":"2024-01-07T11:26:39.508Z","class":"rock"},"geometry":{"type":"Point","coordinates":[137.370658,-4.663818]}},{"type":"Feature","properties":{"id":1976,"size":5.739999999999999,"time":"2024-01-20T10:58:03.417Z","class":"boulder"},"geometry":{"type":"Point","coordinates":[137.364064,-4.668218]}},{"type":"Feature","properties":{"id":1977,"size":0.11,"time":"2024-01-25T04:40:51.916Z","class":"rock"},"geometry":{"type":"Point","coordinates":[137.369019,-4.667655]}},{"type":"Feature","properties":{"id":1978,"size":5.5,"time":"2024-01-01T12:34:37.179Z","class":"boulder"},"geometry":{"type":"Point","coordinates":[137.363128,-4.666662]}},{"type":"Feature","properties":{"id":1979,"size":0.59,"time":"2024-01-05T18:37:45.583Z","class":"rock"},"geometry":{"type":"Point","coordinates":[137.378006,-4.663917]}},{"type":"Feature","properties":{"id":1980,"size":0.89,"time":"2024-01-19T21:09:55.646Z","class":"rock"},"geometry":{"type":"Point","coordinates":[137.380301,-4.659755]}},{"type":"Feature","properties":{"id":1981,"size":9.549999999999999,"time":"2024-01-11T07:30:46.276Z","class":"boulder"},"geometry":{"type":"Point","coordinates":[137.362798,-4.670678]}},{"type":"Feature","properties":{"id":1982,"size":0.94,"time":"2024-01-25T06:55:42.442Z","class":"rock"},"geometry":{"type":"Point","coordinates":[137.362341,-4.667699]}},{"type":"Feature","properties":{"id":1983,"size":1.07,"time":"2024-01-08T03:34:47.833Z","class":"rock"},"geometry":{"type":"Point","coordinates":[137.372436,-4.662797]}},{"type":"Feature","properties":{"id":1984,"size":2.99,"time":"2024-01-25T01:06:15.646Z","class":"rock"},"geometry":{"type":"Point","coordinates":[137.379399,-4.658989]}},{"type":"Feature","properties":{"id":1985,"size":0.1,"time":"2024-01-12T00:37:38.415Z","class":"rock"},"geometry":{"type":"Point","coordinates":[137.367414,-4.672127]}},{"type":"Feature","properties":{"id":1986,"size":1.7200000000000002,"time":"2024-01-26T10:57:03.716Z","class":"rock"},"geometry":{"type":"Point","coordinates":[137.362284,-4.669532]}},{"type":"Feature","properties":{"id":1987,"size":5.33,"time":"2024-01-09T16:32:22.277Z","class":"boulder"},"geometry":{"type":"Point","coordinates":[137.380574,-4.659628]}},{"type":"Feature","properties":{"id":1988,"size":0.13,"time":"2024-01-19T03:39:54.719Z","class":"rock"},"geometry":{"type":"Point","coordinates":[137.371499,-4.663764]}},{"type":"Feature","properties":{"id":1989,"size":0.12000000000000001,"time":"2024-01-05T08:12:22.243Z","class":"rock"},"geometry":{"type":"Point","coordinates":[137.364732,-4.667839]}},{"type":"Feature","properties":{"id":1990,"size":0.78,"time":"2024-01-27T14:06:57.078Z","class":"rock"},"geometry":{"type":"Point","coordinates":[137.361351,-4.662874]}},{"type":"Feature","properties":{"id":1991,"size":0.11,"time":"2024-01-30T05:04:03.387Z","class":"rock"},"geometry":{"type":"Point","coordinates":[137.369239,-4.662792]}},{"type":"Feature","properties":{"id":1992,"size":0.45999999999999996,"time":"2024-01-05T04:44:45.642Z","class":"rock"},"geometry":{"type":"Point","coordinates":[137.372008,-4.664073]}},{"type":"Feature","properties":{"id":1993,"size":6.33,"time":"2024-01-07T13:10:07.827Z","class":"boulder"},"geometry":{"type":"Point","coordinates":[137.362486,-4.668689]}},{"type":"Feature","properties":{"id":1994,"size":1.49,"time":"2024-01-18T22:24:17.211Z","class":"rock"},"geometry":{"type":"Point","coordinates":[137.375425,-4.677642]}},{"type":"Feature","properties":{"id":1995,"size":5.47,"time":"2024-01-06T05:33:47.980Z","class":"boulder"},"geometry":{"type":"Point","coordinates":[137.379785,-4.66468]}},{"type":"Feature","properties":{"id":1996,"size":4.319999999999999,"time":"2024-01-16T13:54:01.006Z","class":"rock"},"geometry":{"type":"Point","coordinates":[137.378996,-4.67229]}},{"type":"Feature","properties":{"id":1997,"size":0.44999999999999996,"time":"2024-01-02T06:52:11.724Z","class":"rock"},"geometry":{"type":"Point","coordinates":[137.3808,-4.658103]}},{"type":"Feature","properties":{"id":1998,"size":3.41,"time":"2024-01-22T23:05:09.223Z","class":"rock"},"geometry":{"type":"Point","coordinates":[137.363778,-4.66803]}},{"type":"Feature","properties":{"id":1999,"size":0.11,"time":"2024-01-15T19:08:34.641Z","class":"rock"},"geometry":{"type":"Point","coordinates":[137.374526,-4.667881]}}]}